0.0025917739,0.0035351664
0.005100161,0.0024721995
0.0066889226,0.002741702
0.008502334,0.0022810325
0.010704488,0.0020577982
0.012720376,0.0016362891
0.014628887,0.0018124059
0.016650692,0.001033105
0.018452764,0.0007926896
0.019892544,0.001197204
0.021837384,0.0018964782
0.02434811,0.0006886199
0.025839806,0.00056187063
0.027899742,0.0003894344
0.029697955,5.19529e-05
0.031770438,0.00015674531
0.03394541,-0.0005011484
0.035927802,-0.00014860183
0.038026124,-0.00070969015
0.039912105,-0.00089698285
0.041030496,0.0008100495
0.044151306,-0.0013533905
0.045880362,-0.0012810603
0.048012853,-0.0011744276
0.049578786,-0.0012030378
0.05136305,-0.0012202635
0.053411096,-0.0012040511
0.055230588,-0.0010999814
0.057409585,-0.0011665598
0.059016183,-0.001205422
0.06098336,2.077967e-05
0.06329945,-0.0013496876
0.06499249,-0.001047194
0.0668658,-0.00087396055
0.06847617,-0.00094538927
0.07056296,-0.00087764114
0.07331051,-0.0011085346
0.07471034,-0.0007492155
0.076799795,-0.001025565
0.07913017,-0.00082405657
0.080372095,0.0003478378
0.08311087,-0.00093024224
0.08488691,-0.00082857907
0.08706741,-0.000917919
0.08869611,-0.0008160323
0.091268405,-0.0010400191
0.093010426,-0.000890933
0.09454747,-0.0010412335
0.09672463,-0.0009803325
0.09935958,-0.0009329319
0.100294486,0.0005264953
0.10301481,-0.00094460696
0.10490991,-0.0009105876
0.1071165,-0.00082919
0.109512284,-0.0009340048
0.11131933,-0.0006423071
0.11358084,-0.00073353946
0.11563474,-0.0008848682
0.11731918,-0.0009763539
0.11940707,-0.0008111745
0.12120636,0.0005306974
0.12338579,-0.0007567629
0.12547398,-0.0009364784
0.12687844,-0.00066268444
0.1294484,-0.00068251044
0.13145885,-0.0009879619
0.1333233,-0.0006842613
0.13526423,-0.0011235178
0.13699254,-0.0004804805
0.13909508,-0.00072205067
0.14052612,0.0007355511
0.14355658,-0.0007035583
0.1454505,-0.0007282272
0.14704895,-0.00051594526
0.14954808,-0.00067266077
0.15192136,-0.0009530559
0.1534372,-0.00041425973
0.15525444,-0.0007075146
0.15760872,-0.0004484579
0.1596191,-0.0008823946
0.16098186,0.0009851009
0.16391617,-0.001083672
0.1655666,-0.00060441345
0.16770892,-0.00063247234
0.16985536,-0.00050059706
0.17221926,-0.0006425157
0.17413983,-0.00063608587
0.17630132,-0.0008234903
0.17822713,-0.000991948
0.17999035,-0.0004396811
0.1821669,0.001206018
0.18436825,-0.00050557405
0.18608335,-0.00016611814
0.18792585,-2.5644898e-05
0.19005361,-0.00039877743
0.19192454,6.3575804e-05
0.19372293,2.411753e-05
0.19573912,0.00043480843
0.1979379,0.00039963424
0.19972597,0.000527747
0.20163147,0.0021049157
0.2038553,0.0007922426
0.20570725,0.0011690855
0.20805961,0.0007435754
0.20982379,0.0011474565
0.21153906,0.0012522116
0.213714,0.0013121665
0.21578686,0.0015165061
0.21819545,0.0011635274
0.21995893,0.0014198273
0.2217387,0.0021726042
0.22409102,0.0010423213
0.22594176,0.0011198893
0.22775286,0.0009608865
0.2302149,0.0006499961
0.2324439,0.00073155016
0.23426011,0.00051339716
0.23660235,0.0004570186
0.2387281,0.0005906224
0.24065974,0.00012100488
0.24185959,0.0014772788
0.24493209,0.00011051446
0.2466335,0.000297226
0.24908799,-0.00014976412
0.25062132,-0.00030355155
0.25284728,-0.00014856458
0.25496614,-0.0006990582
0.25675064,-0.000221394
0.25942755,-0.000507243
0.26102048,-0.00050149113
0.2629931,0.00064293295
0.26591152,-0.0005046055
0.26754084,-0.0008265525
0.26996297,-0.001223214
0.2721429,-0.0009309277
0.2737587,-0.001135692
0.27605408,-0.0013305098
0.27782267,-0.0011224821
0.27974886,-0.00087127835
0.28191307,-0.0012006611
0.28311378,0.00011280179
0.28557044,-0.0008356273
0.28754663,-0.00088412315
0.2892061,-0.0008126348
0.29101,-0.0011026263
0.29295743,-0.0010213032
0.29448566,-0.00078912824
0.29690018,-0.0005393401
0.29911754,-0.00076209754
0.3004534,-0.0009955391
0.30211046,0.0002587512
0.3045714,-0.0007149428
0.30639738,-0.00070705265
0.30833787,-0.00064272434
0.31037867,-0.00032299012
0.31243816,-0.00041738153
0.31400943,-0.00032085925
0.31623885,-0.00069803745
0.31771335,-0.00029930472
0.31974822,-0.0008632466
0.32150978,0.00060305744
0.32367986,-0.00030251592
0.32580933,-0.00021317601
0.32764292,-0.00044623762
0.32973194,-2.6650727e-05
0.33152652,-0.00033750385
0.33357018,-0.0002727732
0.33539897,-0.00030521303
0.33762887,-0.0005171746
0.3396201,-3.3952296e-05
0.34087515,0.00033782423
0.34373248,-0.00044225156
0.3455682,-4.7259033e-05
0.34729227,-0.00017970055
0.3493653,-0.0003060326
0.35110664,-3.809482e-05
0.3530671,-8.196384e-05
0.3550087,-0.0004159212
0.35723922,-0.00026747584
0.35953566,-0.00025694817
0.36075768,0.00039557368
0.3632338,-0.00010175258
0.36494648,-0.0005255267
0.3667278,-0.00022277981
0.36910692,-0.00022441894
0.37085313,0.00014479458
0.37293637,-0.0001802817
0.37512082,3.27155e-05
0.3768532,-0.00016584992
0.37923002,-0.00017854571
0.38083476,0.00042723864
0.3834682,-8.958578e-05
0.385434,-0.00013644993
0.3869251,-0.00037223846
0.38921967,0.00017026812
0.39072844,4.1894615e-05
0.39285868,-0.00035628676
0.39511412,-0.0003824383
0.3965276,-0.0001404658
0.3989897,-0.00033056736
0.40096077,0.00017563254
0.4033312,9.856373e-05
0.4053812,-0.0002521947
0.40738085,-8.805841e-05
0.40933248,-0.0001578331
0.4111333,-0.00012758374
0.4134184,-0.00012708455
0.41576964,-0.00029287487
0.4172959,-0.0004837811
0.41900963,-0.00027041882
0.4208285,0.00029179454
0.42364332,-0.000512518
0.42576814,-0.00056013465
0.42774755,-0.00013569742
0.4296457,-0.0002745986
0.43174082,-0.00065506995
0.43361813,-0.0005924776
0.43609858,-0.00043229014
0.43807805,-0.00027454644
0.43994087,-0.00039315224
0.44187254,1.1622906e-05
0.44393533,-0.00060331076
0.4464048,-0.00012467057
0.44833958,-0.00068762153
0.45034063,-0.0006820336
0.4523368,-0.00067871064
0.45429966,-0.000812836
0.45668617,-0.00072646886
0.45835137,-0.0006308481
0.46056435,-0.0008559376
0.46264896,-0.0005357489
0.4647426,-0.0009981245
0.46696115,-0.0008833036
0.46866384,-0.00085971504
0.47128028,-0.00052752346
0.47323567,-0.0011444241
0.47479063,-0.0011375174
0.47707093,-0.0010045543
0.47939616,-0.00097005814
0.48170245,-0.0010748953
0.48323083,-0.00087565184
0.48527008,-0.0009825006
0.48746362,-0.0008256957
0.48908177,-0.0008056089
0.49126244,-0.00074249506
0.49297374,-0.0006034821
0.49511573,-0.00077831
0.49701655,-0.0010146797
0.49907485,-0.00047758222
0.50087935,-0.00078041106
0.5025662,-0.00038270652
0.50502026,-0.00080468506
0.5067313,-0.0005202815
0.50865644,-0.00024253875
0.51075655,-0.00058651716
0.51226556,-0.00037945807
0.5141844,-0.00037582964
0.51671827,-0.00064997375
0.51872337,-0.00047124177
0.5204288,-0.0005804822
0.5224221,0.00021979958
0.5239758,-0.00018178672
0.5262099,-0.00040899962
0.528247,-1.6257167e-05
0.5303825,0.00021136552
0.5324884,-0.00020519644
0.53416044,1.2725592e-05
0.5360689,-1.6011298e-05
0.5379664,9.261072e-06
0.5403467,-0.000121854246
0.54216504,0.00012733787
0.54372287,0.00017753243
0.54582953,5.249679e-05
0.5480442,0.00033370405
0.5499709,0.00022963434
0.5520381,-3.103912e-05
0.5538538,-0.00013682991
0.55574095,0.00041618943
0.5577178,8.214265e-05
0.5596584,-0.00017926842
0.56205326,0.0002933815
0.56360686,0.00037852675
0.56557924,3.2521784e-05
0.56796944,0.00056503713
0.5695612,0.00043079257
0.57150656,0.00035897642
0.5737991,0.0005502179
0.5758885,0.0002611503
0.577719,0.00047852844
0.57937,0.00029297918
0.5816157,0.00024000555
0.5833601,0.00037406385
0.58555955,0.0004491359
0.58752316,0.0003932789
0.58927846,0.0001533702
0.59137475,-4.5999885e-05
0.5935035,0.0003280118
0.5957918,0.00019548088
0.5978082,0.00033012033
0.59935856,0.0005179122
0.60171497,0.0006300956
0.6035836,0.00049701333
0.6053687,0.000250265
0.60730803,0.0003219694
0.60919654,0.00037949532
0.6112624,0.0006021708
0.61347306,0.0003832057
0.6152703,0.00041213632
0.6175967,0.0004253015
0.61961854,0.00054294616
0.6216009,0.00060416013
0.6233209,0.00059562176
0.6252844,0.00029924512
0.62731194,0.00048997253
0.62958705,0.0005805418
0.6315059,0.00021746755
0.63303035,0.0003136173
0.63547665,0.0004975349
0.63755697,0.0003349781
0.6399245,0.00016186386
0.6420224,0.00016424805
0.6435367,0.0001674965
0.64574933,9.7207725e-05
0.6474503,0.00022064894
0.64922166,0.00020072609
0.6516868,0.00021431595
0.6534286,0.0004024729
0.655747,8.378178e-05
0.6573717,0.00032462925
0.6594498,0.00015996397
0.6618705,-6.882101e-05
0.66377515,0.00014746934
0.6658014,0.00044881552
0.66809034,0.00024413317
0.66971934,0.00029541552
0.6717706,-0.00012578815
0.6737428,0.0005369112
0.67570424,0.0003111437
0.67753553,3.9465725e-05
0.6798663,0.000127621
0.68214804,0.00020670146
0.68362784,0.00032921135
0.68598515,0.00034809113
0.6879201,0.00033394992
0.6896396,7.265061e-05
0.6919186,3.0100346e-06
0.6940686,0.00036915392
0.6961853,5.4456294e-05
0.6980213,0.00018586963
0.69972515,2.8185546e-05
0.701945,-0.00016256422
0.7035673,0.0002315864
0.7062525,0.00017222762
0.7080755,3.708899e-05
0.70999223,0.00023301691
0.71185553,-3.812462e-05
0.71347547,-0.00012687594
0.7160396,-7.1413815e-05
0.7180871,0.00014564395
0.7199116,-0.00016264617
0.7220849,-0.00018813461
0.72417754,-0.00020808727
0.72578496,-0.00015943497
0.7283365,2.207607e-05
0.7300722,-0.0004176721
0.73175853,-0.00032982975
0.73389983,-0.00029970706
0.73603106,-0.0005175173
0.73767495,-0.00013946742
0.7402067,-0.00024285913
0.7422199,-0.00032307953
0.7444899,-0.0003511086
0.7465663,-0.00030786544
0.7481483,-0.00038919598
0.7501946,-0.00027781725
0.7523166,-0.00054522604
0.7539167,-0.00019723177
0.7557772,-0.0004554391
0.75796103,-0.0005303174
0.75991523,-0.00033821166
0.7629352,-0.00048679858
0.7646117,-0.00031659007
0.7662224,-0.00044121593
0.7686153,-0.0005438179
0.7704672,-0.000660643
0.7723304,-0.00066919625
0.7743619,-0.0006916672
0.77630454,-0.0004332438
0.778884,-0.0005610287
0.7803145,-0.00038087368
0.782345,-0.00075726956
0.78397155,-0.00060752034
0.7864325,-0.00061085075
0.7885072,-0.000840202
0.7902096,-0.0006839931
0.7923929,-0.0009763688
0.79458594,-0.00064937025
0.7966657,-0.00066687167
0.7982676,-0.0010304451
0.80020756,-0.00077332556
0.8026575,-0.0009827912
0.80469906,-0.00091163814
0.80638087,-0.001130484
0.8084692,-0.0009929985
0.8100426,-0.0009762794
0.8123735,-0.00081641227
0.8144057,-0.0012630522
0.8161218,-0.0010886416
0.8181217,-0.000772886
0.82049024,-0.0010611936
0.82266605,-0.001168184
0.82465327,-0.000800401
0.82634723,-0.00094682723
0.82842445,-0.00087843835
0.83088887,-0.0010784268
0.8328726,-0.0008162707
0.8345698,-0.0008680001
0.8367852,-0.0010411516
0.839201,-0.0007321313
0.8411305,-0.00083027035
0.8430517,-0.0009423718
0.84467185,-0.0010245293
0.8469558,-0.0005035922
0.8490534,-0.000932008
0.8511226,-0.0008364916
0.8531591,-0.00061326474
0.8548746,-0.0007812679
0.85721517,-0.0003624633
0.85886323,-0.00090352446
0.8610406,-0.0008646697
0.8633668,-0.00082297623
0.8650642,-0.00029620528
0.86688334,-0.0005859509
0.8695218,-0.0005599484
0.8708479,-0.0009771213
0.87307096,-0.00060416013
0.87511814,-0.0007664263
0.8768809,-0.0008235648
0.8790755,-0.0005718842
0.8811252,-0.0005328357
0.88266194,-0.0006371662
0.88507783,-0.0006851107
0.88704133,-0.00042822212
0.88909495,-0.0006517917
0.8910317,-0.00038110465
0.89287794,-0.0007603541
0.8951101,-0.00048449636
0.8969933,-0.00027762353
0.8992493,-0.00034302473
0.9012938,-0.0006513372
0.9031147,-0.00040747225
0.9051398,-0.00038518012
0.90692174,-0.00019398332
0.9089947,-0.00059785694
0.91075647,-0.00023227185
0.9127244,-0.0005574301
0.9149916,-0.0005015135
0.91711557,-0.00021605194
0.91884696,-0.0003658682
0.9207673,-0.00020041317
0.92303336,-0.00039051473
0.92471147,-0.00010147691
0.9266679,-0.0005188659
0.92856807,-0.00012836605
0.93045104,-0.0002809018
0.9324765,-0.00064932555
0.9347936,-0.00034869462
0.9367625,-1.0482967e-05
0.93878376,-1.0877848e-06
0.94082785,-0.00012686849
0.9423112,-0.00013284385
0.9448892,-7.274002e-05
0.9462855,-0.00020355731
0.9483826,-0.00038332492
0.9506651,-2.6769936e-05
0.9526996,-0.00023000687
0.9542148,-0.00028989464
0.95585537,-0.00043834
0.9577134,-0.00027912855
0.96010697,-0.00027995557
0.9619547,0.00020681322
0.9640187,0.00017012656
0.9662286,-3.2126904e-05
0.967612,1.6719103e-05
0.9692459,-0.0003290698
0.9718453,0.00016844273
0.97367924,-8.108467e-05
0.97564024,-0.00015998632
0.9775134,-0.00023876876
0.978739,-0.00012201071
0.9809453,0.00016794354
0.98368204,0.00026304275
0.9852874,6.5013766e-05
0.98714733,0.0003280565
0.98914045,0.00048244745
0.99125373,0.0010175034
0.99224436,0.0011891052
0.99523115,0.0016662106
0.99657965,0.0020784587
0.9978938,0.002096109
0.9984633,0.0038837865
0.99882257,0.0056855604
0.9990406,0.0070841685
0.99927855,0.008976795
0.9992037,0.010952212
0.99967957,0.01254344
0.99960035,0.013910577
0.99948794,0.015896328
0.9998383,0.017489545
0.9997694,0.019186966
0.99963045,0.02038695
1.000164,0.02284325
1.0004991,0.024984479
1.0003221,0.02638147
1.0007583,0.02818928
1.0005391,0.03061232
1.0007229,0.032702886
1.000617,0.034488887
1.0006222,0.03692808
1.0006753,0.038405746
1.0003996,0.039891355
1.0005507,0.04257831
1.0006429,0.044779636
1.0006545,0.046822138
1.0007548,0.048834994
1.0008061,0.050676472
1.0005991,0.051995188
1.0007391,0.05450193
1.0005418,0.056584023
1.000636,0.058505
1.000499,0.060707316
1.0007503,0.06324941
1.0005646,0.06536992
1.0005398,0.06698204
1.0005598,0.06868174
1.0006618,0.071198955
1.0004642,0.07332936
1.0005331,0.07606925
1.0004458,0.07680392
1.0002917,0.07951232
1.0000862,0.08092741
1.0003816,0.08391743
1.0004199,0.08585354
1.0001564,0.087480135
1.0001521,0.089359514
1.0003442,0.09123323
1.0003104,0.09293295
1.0003432,0.09523987
1.0002074,0.09726657
1.0003401,0.09941662
1.0003585,0.1008839
1.0002542,0.10315957
1.00032,0.105916165
1.0003933,0.107365236
1.0004008,0.10907086
1.0001142,0.11162378
1.0004866,0.11382502
1.0004363,0.11499849
1.0000403,0.11739747
1.0003939,0.11957432
0.9999062,0.12047248
1.0003026,0.124123655
1.0003266,0.12587169
1.0004016,0.12741801
1.0003678,0.12942505
1.0001439,0.13154995
1.0005393,0.13362606
1.0003705,0.13563177
1.0000842,0.13719705
1.0003067,0.13972789
1.0001068,0.1401864
0.99985766,0.14307153
1.0002624,0.14492518
1.0001177,0.14785597
1.000396,0.14918484
1.0001074,0.1516419
1.0000707,0.15374744
1.0002587,0.15568891
1.0001729,0.15793285
1.0000077,0.15916368
1.0002213,0.16110644
0.9999014,0.1639345
0.9998605,0.16568325
1.0000428,0.1672673
0.9999388,0.16951855
0.9997343,0.17131975
1.0002506,0.17318371
0.9999839,0.17577055
0.9999816,0.17755643
0.9997922,0.17957911
1.0002427,0.18131396
0.99996936,0.18361574
1.0001343,0.18592077
0.99985915,0.18787354
0.9998032,0.1900287
1.000145,0.19143392
1.0002961,0.1940783
0.99976176,0.19567153
1.000065,0.19774942
0.99981594,0.19961172
0.99994856,0.20106786
0.999753,0.20376486
1.0000033,0.20619446
1.0001554,0.20876598
0.9999627,0.21024528
0.9997982,0.21214736
1.0002308,0.21432042
1.000106,0.21663857
1.0000485,0.21898809
1.000178,0.22068611
1.0001876,0.2221806
0.99991834,0.22487225
1.0002782,0.22697042
1.0003815,0.22864977
1.0000902,0.23043737
1.0001097,0.2323181
1.0001632,0.23452276
1.0001397,0.23642302
1.0002174,0.23924807
1.0000796,0.24114385
1.0002375,0.24209568
0.9998808,0.24477252
1.0001508,0.24611583
1.0002613,0.24884856
1.0001223,0.25025755
0.99983877,0.2522342
1.000056,0.2545962
0.99990875,0.2561018
0.9999232,0.25797603
0.99997056,0.2598502
1.000179,0.26149085
0.9999591,0.2641854
0.99970436,0.2659853
0.99992883,0.26846945
0.9999512,0.2701783
1.0002242,0.27233237
1.000247,0.2739947
1.0000894,0.27595735
1.000122,0.27777478
0.9998448,0.27991548
1.000217,0.28116804
0.99980104,0.28356564
0.999919,0.2861479
1.0001485,0.28802067
1.0001082,0.29007107
0.9999049,0.29175225
1.00029,0.2938725
1.000163,0.29570425
0.9998714,0.29772064
1.0000716,0.29949307
1.0004029,0.30112943
1.0002677,0.30377534
1.000393,0.30586445
1.0002254,0.30784157
1.0002899,0.30941337
1.0001678,0.31116772
1.0001323,0.31318012
1.0003631,0.31521857
1.0001281,0.31790414
1.0004246,0.31953427
1.0005608,0.32120153
1.0000411,0.3235746
1.0003163,0.3257491
1.0005352,0.327445
1.0006143,0.32963264
1.0001348,0.33122802
1.0003464,0.33330718
1.0006828,0.33566326
1.0005767,0.33742553
1.000658,0.33939174
1.000914,0.34119394
1.0003204,0.34359476
1.0006948,0.34495404
1.0007299,0.3477365
1.0004872,0.34983328
1.0006742,0.35191044
1.0006733,0.35373077
1.0008241,0.3561966
1.0009263,0.3579657
1.0008976,0.36026642
1.0012852,0.3616281
1.0008976,0.36349502
1.0010811,0.36546907
1.0008757,0.3671683
1.0011964,0.36985675
1.0011916,0.37181866
1.0008534,0.3737113
1.0008686,0.3760564
1.0007181,0.3775633
1.0008162,0.37912378
1.0013325,0.38151518
1.0005274,0.38351312
1.0009419,0.3856025
1.0007015,0.387339
1.0004288,0.38971356
1.0007007,0.3917138
1.0006771,0.39338648
1.0004308,0.39495724
1.0005304,0.39777607
1.0006201,0.3995151
1.0008821,0.4017998
1.0002503,0.40357947
1.0002782,0.40555078
1.0003482,0.4075028
1.0001023,0.40991178
1.000115,0.4110675
1.0001745,0.41323203
1.0001038,0.41559887
1.000287,0.41726452
1.0000507,0.4195508
1.000739,0.4216889
0.99982405,0.42350322
0.9999743,0.42566606
1.0001513,0.42711905
0.99985886,0.42959726
1.0001096,0.4312519
0.9998438,0.4336744
0.99974585,0.43505713
0.9997176,0.43721235
1.0000283,0.43972152
1.000287,0.4418964
0.9994724,0.44317934
0.99985933,0.44536823
1.0000172,0.44714224
0.999629,0.44941637
0.99978006,0.45164526
0.99983454,0.45341426
1.0000632,0.45570368
0.9995468,0.45744005
0.9997765,0.459341
1.0000813,0.4620911
0.9996513,0.46333316
0.9994787,0.46546674
0.99977905,0.46716905
0.9998263,0.4695866
0.9995884,0.4714166
0.9994384,0.4732305
0.9997567,0.47521815
0.9997278,0.4775593
0.9997332,0.4791878
1.0002418,0.48188597
0.9993172,0.4836183
0.9998129,0.48571858
0.9996812,0.48713297
0.9994825,0.489089
0.9995649,0.49127406
0.9997854,0.49331525
0.9993716,0.49533105
0.9995668,0.4978034
0.99973786,0.49975228
1.0002757,0.5024569
0.9993764,0.50378853
0.99983597,0.50545967
0.99967384,0.50754535
0.9997009,0.509755
0.99984384,0.5120299
0.9996922,0.5137961
0.9998896,0.51577854
0.99970764,0.51794815
0.9998341,0.51947945
1.000263,0.5225436
0.99967694,0.52367014
1.0000384,0.52595145
0.9999179,0.5275348
0.9998454,0.5296082
0.99970126,0.53182745
1.0001075,0.5336492
0.9996797,0.5355091
0.9998146,0.5377884
1.0000252,0.53935224
1.0007215,0.5429438
0.9999675,0.5435566
1.000016,0.54606795
1.0002079,0.5475008
1.000243,0.5501581
1.0001198,0.55172676
0.99999565,0.55375093
0.99997824,0.55534285
1.0001352,0.557605
1.0002761,0.55931205
1.0008508,0.5629194
1.0002079,0.5634929
1.0006258,0.5656447
1.0005199,0.56790864
1.0003473,0.5697986
1.0005145,0.57169116
1.0003232,0.573471
1.0006366,0.57555455
1.0006475,0.5781898
1.000613,0.5799199
1.0013933,0.58309156
1.000761,0.5832281
1.0006443,0.5856568
1.0007577,0.5877286
1.0010911,0.589742
1.0006816,0.5919464
1.000475,0.59343773
1.0007458,0.59602475
1.0007381,0.5974721
1.0003366,0.6000434
1.0010478,0.60350263
1.0006735,0.60411936
1.0005916,0.60633427
1.0004027,0.6076805
1.0003043,0.6104738
1.0002304,0.6125594
1.0004728,0.61415184
1.0002215,0.6161969
1.0001345,0.6180979
1.000295,0.6205169
1.0003928,0.62392867
1.000096,0.62426865
1.0001147,0.6269239
1.0001599,0.6282728
1.0003777,0.6305967
1.0000937,0.632627
1.0000596,0.6340779
0.99985343,0.63664293
0.99996173,0.63908577
0.99976283,0.64047855
1.0002596,0.6446432
0.9998449,0.6446301
1.0000826,0.64650345
0.9997813,0.64881873
0.9999316,0.65023804
0.99986774,0.6524539
0.9999009,0.6540589
0.9999289,0.6568367
0.9997488,0.6584829
1.0000178,0.6603759
1.0001779,0.6640489
0.99980587,0.66418743
0.9998795,0.66629195
0.9998981,0.6685629
0.99983174,0.670597
0.9999862,0.6726746
0.99977946,0.67503077
0.9997092,0.67727864
0.9998783,0.67878413
0.9998481,0.6805715
1.0000788,0.6846473
0.9996666,0.6848344
0.99952734,0.68691105
0.9998393,0.689064
0.99962866,0.6912195
0.99983543,0.6926429
0.9995625,0.6951425
0.99990344,0.69678473
0.99976176,0.69891274
1.0000358,0.7007427
0.99993277,0.70413744
0.99977297,0.70466673
0.9999533,0.7069174
0.9996428,0.7089081
0.9997772,0.7113723
1.0001106,0.71293324
0.9998731,0.71491134
1.0000752,0.7164742
1.0001647,0.71858984
0.9997461,0.7204892
1.0001345,0.7239959
1.0000865,0.7246125
1.0001185,0.72700125
1.0002319,0.72881484
0.9999025,0.73038006
1.0000031,0.73236793
1.0003643,0.7347492
1.000124,0.7361706
1.0000193,0.73861957
1.0000883,0.7409929
1.0001856,0.7443019
1.0001723,0.7446321
1.0003667,0.745994
1.0003886,0.74780905
1.0005594,0.7501902
1.0005945,0.75259876
1.0002545,0.7543116
1.0005947,0.75569963
1.0006429,0.75848997
1.0006138,0.76022196
1.00035,0.7629725
1.0006802,0.76430345
1.0007082,0.7654748
1.0008467,0.76742077
1.000802,0.7697701
1.0006863,0.7722436
1.0007848,0.7739428
1.001034,0.77502745
1.0010712,0.7771667
1.0008903,0.77937764
1.0008988,0.78255606
1.0010462,0.78343946
1.0011008,0.78571737
1.0011619,0.7877759
1.0012649,0.7890742
1.001346,0.79076
1.0014791,0.79307926
1.0011402,0.7947837
1.0015774,0.79679704
1.0016296,0.79876995
1.001233,0.80174375
1.0015545,0.8026544
1.001846,0.80494976
1.0018357,0.80644983
1.0019339,0.8081213
1.0021279,0.8100505
1.0018762,0.8119801
1.0020323,0.8145523
1.0023639,0.81586313
1.0021094,0.8181218
1.0014726,0.82124376
1.0019808,0.82193214
1.0019149,0.8246467
1.0019379,0.82613397
1.001879,0.8290194
1.0015907,0.8307831
1.0014031,0.83381927
1.0014145,0.8353427
1.0012805,0.8379353
1.0017478,0.83901125
1.0006763,0.8419015
1.0008419,0.8441419
1.0013376,0.84568006
1.0009513,0.848326
1.0012108,0.850309
1.0013413,0.85172886
1.0011461,0.8543284
1.0008566,0.8560207
1.0009555,0.85807633
1.0007923,0.8610058
1.0004897,0.862911
1.0009494,0.86472356
1.0006745,0.8668945
1.0009677,0.8691672
1.0007458,0.8707936
1.0005697,0.873142
1.0008266,0.8748039
1.0004926,0.8774425
1.0005862,0.8793659
1.0003006,0.8811145
0.9999177,0.8830282
1.0002347,0.88586533
1.0004126,0.88687897
1.000459,0.8896462
1.0003966,0.89118826
1.0001317,0.8939689
1.0003245,0.8957237
1.0005331,0.89770055
1.0003831,0.899227
1.0000906,0.9016804
0.9996511,0.90315485
0.99997574,0.90643394
1.0000441,0.90763384
1.000332,0.9092667
1.000005,0.9119266
1.000321,0.9129694
1.0000229,0.91573054
1.0002854,0.91769665
1.0001976,0.9195023
1.0003077,0.92125225
0.9995123,0.9227494
0.99977076,0.9254613
1.000044,0.9278418
1.0001962,0.929201
1.0003144,0.9307139
1.0002502,0.932894
0.99990493,0.9348628
1.0003436,0.93659866
1.0001986,0.93913656
1.0002794,0.94070905
0.99899846,0.94209766
0.9999357,0.94524646
1.0002415,0.94646263
1.0002037,0.94836664
1.0001048,0.95100045
1.0003805,0.95248723
1.00063,0.95407695
1.0002463,0.9560772
1.0003879,0.95767105
1.0003737,0.9593969
0.9990969,0.96068394
0.99947774,0.96431625
1.00013,0.9651556
1.0001994,0.9675088
0.999907,0.9695641
0.99939096,0.9717009
0.99938774,0.9737415
0.99920064,0.9760084
0.9997266,0.97696686
0.9991991,0.979097
0.9979149,0.9800638
0.999277,0.98270786
0.9990957,0.98454285
0.99928904,0.9863956
0.9985875,0.98849106
0.99851686,0.9903872
0.9985919,0.9922297
0.99899244,0.9931921
0.9981937,0.99610674
0.9986975,0.9977009
0.9958156,0.99603117
0.99460256,0.99811345
0.9935381,0.99707395
0.9919829,0.9976459
0.98928154,0.9983259
0.9877596,0.99833226
0.98562783,0.9980383
0.98346233,0.99886894
0.9815558,0.99875677
0.9799948,0.9989877
0.9769823,0.9971119
0.9761082,0.9985925
0.9738041,0.99888206
0.97254634,0.9983781
0.97049624,0.99887323
0.9681239,0.9991045
0.96657956,0.9988785
0.9645351,0.9992556
0.9621202,0.9997913
0.96013856,0.99983513
0.95803684,0.997846
0.9565626,0.99926543
0.95442957,0.99950945
0.95259535,0.9994214
0.95031714,0.99979645
0.94870424,0.9997188
0.9465937,0.99984396
0.94419897,1.0001105
0.9429011,0.99963045
0.94079316,0.9997537
0.937931,0.99854946
0.9367542,0.9999367
0.9347938,1.0003191
0.9325925,1.0008093
0.9308027,1.0004289
0.92856723,1.0008876
0.9264102,1.0007921
0.9251776,0.9998702
0.9231244,1.00044
0.921075,1.0006064
0.91861975,0.9984606
0.91657215,1.0008705
0.91492707,1.000153
0.9128252,1.0006238
0.91109276,1.000237
0.9088122,1.0004047
0.9064156,1.0007249
0.90481305,1.0008177
0.9028542,1.0001303
0.90109944,1.0001731
0.89830905,0.99935305
0.89611125,1.0010179
0.89451337,1.0013437
0.8929583,1.0004547
0.89050865,1.0010222
0.8889485,1.0007659
0.8867711,1.00067
0.8846456,1.0009338
0.8824276,1.0011117
0.88043517,1.0014269
0.8790703,0.99967456
0.8760466,1.0013038
0.87439024,1.0011942
0.8725486,1.0009946
0.87046444,1.0011411
0.86808777,1.0013028
0.8663272,1.0009202
0.86470604,1.0013852
0.8621395,1.0017015
0.8601836,1.0012753
0.8584907,1.0000335
0.85634446,1.0013455
0.8545258,1.0007439
0.85224664,1.0009435
0.85003823,1.0014651
0.8485643,1.0007182
0.8462723,1.0008864
0.84447753,1.0007482
0.84213173,1.000938
0.8399488,1.0014791
0.83867645,0.9997336
0.8362571,1.0011137
0.83462614,1.0009235
0.8320474,1.0014329
0.8300536,1.0014124
0.8283606,1.0005662
0.8258927,1.0015111
0.8245937,1.0007555
0.8219881,1.0010557
0.8201358,1.0013044
0.81850266,1.0003808
0.8155639,1.00161
0.81449294,1.0008498
0.81243134,1.0008984
0.8100534,1.0012558
0.8081606,1.0010872
0.80631286,1.0004033
0.80384034,1.0010004
0.8024759,1.0007534
0.8004147,1.0008512
0.79893845,1.0000858
0.7955395,1.0008494
0.7942724,1.0009034
0.7914681,1.0012457
0.79007816,1.0008328
0.78830975,1.0005052
0.78569764,1.0008994
0.783736,1.0010824
0.78228146,1.0008976
0.7803066,1.0010196
0.7784525,1.0002426
0.77556944,1.0012419
0.7739429,1.0013814
0.7721713,1.0003839
0.76958525,1.0013766
0.76790476,1.0010864
0.76580685,1.000669
0.7638891,1.0008303
0.76194775,1.0011538
0.7599773,1.0006148
0.75865215,1.0001704
0.75607586,1.0004803
0.75416625,1.0007557
0.75152194,1.0011249
0.74976015,1.001127
0.74765944,1.0009067
0.7458514,1.0009408
0.74395883,1.0009243
0.7422464,1.0004383
0.7399926,1.0005515
0.73852813,1.0006506
0.7358768,1.0004398
0.7340841,1.0005072
0.73183316,1.0006897
0.72970074,1.00069
0.7282657,1.000172
0.7259809,1.0006889
0.72371805,1.000592
0.7219366,1.0007284
0.7202165,1.0003026
0.71847504,1.0005394
0.7156822,1.0003093
0.71436244,1.0002657
0.7123125,1.0000085
0.70982575,1.0000635
0.7085078,1.0002564
0.7065342,0.9995996
0.7043029,0.9996853
0.7019274,1.0002708
0.70028645,1.000428
0.699327,0.9998261
0.69628114,1.0003798
0.694207,0.99996126
0.6927506,0.9998758
0.69025266,1.0000799
0.6882769,1.0003489
0.6864659,0.99966633
0.6845124,1.0001866
0.6829783,0.9992379
0.68101656,0.99934757
0.6788528,0.9998671
0.67629683,0.99958813
0.67432344,1.0001582
0.67232156,0.99982476
0.670314,1.0002158
0.6685177,1.0000899
0.66633177,0.9999496
0.66389656,1.0000207
0.662498,0.9995674
0.6604725,0.99987966
0.6586879,0.9998562
0.6561225,0.99959975
0.65427816,0.9998466
0.65222,0.9997014
0.64992344,1.0002098
0.6478522,0.99985224
0.6454682,1.0001894
0.6437531,1.000332
0.6418297,1.000176
0.6393508,1.0002713
0.6380278,1.0006326
0.6356205,0.99985427
0.63356656,0.99966204
0.6314756,1.00014
0.6294013,1.0004566
0.62740815,1.0004891
0.6252236,1.0006113
0.62349045,0.99958074
0.62139857,0.9997854
0.61933166,1.0002017
0.6178287,1.0005732
0.6156365,0.9997536
0.61303186,1.0005156
0.61124,1.0000774
0.6089131,1.0004534
0.60752994,1.0002904
0.60519695,1.0003289
0.6033995,0.9997844
0.60153496,1.0001153
0.599429,0.9996002
0.5977646,1.0008523
0.5951887,1.0002445
0.5935445,1.0001531
0.59160703,1.000173
0.5891111,1.0002915
0.58754885,0.9999379
0.5856304,1.0002359
0.5833294,0.99999225
0.58121693,1.0005391
0.57918775,1.0005481
0.57748324,1.0008816
0.5757167,0.99960375
0.5733163,1.0000036
0.57153356,1.0001197
0.56963074,1.0001547
0.5672995,1.0000973
0.5654424,1.0000082
0.5637598,1.0001512
0.5618622,1.0005461
0.5596023,1.0000473
0.55728483,1.0007913
0.55607164,0.9998474
0.5541165,0.9996648
0.552243,0.9995759
0.5503664,1.0002416
0.5481703,0.9997085
0.54583,0.9998211
0.544284,1.0000958
0.54212457,1.0002526
0.5404886,0.99985814
0.5382743,1.0006454
0.5362831,1.0002294
0.5343154,1.0001171
0.5330361,0.99937963
0.5307682,1.0003399
0.5286348,1.0003209
0.52703863,1.0001268
0.5247886,1.0000129
0.5230756,0.9994488
0.521169,0.99994886
0.51882946,1.0004781
0.51731336,1.0003287
0.51528025,0.9997695
0.51340485,0.99990004
0.51150304,1.0001559
0.5096979,1.0000738
0.5075361,0.99984396
0.5050593,0.9999018
0.50354564,0.99962175
0.5009245,1.0000464
0.49891332,1.0002743
0.4970086,0.9997614
0.49502254,0.9995682
0.4926826,0.99986434
0.49020123,1.0001061
0.48895332,0.9997666
0.4864115,0.9998256
0.48467758,1.0000969
0.4825029,0.99993515
0.47989982,1.0000995
0.4775066,1.0011045
0.47636673,1.0001454
0.4742454,1.0001732
0.47179934,0.9997864
0.46959937,1.0002332
0.46815836,1.0000314
0.4654053,1.0002533
0.4639467,0.99989915
0.46118498,1.000224
0.45937824,1.0000573
0.4573685,1.0008824
0.4555617,1.0004468
0.45357168,1.0002975
0.4517259,1.0002973
0.4494656,0.99979305
0.4473459,1.0003624
0.44565135,1.0004034
0.44283876,1.0003611
0.44141686,1.000104
0.4388989,1.000238
0.43673298,1.0007163
0.43516362,1.0003341
0.4331286,1.0001799
0.43111724,1.0000532
0.4290252,1.000258
0.42728025,1.0003244
0.42572382,1.0004917
0.4232508,1.0004004
0.42147356,1.0002304
0.41924977,1.0006925
0.41676238,1.001077
0.41492096,1.0002555
0.4134212,0.99980587
0.41140604,0.99995065
0.4091252,1.0004172
0.40760583,1.0006691
0.40560287,1.0005295
0.40328705,1.0001007
0.40154156,1.0003664
0.39949727,0.9998553
0.39718595,1.0010161
0.39585024,1.0007008
0.3936073,1.0007524
0.39181316,0.99976176
0.39001858,0.99987316
0.3878111,0.9998983
0.38628504,1.0000994
0.38465923,1.0002174
0.38249514,0.9997992
0.38063943,1.0001887
0.378012,1.0001434
0.37663966,0.9997591
0.37478846,1.0001692
0.3729161,0.99989045
0.37097055,1.0002353
0.36913323,0.99978256
0.36649662,0.99993086
0.36484993,0.9997783
0.36265075,1.0000988
0.3605488,1.000557
0.3581913,1.0005887
0.3564796,1.0002401
0.35436484,1.0006777
0.35257137,1.0003132
0.35028774,1.0007367
0.34819794,1.0004532
0.3460158,1.000087
0.34378928,1.0006562
0.34213027,1.0009104
0.3403071,1.0004942
0.33713323,1.0002916
0.33569103,1.0006998
0.33380878,1.0002285
0.33139548,1.0008105
0.32973376,1.000285
0.3279287,1.0002506
0.3256883,1.0003594
0.323591,1.0009283
0.3213901,1.0010573
0.31984162,1.0007313
0.3171377,1.000641
0.3154783,1.0006992
0.31364542,1.0007694
0.3117529,1.0007198
0.30954272,1.0009389
0.30759048,1.0007223
0.3058883,1.0007887
0.30370975,1.0005693
0.3019827,1.0007614
0.29960778,1.001435
0.29701877,1.000873
0.29575086,1.0008494
0.29395455,1.0005425
0.29198372,1.0007778
0.28971487,1.0010026
0.28740415,1.0008602
0.28571242,1.0001415
0.28357244,1.0009453
0.28197414,1.0008789
0.27948022,1.000791
0.27753174,1.0004281
0.2759171,1.0002139
0.2735971,1.0008092
0.27218524,1.0002983
0.2698555,1.000701
0.26819593,1.0008553
0.2660844,1.0003331
0.2637825,1.0005207
0.262291,1.0006542
0.26040655,1.0003351
0.25764146,1.0002595
0.25626886,0.9999814
0.2544089,1.0003628
0.2524547,1.0004841
0.25062817,0.99989545
0.24837135,1.0004522
0.24632177,0.9998417
0.2438348,1.0003916
0.2419563,1.0005219
0.23976333,0.99995613
0.23761147,0.999598
0.23580514,0.9998652
0.23370148,0.9997207
0.23168334,1.0003017
0.22958785,1.0008589
0.22791038,1.0001553
0.22532511,1.0005763
0.2235285,1.0002351
0.22152199,1.0008222
0.21932325,1.0008903
0.21721323,0.9995008
0.21560568,1.0003759
0.213043,1.0003701
0.21098505,1.0003024
0.2092362,1.0008239
0.20737557,1.0006479
0.20542958,1.0002881
0.20336893,1.0002803
0.20139965,1.0004491
0.19928974,1.0003586
0.19727343,0.9994918
0.19513616,1.0005766
0.19349095,0.99994904
0.19149311,1.0000125
0.18940352,1.0007017
0.18739118,0.9996377
0.18566906,1.0001149
0.18365991,0.9999816
0.18176857,0.9999314
0.17984246,1.0002568
0.17757267,0.99912965
0.1757167,1.0002372
0.174293,1.0000563
0.17185515,1.0001103
0.17008556,0.9996352
0.16803528,0.99968517
0.16644801,0.99980235
0.16451281,0.99950963
0.16178054,0.9998535
0.1605244,0.99991953
0.15890889,0.99921167
0.1555665,1.0000648
0.15362824,1.0000361
0.15156683,0.9998975
0.14991012,1.0004721
0.14787823,1.000447
0.14584175,1.0009193
0.14370644,1.0007956
0.14156884,1.0004954
0.1398557,1.0005969
0.13860777,0.99916863
0.13597947,1.0008466
0.13357836,1.0005132
0.13152461,1.0009464
0.1294154,1.0010582
0.12739213,1.0007969
0.1253722,1.0009707
0.12319735,1.0007937
0.12136361,1.000645
0.11914371,1.0012368
0.11813967,0.99939674
0.11565071,1.0010139
0.1127079,1.0009825
0.110783026,1.0011716
0.10848355,1.0006989
0.10696581,1.0011647
0.1047274,1.00127
0.102529645,1.0011743
0.09980291,1.0009781
0.09803139,1.000897
0.0974669,0.9992701
0.09414272,1.0016274
0.09189466,1.0009408
0.08997333,1.0011954
0.08781695,1.0012934
0.08563386,1.0008626
0.083033316,1.0011247
0.081237346,1.000951
0.07943441,1.0011687
0.0776404,1.001675
0.07690619,0.9993462
0.07385799,1.0011507
0.07163292,1.0018154
0.06963216,1.0010061
0.067588195,1.0011864
0.06555253,1.0011543
0.06312825,1.0012255
0.06119977,1.0013493
0.059800595,1.0012069
0.057787,1.0010047
0.05782485,0.9992921
0.05408761,1.0014465
0.052053124,1.0010197
0.050206423,1.0011324
0.04835877,1.0009549
0.046235517,1.0011287
0.044657826,1.0009369
0.042525053,1.0009921
0.04026188,1.0005165
0.03854063,1.0006018
0.038892776,0.9987769
0.03515391,1.0007126
0.033386603,1.0004704
0.031849623,1.0005778
0.02971676,1.000542
0.027646452,1.0002217
0.026586205,1.0001273
0.024101734,0.99958813
0.022557065,1.0000632
0.021120876,0.9996787
0.021520972,0.9973834
0.017625272,0.99983007
0.015907586,0.9993975
0.013708472,0.99926484
0.012395114,0.9991468
0.010523453,0.998925
0.008796155,0.9985024
0.0076052397,0.9985831
0.005959183,0.99868166
0.0038410723,0.9979572
0.006257847,0.9949841
0.0033445358,0.9953884
0.002785787,0.99347323
0.0026359856,0.9917777
0.00218302,0.9902948
0.0016824305,0.9877478
0.0024272352,0.98639995
0.0018086731,0.9841329
0.0019651651,0.98255205
0.0013545752,0.9803591
0.0036183149,0.9763707
0.0015134215,0.9766389
0.0008007735,0.9746789
0.0009749085,0.9726663
0.00033923984,0.9707482
0.0010954142,0.9691675
0.00036770105,0.96730554
0.00038649142,0.9646709
0.00032681227,0.963249
-0.00019824505,0.9610603
0.002350077,0.9573864
5.3286552e-05,0.95668566
-7.95722e-05,0.95517683
-0.00023983419,0.9526658
-0.00039224327,0.9504984
-0.0003914535,0.94917494
-0.000559181,0.94658613
-0.00060997903,0.9449642
-0.0005081743,0.94282794
-0.00029489398,0.9412072
0.00077192485,0.93754846
-0.0005823076,0.93643427
-0.0008378178,0.9345248
-0.0011776239,0.9324641
-0.0010272712,0.9306262
-0.0010846406,0.9282934
-0.0009685755,0.92635167
-0.0012529343,0.92422116
-0.001091525,0.9225484
-0.00068458915,0.92037225
0.0001308024,0.91758406
-0.0013640076,0.91579044
-0.0013354123,0.91417015
-0.0009408593,0.9124485
-0.001557067,0.9100229
-0.0011417866,0.9081831
-0.0010368675,0.90644765
-0.00094646215,0.90410376
-0.0011509955,0.9020244
-0.0015265346,0.90051204
-0.0002452731,0.8981986
-0.0010467768,0.89692175
-0.0011807084,0.89480174
-0.0011956841,0.89263785
-0.001107946,0.8902868
-0.0011604428,0.8880195
-0.0012128353,0.8867549
-0.001137048,0.8844981
-0.001211524,0.8825616
-0.0008071363,0.88058543
-0.00079628825,0.878556
-0.0010495931,0.87645704
-0.00086165965,0.87418646
-0.0010144413,0.87287843
-0.00077429414,0.87077427
-0.0008665323,0.8688996
-0.0007156879,0.8666736
-0.00043474138,0.8643821
-0.00077325106,0.8628844
-0.0006183684,0.8605913
-0.0003504604,0.858565
-0.0006713122,0.85675174
-0.00092062354,0.8548238
7.674098e-06,0.85270476
-0.0006854683,0.8508526
-0.00073061883,0.8486099
-0.0003503412,0.8461191
-0.00024832785,0.844597
3.8936734e-05,0.84271073
0.0002578795,0.84061205
-0.0003248155,0.8389777
1.5124679e-05,0.8368999
-0.00017185509,0.8347056
0.00013044477,0.8330119
6.572902e-05,0.83045995
-7.4356794e-05,0.82860863
-0.00026099384,0.826316
-0.00019913912,0.824614
-0.00028131902,0.8225005
-0.0003078878,0.8206332
-0.0005642623,0.8193473
6.571412e-05,0.8164709
0.0002168119,0.8143629
-8.279085e-05,0.8127418
-0.00023445487,0.80989933
-0.0003734231,0.8080784
-0.0001257062,0.80599177
-0.00016580522,0.8043909
-0.000117212534,0.80209
-0.00026218593,0.800357
-0.0007494837,0.79860085
0.00037284195,0.79605097
0.000341177,0.7939891
-0.00024485588,0.79224396
-0.0003604591,0.78995776
-0.00016868114,0.7879279
-6.069243e-05,0.7863347
-0.00012531877,0.78443813
-0.00057417154,0.78243184
-4.0099025e-05,0.7806229
-0.00092990696,0.7791358
-0.00064848363,0.7764871
-0.00060233474,0.7742362
0.0001232475,0.77243626
-0.00029543042,0.7701589
-0.00038275123,0.76853746
-0.00018081069,0.76628715
-0.00044725835,0.76458895
-0.00024034083,0.76249886
-0.00036080182,0.7602498
-0.0013742,0.75921285
-0.000329718,0.75602186
-0.00021067262,0.7540496
-6.7934394e-05,0.7522385
-0.0003272891,0.750275
-0.00029484928,0.7478327
4.5657158e-05,0.7461591
-0.000689432,0.74449146
-0.0005120784,0.74205893
-0.00078088045,0.7399404
-0.0011498332,0.7385452
-0.0005762279,0.73633313
-0.00061672926,0.7337237
-0.00026793778,0.73193336
0.00022417307,0.72981995
-0.00042259693,0.7278296
-3.0055642e-05,0.7256535
-0.00085003674,0.7239604
-0.00062276423,0.72175944
-0.00046244264,0.7197663
-0.0020552278,0.7187588
-0.000567019,0.7162328
-0.00041505694,0.7138176
-0.000792712,0.7123181
-0.00023281574,0.7101243
-0.00058716536,0.7081119
-0.00041343272,0.7064283
-0.0002476722,0.70443445
-0.0008865893,0.70217663
-0.0002554655,0.7004425
-0.0015639961,0.6987641
-0.00016340613,0.6965878
-0.0008317083,0.6943744
-0.0006712526,0.69258213
-0.00062404573,0.69037545
-0.00047281384,0.6885177
-2.3841858e-07,0.6865515
-0.0005865991,0.6843087
-0.00029698014,0.68257934
-0.000709787,0.6803424
-0.0013636947,0.6785784
-0.000978902,0.6764878
-0.00068582594,0.67413855
-0.00081539154,0.6725199
-0.00076143444,0.6705215
-0.00042502582,0.6682894
-0.00078321993,0.66674507
-0.0002553165,0.6644509
-0.0005815774,0.66237605
-0.0009871125,0.6605532
-0.0011372417,0.65874696
-0.00046773255,0.6564313
-0.000311777,0.65455747
-0.0005455762,0.6522875
-0.00053459406,0.6502865
-0.00065003335,0.6480271
7.18534e-05,0.6461909
-0.0003901869,0.64409024
-0.0008010566,0.6424136
-0.0005592406,0.64024943
-0.0015031695,0.6382984
-0.00020384789,0.63602996
-0.00031606853,0.6340646
-0.0004865229,0.6321696
-0.00025114417,0.6300229
-0.00016583502,0.62807286
-0.0005437732,0.6262533
-0.00072184205,0.62429965
-0.0005913228,0.6221277
-0.0006381273,0.620006
-0.001635775,0.6185439
2.0220876e-05,0.6163456
-0.00027608871,0.61423886
8.46982e-05,0.61225
-0.0003799945,0.61036634
6.210804e-05,0.60838175
-0.0004567057,0.6063035
-0.00056773424,0.604592
-0.00059840083,0.60218
-0.00012890995,0.6003619
-0.0015193373,0.59828734
-0.00017724931,0.5964515
-0.00039245188,0.59449077
-0.00039806962,0.5926108
-0.00043945014,0.5905301
-0.000681296,0.5884944
-0.0003861934,0.58655554
-0.00038543344,0.5847089
-0.00038583577,0.58272934
-0.0003645271,0.5802055
-0.0018780082,0.57810587
-0.00053671,0.5765639
-2.1159649e-05,0.5742478
0.00014650822,0.5724405
-0.00043192506,0.57061803
5.698204e-05,0.5683121
-0.00058606267,0.5665396
-2.43932e-05,0.5646522
-9.763241e-05,0.56226283
-0.00027109683,0.560569
-0.00093120337,0.55791306
8.198619e-05,0.5564201
2.6836991e-05,0.5543341
-0.00042304397,0.5526345
-0.00016887486,0.5505776
0.00050896406,0.5483712
-0.00048413873,0.5464812
-9.2461705e-05,0.5443352
9.524822e-05,0.5422645
-0.00043532252,0.5402723
-0.0007482618,0.5373199
-0.0005057752,0.5366498
-0.00013914704,0.5341269
-0.00012791157,0.53274536
0.00019022822,0.5304081
0.00011694431,0.52834153
-0.00063593686,0.52658916
0.00032827258,0.52455294
-0.00023546815,0.5224887
-0.00032110512,0.52033746
-0.001282081,0.51725155
-7.897615e-06,0.5164661
0.0001052022,0.51414716
0.00019657612,0.5125445
-0.00040705502,0.5102423
5.1170588e-05,0.5080959
-0.00027614832,0.50652623
0.00011828542,0.5044184
-0.0005494356,0.5023166
-4.0739775e-05,0.5004811
-0.0005363375,0.49675563
-0.00013165176,0.49667573
8.676946e-05,0.4945501
-0.00020886958,0.49226576
7.107854e-05,0.490189
-0.00023950636,0.48803693
-0.0005661696,0.48630938
-0.0003888756,0.48431993
-0.00017128885,0.48240742
-6.468594e-05,0.48047328
-0.00044366717,0.4766507
-0.00029978156,0.47615355
0.0002297908,0.47386724
0.00019195676,0.47195113
0.00022020936,0.46995538
2.6524067e-05,0.46780267
8.1032515e-05,0.46637
0.0003412962,0.46398944
-0.00015200675,0.4624402
0.00021199882,0.45986176
-0.00031653047,0.45665312
-0.0002810657,0.45604175
-0.0006685257,0.454326
0.00033162534,0.45207345
0.0003695786,0.45001274
-0.00014312565,0.44827807
0.00011327863,0.44619668
0.00038856268,0.44418305
6.0513616e-05,0.44187248
-2.6255846e-05,0.44006044
-0.0006673932,0.43657595
0.0001590848,0.43582124
0.0002619177,0.43400812
-8.9243054e-05,0.43184894
0.00010037422,0.43000042
-0.00047250092,0.42850685
-0.00019410253,0.4258634
0.00043311715,0.4239474
-0.00010725856,0.42195553
-0.0004094243,0.42046982
-0.0001064688,0.41608924
1.5735626e-05,0.41595364
-0.00013244152,0.41424245
-0.00043299794,0.41230422
-0.0005299896,0.41022974
-0.000114396214,0.4080459
-0.00071814656,0.4062892
-0.00082808733,0.40442318
-3.4987926e-05,0.40205818
-0.00096169114,0.40034264
-0.00041356683,0.39603782
-0.00022897124,0.39609423
-0.0005297959,0.3938644
-0.00068849325,0.39202797
-0.00083079934,0.3904053
-0.00078716874,0.38803953
-0.0009614527,0.38622272
-0.00048413873,0.38422528
-0.0006778836,0.38259375
-0.0005452335,0.38010746
0.000218153,0.37582445
-0.00086952746,0.37593424
-0.00079888105,0.37406594
-0.0009252131,0.3716411
-0.0012221932,0.3700376
-0.0010911226,0.36837676
-0.0008691251,0.36643034
-0.0005106628,0.36436498
-0.0008338094,0.3623547
-0.0009780675,0.36000678
3.3050776e-05,0.3557724
-0.00025185943,0.3561171
-0.00062054396,0.35435212
-0.00036926568,0.35180378
-0.0007670224,0.35033688
-0.00077190995,0.34819713
-0.0001218766,0.3458701
-0.00086945295,0.34422162
-0.00040842593,0.3420321
0.00013250113,0.34007776
0.00010509789,0.3361501
-0.00049844384,0.3360498
0.0001398921,0.33398807
6.605685e-05,0.332086
-2.2426248e-05,0.3300973
-0.00042799115,0.32821995
-0.00040082633,0.32641324
-1.3202429e-05,0.32451665
0.00012202561,0.32224962
-6.355345e-05,0.32038763
0.0007507801,0.3158401
-0.00056886673,0.31646532
0.00023525953,0.31431752
-9.903312e-05,0.3122921
0.0004826635,0.31043044
-0.00024294853,0.30849743
-0.000113755465,0.30679852
-4.1276217e-06,0.3045376
4.130602e-05,0.3030394
-0.00023438036,0.3011004
0.0009613186,0.29615685
0.00041605532,0.2968023
1.9669533e-05,0.29481688
2.0638108e-05,0.292642
0.00012151897,0.29088014
0.00014041364,0.28913233
-1.771748e-05,0.28653932
2.5898218e-05,0.28456664
-0.00022163987,0.28278676
0.0002887249,0.280527
0.0010890663,0.27604878
0.00021584332,0.27624178
0.00013440847,0.2744972
0.000227049,0.27259627
0.0004863441,0.27000886
0.00036931038,0.26810864
9.435415e-05,0.26625538
-9.8884106e-05,0.26437503
0.00042304397,0.26174515
-5.1677227e-05,0.26036718
0.0012844652,0.25572187
0.0005225241,0.2560595
0.00012502074,0.25409412
0.0002785921,0.2522429
0.0003106594,0.24967861
5.507469e-05,0.24802908
9.059906e-05,0.24586287
0.00016590953,0.24393767
0.00020606816,0.24144685
9.974837e-05,0.23971912
0.0014286041,0.2357516
0.0003810078,0.23563385
0.00047582388,0.23338589
0.00040319562,0.23184648
0.0006304234,0.22942352
9.936094e-05,0.227468
-4.142523e-06,0.22583157
0.0003131926,0.22360712
0.00010868907,0.22142506
0.00012488663,0.21990672
0.0010543168,0.21590906
0.00012882054,0.21570104
-5.4478645e-05,0.21333335
0.00040361285,0.21139082
1.5571713e-05,0.20949285
-9.4786286e-05,0.20745039
-0.00026863813,0.20566678
-0.00023022294,0.20356765
0.00012305379,0.20167962
-0.0004415363,0.19968855
0.0011087507,0.19637614
6.887317e-05,0.19562525
-0.00028780103,0.19406994
-0.00012126565,0.19207156
-0.00012820959,0.1898689
-0.0003091246,0.18790296
-0.00048527122,0.1858482
-0.00020243227,0.18414223
0.0002901852,0.18181688
-0.0006967485,0.18039596
0.0010785311,0.17626354
-0.00013683736,0.1759093
-0.0007427633,0.17423117
-0.0005366504,0.17264579
-0.00040178,0.17066038
-0.00036764145,0.16807717
-0.00039041042,0.16659294
-0.00050747395,0.1646348
-0.00029820204,0.16250813
-0.00015728176,0.16041231
0.0004145056,0.1575454
-0.00080263615,0.15691495
-0.00070410967,0.15475395
-0.00035440922,0.15264404
-0.0010263622,0.15118352
-0.0009876937,0.14896627
-0.0007420927,0.14706883
-0.00083470345,0.14507726
-0.00075498223,0.14299373
-0.00097212195,0.14129244
-0.00030501187,0.13902743
-0.0006996691,0.13750418
-0.0014688373,0.13598189
-0.0013559759,0.13392937
-0.0007331073,0.13137491
-0.0008676499,0.13001761
-0.0009050667,0.12725799
-0.0009460002,0.12548849
-0.0006401837,0.12291302
-0.00063094497,0.12073174
0.00029586256,0.11821454
-0.0006015599,0.11671526
-0.0010658205,0.115029186
-0.00057041645,0.112945974
-0.0005879849,0.11087269
-0.0006545037,0.108577035
-0.00047506392,0.105995916
-0.00037145615,0.1038825
-0.00016233325,0.10188903
-0.00012266636,0.09954448
0.00020542741,0.09759305
9.870529e-05,0.095272385
7.492304e-05,0.09340965
-0.00032784045,0.09141131
-0.00018441677,0.089591995
0.00012795627,0.087288305
-0.0002271831,0.08560576
-0.00044894218,0.08316683
-0.00010544062,0.081431404
-0.00010307133,0.0794079
-2.1472573e-05,0.07728785
0.000107854605,0.07451231
-2.3916364e-05,0.07317462
1.4901161e-06,0.071409896
0.00019963086,0.068681896
0.0002245158,0.0668289
-0.00035363436,0.06506051
0.00024454296,0.06316067
3.349781e-05,0.060798373
2.0563602e-05,0.05903216
0.00045225024,0.057252042
0.0006618202,0.05439818
9.7081065e-05,0.052837618
0.0005388558,0.050439537
0.0005814582,0.048338033
0.00041005015,0.04663703
-0.000101685524,0.044952057
0.00018322468,0.043164857
0.0006106049,0.040671907
0.00071901083,0.0387135
0.00045904517,0.037512593
0.00055775046,0.034757145
0.0004349947,0.03283427
0.0009520948,0.031166665
0.00053596497,0.029384576
0.0008814633,0.027244955
0.0007393062,0.025285259
0.0013110638,0.023187555
0.0012194514,0.021359935
0.00079384446,0.01961901
0.00059486926,0.018365882
0.0013779253,0.01531823
0.0012792349,0.014241956
0.0017634928,0.012130246
0.0010602027,0.010661028
0.0009716153,0.009570338
0.0011501908,0.007630177
0.0016548038,0.005983822
0.0012352914,0.004621662
0.0011817813,0.0031190962
