0.002488431715034808,0.0003423548002975296
0.004447133930277336,0.0006360483521868669
0.006441819636597715,0.0008974670526780427
0.008182867276406604,0.0004467391279221498
0.010796352477494728,0.000797167365154918
0.012870834667835989,0.00036683480971815436
0.014849365969287709,0.0008137215000903441
0.017037909209933096,0.00033414487286689506
0.018843602372381096,4.480716386929545e-05
0.020257721259956566,0.0005200113003450116
0.0228292731768393,0.0005046856856266552
0.02488608845399942,0.0007856254465520953
0.026306114160587573,0.000715156691360416
0.02822770948060677,0.0005654019082174658
0.030263553081741366,0.0005815525271783544
0.032428124794729965,0.000732836498308164
0.03462895578441702,0.000247689746185496
0.036505451254748786,0.0008911970584153307
0.03861923080436099,0.0004295681103081876
0.040714342679139454,0.0006566237247251508
0.04241530235864496,0.0008553710808335042
0.044560804200853774,0.0007386422100786598
0.04655434315630012,0.0006491485174012039
0.04862270351828448,0.0007786503205538821
0.0503927676464065,0.0007083395569561299
0.052312758396605194,0.0005866620238210851
0.05416833988757943,0.00038114586371562
0.05626777319115591,0.0005338338034350092
0.058585653326312825,0.0006091537981203518
0.06008220210085838,0.00042738725771652867
0.06267327914289948,0.0003006684918426907
0.0645840887345831,0.0005181206582561223
0.06645689160537406,0.0006273760896934379
0.06820229589681087,0.0009389644615181584
0.06998847335884037,0.0006343547277567287
0.07206684205730426,0.00065249213447928
0.07490305591019175,0.0005926563340477522
0.07626888411692849,0.0010947831818678509
0.07824784304757382,0.0006449961367001809
0.080848113430761,0.0008558884719452998
0.08245444810113388,0.0006461483980616719
0.08467843284507963,0.0007498748323186044
0.0863139691146424,0.0008370457310161444
0.0886840254495065,0.0005858440025952496
0.0903703523545078,0.000776134822791026
0.09297942432657144,0.0005624618294766482
0.09434702524646323,0.0006575950984018473
0.09609211856475745,0.0004709894815468563
0.09823081855581428,0.0005977537919906194
0.10090843588936463,0.0005640309433956659
0.10232547504171476,0.0006103163208435479
0.10428059956314334,0.000505252458303098
0.10635271969541346,0.00033355517937117885
0.10855844008769991,0.0005899091339814134
0.1107043969945548,0.0007267708421862343
0.11248688280767265,0.0010142469219871768
0.11466312753066202,0.0007060983356589921
0.11660536982618336,0.0006898509310713474
0.11841934145014171,0.0002343660713107184
0.12040621380504293,0.0007975051224784691
0.12257837017399953,0.0002532366729952727
0.1244888890459083,0.0009059615749285737
0.126606654174508,0.0003098400151687918
0.12796227773135918,0.0008353197318235175
0.13070837852695763,0.0007466481436423782
0.1325563780379688,0.0005096614995639508
0.13445263136792013,0.0008074159503998631
0.1364732993973164,6.894726812512181e-05
0.13800376512607146,0.0009222528962559953
0.1401058632123149,0.0005822385739078624
0.14203290493841084,0.00043792303806386277
0.14444087433194497,0.0007296288802797567
0.1463620220689029,0.000472157592772806
0.14806868464598438,0.0010333492096124576
0.15037199053128888,0.0006709191976473675
0.15289925697291093,0.00031022878889161264
0.15422554721845383,0.0008862986414189077
0.1560142691306464,0.0005583914711101296
0.158303616036634,0.0009742259167149612
0.16024999139735335,0.00045871956067021735
0.16210994704430268,0.0005217983145436914
0.16454191279457442,0.00013038609511598504
0.1661683111359829,0.0007609301573243308
0.16821702639185726,0.00046145852359587807
0.1702320457697388,0.0009103982486121227
0.17246186747932177,0.0007398746586577893
0.17438735627774643,0.0008637194311653002
0.17633292453908808,0.0004964621392208016
0.17840971413036458,0.00011292469247863127
0.1801038693675388,0.0010522435756322472
0.18259639190952723,0.0009739271027126645
0.18445424155571372,0.00037198600749123803
0.18634670894815333,0.0009866154038686962
0.18818199798178914,0.0008434605773826973
0.19064870310326062,0.0002201692312553194
0.19214199761954834,0.0005467367270000902
0.19418989992750668,0.0003684847837943272
0.19622787207973252,0.0008793371240717888
0.19831789484805834,0.0005077047345912382
0.20026124149065958,0.0005180455277317182
0.20247766358457234,0.0007866189548738552
0.20426244357470422,0.0005533264822118065
0.2061748938650758,0.0012005089259357516
0.20872941605317744,0.0003819377183476237
0.21027022519348662,0.0008530173425643948
0.21203222802473137,0.0005448724687894819
0.21421078755500125,0.0005928202084987055
0.21639222653107776,0.001001862775396648
0.21866284791032753,0.000655853281861803
0.220272676389786,0.0010657966164204949
0.222682256603973,0.0004689585386974938
0.2243278508738236,0.0007016217156907124
0.22616778013385394,0.0010394052414408462
0.22795021929002166,0.0006617862259344548
0.23051209245340432,0.0007082716339789495
0.23240058605550257,0.0008260762793448766
0.2343599485260896,0.0006683582354888563
0.2366028726595498,0.0006415397667942729
0.2385174370764777,0.0010222073499248172
0.24045823755993717,0.0004015834967326269
0.24202552623718815,0.0004413137201261249
0.24428720907141238,0.0007183538502455261
0.24599740021640973,0.0009278536301769686
0.24837483602154886,0.0005230688458628162
0.25013409124741304,0.0002582002111889327
0.2521380234887248,0.0007811464987635906
0.2543196349129528,5.238006581351087e-05
0.2558195912486339,0.0008212425558675198
0.2584465997882809,0.0007392620884272404
0.2599085858422961,0.0007660555330182698
0.26211331909734054,0.001006974183435368
0.2642586994552343,0.0011881557630325104
0.2659652443057529,0.0007350370824389976
0.2684128428424652,0.00034603041894720114
0.2703432938858836,0.0008726588646179676
0.2718919283289759,0.0007808977688395405
0.27455687882353025,0.0004072879709002364
0.27619861935895523,0.0005850774622865888
0.2781673907691257,0.0008307115345379336
0.28056606010006746,0.00037732872474159504
0.28223265907662554,0.0007061934757865905
0.28420407545390036,0.0007181708509629648
0.2865610689210029,0.0007865697056792716
0.28815394511079645,0.0008490075361278764
0.29026200079603226,0.000275534492755116
0.2923041473218961,0.00036452881267508324
0.2938753723167419,0.0005319658945987367
0.29635269352076327,0.0010409849051214927
0.2986369325969587,0.0006894908808707261
0.30005408687497465,0.00024706590038598623
0.3022860560921478,0.0005302310858450739
0.3042100309908216,0.000781948214978687
0.3061197132584963,0.0004631646584060071
0.3084033571924522,0.0006941783340252123
0.31027091726809697,0.0010372213219848843
0.3124344512941399,0.0008415137518102344
0.3140360608280667,0.0009824448209166479
0.31642276818227455,0.0005040577886603289
0.3178392929116218,0.0009276719442000398
0.3201664762899797,3.723411565009937e-05
0.32216856156099216,0.0006887029184068036
0.3238248729462979,0.0007408104547622352
0.32631557564700264,0.0009694679209544698
0.3280985986580438,0.0004759232825664828
0.3301738375439123,0.001179669549225249
0.332022797152085,0.000605114834294387
0.3342507897008467,0.0007195567797873026
0.3361818361761039,0.0006328171437343142
0.33847008165172476,0.00048399621019581094
0.3403092371333774,0.001004923947311694
0.3420832928887498,0.00035520205909047415
0.34453056134750604,0.00039482567715344265
0.3464152900061148,0.0009379842359153995
0.34818210726269605,0.0007521153930873973
0.3502088577673132,0.0004394457988889019
0.3519841970930113,0.0007026263977181461
0.35411184089278486,0.0008222212001418635
0.35608018804995356,0.0002581761849769219
0.3581257632572088,0.0004663624863525683
0.3606093975712433,0.0005938132315102764
0.3622460789156174,0.0003746712615490981
0.3641420767943924,0.0007428042854974757
0.36612099082040933,8.210589499676225e-05
0.3678770991299437,0.0005201882420112595
0.37016339310768387,0.0004040851578944624
0.37182687813511994,0.0010978670772152704
0.37413498707830434,0.0006188887667403345
0.3762478291722556,0.0009934555372022988
0.37791327727010826,0.0006461055099739197
0.3803614418859058,0.0006451572544593796
0.38232577943766377,0.0005729967361960239
0.3843713250678487,0.0007760047448950929
0.3864510999513779,0.0007584192872214512
0.38795919932412454,0.0003416478017319207
0.39017455150200975,0.0011090320875449234
0.39161311394116943,0.0008376941497853976
0.39398245155025313,0.0003236585242222789
0.39618178362660045,0.00023485313926008446
0.39752037638229315,0.0006038113993528009
0.3999863865865756,0.0004918588167417034
0.4022782286670007,0.00021235250547382267
0.4040952935184748,0.0010965873114812303
0.40620810159667053,0.000676121719079206
0.4081600400703832,0.0009237198275668748
0.41002985540338444,0.0008058050173673869
0.4119468622434891,0.000871843295210548
0.41415382750741664,0.0009351518928784608
0.4164424495597,0.0006853332655110982
0.4180375470325978,0.0003375319126651778
0.41967460513019006,0.0005441429949814394
0.42181442163673843,0.0006536135704867423
0.42414110236418295,0.00041716055965847323
0.42626849788607113,0.00040923834867822553
0.4280327463830986,0.0008944014155195206
0.42995750190754217,0.0008498239536368128
0.43211218063856605,0.0001774843876530526
0.4339729010285705,0.00032473921151850464
0.4361926449257788,0.000598080523202635
0.4382315756383946,0.000931267245879558
0.4399703676925215,0.0006479990840494229
0.44219628914354675,0.0008217906974450857
0.44389133936903613,0.00042154578103925796
0.4462276071534613,0.0012239430465628063
0.4480949259661114,0.00048184318921457123
0.45014832717282305,0.0006040973907630633
0.45210063171898124,0.0005889481520268819
0.4539597342617144,0.0003483928324220746
0.4562808217777788,0.0006217003839536276
0.45774675110848795,0.0006224687656074296
0.4599406287707809,0.00034502880375704474
0.4623947143225651,0.0004317411350487001
0.46387610350349295,0.00024875660483514875
0.4661145164378999,0.0005906572360655677
0.4678048108833851,0.0005112721710287529
0.4701511382344418,0.0011369266038912858
0.4721601222388551,0.0003934607991175117
0.4736608381060945,0.00024137645648501351
0.4759056108915248,0.0005335856090119653
0.477968753341849,0.0005840286046073049
0.4802504177058846,0.0006256351594807421
0.4821608122795009,0.00045955501866141155
0.48382126244566115,0.0006223356156576894
0.4861320348030634,0.0007904674976670053
0.4877175281474271,0.0006618684549843365
0.49008079798371224,0.0007078951452296519
0.49181239380983305,0.0008670152904346677
0.493991949194255,0.0005426760792636073
0.4960393667886622,0.00011924160858908343
0.4980882133442511,0.0009411429516583454
0.4999091642575848,0.0004908842336715084
0.5018857956135185,0.0005831688413099576
0.5042392604801991,0.0003835143967903766
0.5059807459752644,0.0006314499682904413
0.5078276723927424,0.0009955718711531698
0.5100215082884726,0.0004989605288660673
0.5116204872415941,0.0006738474564803416
0.5135730124430944,0.0006153479526135264
0.5162753547567488,0.0002941435677531882
0.5182500153894469,0.0004987456253508632
0.5200347154590993,0.0003247128847891548
0.5220086977283864,0.0012079226455225436
0.523490798271642,0.0006565924694776792
0.5258656296548218,0.00039861760131195583
0.5278489219129483,0.0008633783692705739
0.5299582134513744,0.0011758900047010054
0.5322474001862081,0.0006235718408666635
0.5339095724755162,0.0007606612962459882
0.5359187500035375,0.0007818201535806942
0.5378151503874223,0.0007367802865358157
0.5401812500949031,0.0005344447198718682
0.5421295053190572,0.0007665825834410665
0.5435259224305656,0.0008422144153901786
0.5458198812139697,0.0007815488680865266
0.5479307909553284,0.001086100206883587
0.5499555509821216,0.000857816402831505
0.5520103987965279,0.00041699436766801394
0.5539196583506171,0.00024299644286219645
0.5557515931698244,0.0010061206209220554
0.5577581948422832,0.0005242748313939781
0.5598611024200685,0.00016933423784859625
0.5622211754462461,0.0007867549871563353
0.5636650467033988,0.0008038279254844003
0.5657888420864614,0.00042688243701615564
0.5681256777456056,0.0011440890555205183
0.5696804692763626,0.0010517237914847266
0.571643257057018,0.0008529988653340632
0.5739734836813675,0.0010381464111217293
0.5761226033633082,0.0006206514521120247
0.5779165471914766,0.0009601973812583623
0.5796356355303662,0.0006757104817530052
0.5818949923619476,0.0005464859686481096
0.583582337047733,0.000660547010920405
0.5858127710757403,0.0008075115878759053
0.5878079715891108,0.0008545401969115623
0.5895597061390218,0.0003775956042569864
0.5917521914741221,6.334042233739542e-05
0.5938374892933944,0.0005898515664128029
0.5961013192634798,0.0004256306635530756
0.5981217420683936,0.000524466705322441
0.5996659698315229,0.000804614481627314
0.6018442993794241,0.001082440164616321
0.6038394468927137,0.0008380563676800626
0.6057164742549066,0.00048683799217183937
0.6076197072599918,0.0005501323270891274
0.6095143646309803,0.0006259507458489753
0.6115272338366733,0.0009383975149661637
0.613747773824582,0.0007529323765468307
0.6155693910353874,0.0007615416674605983
0.6179032495840856,0.0008201035725495836
0.6198709369883906,0.0008942097961272277
0.6216939779274436,0.0010897669995800021
0.6235082128310165,0.0009421814150372833
0.6255528298127789,0.0005015898585390235
0.6275942822117314,0.0008666131272372798
0.6298149993254067,0.0010013359457053264
0.6317855598428314,0.000543052556325056
0.633320334533897,0.0005925541129700632
0.6357510763408104,0.000889899736353086
0.6378194556916538,0.0006997049989037589
0.6401708472018895,0.00048119019597167687
0.6421168340683728,0.0005337803908189411
0.6437603434548438,0.00037241938023273633
0.6460191626026647,0.0003524441579998858
0.6476896279814432,0.0005072017266601997
0.6494419390240022,0.000551145103386461
0.6518940721195126,0.0005973664483441693
0.6535677795164422,0.0008233900847938868
0.6559384122678011,0.0004206764380056701
0.6574844742069241,0.0008288512559239764
0.6595849950576546,0.0005661070113276637
0.6618588501954129,0.00022263377729052092
0.663906119603988,0.0003795358727198309
0.6658290961825195,0.001044206568310637
0.6681068914894416,0.0007336845944810518
0.6697177111052526,0.0008492825487795068
0.6718717221883762,0.0001722759924209947
0.6737005711342997,0.001223822393241553
0.6756649179295435,0.0009372912485450545
0.6775627255809085,0.0004583958665074897
0.6798860707322655,0.0006491499742000984
0.6818268574137456,0.0008618792060931002
0.6835126761106428,0.000896017846945432
0.6858902178222829,0.0010218570853181793
0.6877984653179982,0.0010126804788144496
0.689553843514529,0.0005525478113388228
0.6918805131962293,0.00045186123872932
0.6938979967107346,0.0010679235851638932
0.6960506253166173,0.000599468262693084
0.6978566135867351,0.00079004715940647
0.6995694644078596,0.0005390401560095088
0.7015677249782127,0.00037584971753132276
0.7033514660440378,0.000892265204234991
0.7059983279150855,0.0008740931370692557
0.7078386537114795,0.0006863075963540661
0.7096977482355327,0.0010325900568119034
0.7115997596914918,0.0006129240144696405
0.7132692100080447,0.0004963296455928802
0.7158222566339673,0.0005146662504592374
0.7177633972720047,0.0009896418112997313
0.7196007977222313,0.0004996912025896
0.7214540015885447,0.0006144275403763796
0.7238627974533453,0.00043134597986039017
0.7254612797896964,0.0005623648627916956
0.7279404810487984,0.0009297352030281534
0.7297220956383214,0.00026506888448631647
0.7314259311973407,0.00039264277615529066
0.733553751425583,0.0004970568002032797
0.7356889777656753,0.00018290219393487668
0.7372678214846504,0.0007858976315883813
0.7397693919205862,0.000644481678112782
0.7413870220672788,0.0007370759786288067
0.7440177030564716,0.000534640191554881
0.7460564120650551,0.0007044902329166252
0.7476407000444262,0.0006131408586929292
0.7496871217039539,0.0008019016844080758
0.7518002126380986,0.00036509259173801776
0.7533485637332873,0.000989140613090489
0.7552300855661105,0.00057091403352144
0.7574242993492298,0.0004987962145590976
0.759298724516975,0.0008743834527746846
0.7620184258149103,0.0006904430467439979
0.7639705439693946,0.0008258399215007252
0.7655958282372526,0.0007155155847213048
0.7679743808162318,0.000605014157271205
0.7698883070579615,0.0003326293151768879
0.7717477834821337,0.0003162046837654167
0.7737364540635897,0.0003894808590410253
0.7756447802659411,0.0009121268219867018
0.778183633785298,0.0007131954336218307
0.7795470599569727,0.0011081939530090202
0.7813633020413115,0.000499289766548875
0.7832663667297918,0.0006870821885104028
0.7857222019482624,0.0007522098185995239
0.7877710505543459,0.00046084131043739343
0.7894547034245387,0.000768327011129935
0.7917256974144308,0.0002225281553051398
0.7938351313027769,0.0009016870580557853
0.7958881795607208,0.0008907681297339982
0.7975589926566962,0.0002525705459144807
0.7994298999113584,0.0008084789777541142
0.8016989723906404,0.0004037560970507115
0.80394938921033,0.0004929848191977541
0.8056762867162828,0.00019779188379909254
0.8077174188270806,0.0005664424749022743
0.8093025883510725,0.0005840314737457724
0.8115882855348312,0.000970828916030972
0.8137235531280429,0.00015484873442920524
0.8154455731959709,0.00044929375155032655
0.8172890028505736,0.001055169895587902
0.8196273556064717,0.0005608746498517435
0.8216605776674104,0.000268248507390831
0.8237474946436374,0.0008070916781540552
0.825405954252192,0.0006966553048527397
0.8274258469390745,0.000785061099735971
0.8299414643341553,0.00035312365559375615
0.8318467628327895,0.0007534530533026649
0.8334583368211834,0.0007178815311283795
0.8356767250376419,0.0003630775672299062
0.8380235425381138,0.0008730913265810051
0.8399003688207818,0.0007470279089987599
0.8417230412356045,0.00040586691899272204
0.8435206300819944,0.0001903345613305358
0.8456232459380234,0.0012424526479349169
0.8478233431872468,0.00041948264373110043
0.8498861224373614,0.00048778395666073575
0.8517586922770584,0.0009962076202794602
0.8535083495196795,0.0006679161248904471
0.8557311815727592,0.0013665174755108467
0.8575269022031408,0.0003990941511016185
0.8597049143591763,0.0003440780217547084
0.861872200640491,0.0003748931619511352
0.8635798840839548,0.0012142463578951217
0.8654233868219184,0.0008249172755704949
0.8680291654449477,0.0007881574155764021
0.8694461397654509,5.3773541949641666e-05
0.8715664445221418,0.0007123858969123871
0.8736622054251488,0.00040132388411113416
0.8754202439000401,0.0002645852923110129
0.8776145686030579,0.0006766444063218976
0.8795168265281617,0.0008124868197394875
0.8810315102119823,0.0005801182751856276
0.8836214045238415,0.00029668615818848526
0.8855085430776811,0.0008262119727661439
0.8874761378615598,0.0005611214449915982
0.8894347984997789,0.0009595304351574267
0.891375643510702,0.00026399943498525697
0.8935413712127004,0.0007404461584137651
0.8954371622484555,0.0010423096462242197
0.8976385678190997,0.0009506196316439816
0.8997501541333436,0.00036874687095871073
0.9015663976048417,0.0007482606878538553
0.9036069917916806,0.0007477029557808202
0.9052874306655523,0.001131002102266442
0.9074250984132222,0.000496084255536517
0.9092838826229969,0.0009720787424770235
0.9112698461978994,0.00045449514777757546
0.9135324839787927,0.0005205480137364405
0.9155807783234207,0.001010582677243106
0.9172896561721271,0.0008280481347922178
0.9193198661912756,0.0009527483512385654
0.9217558666600252,0.00045407992403404576
0.9232492050872417,0.0010371507597849118
0.9252580028202473,0.0004607686496505425
0.927241600848364,0.0010084392287318775
0.9292097748706105,0.0006989405396054685
0.9313166774027075,0.0
0.9334967600413683,0.0005959287154372744
0.9354431470010555,0.0012026901576788222
0.9375036098726075,0.0011561755218006831
0.9396090390753484,0.0010034692349464738
0.9413817830530541,0.0007413357808858953
0.9438267427905314,0.0008615452448965569
0.9452893980758663,0.0007326914423401039
0.9474232682640072,0.0004177728923656795
0.9496637667512823,0.0009757969115574376
0.9517857945734857,0.0006338294269314631
0.9534227734247718,0.0004958357615270824
0.9551608082162607,0.00022234037118713064
0.9570871193893407,0.00041604836177157263
0.9594501996545101,0.0004051898791158193
0.9615217669111094,0.001272960443436915
0.9633593533200234,0.0011776621256404044
0.9657484173045124,0.0007686356369499502
0.9672441225977847,0.000835890843730389
0.9689920802848331,0.00022124089359027685
0.9715357435127587,0.0011197854662688452
0.9735258331112727,0.0005621563626235791
0.97555486454692,0.0003430021783777392
0.9775089065001009,0.0002527688670163693
0.9788051709643909,0.0004932201197709792
0.9814764452493963,0.0007955378853661503
0.9839536056622381,0.0006236362834728612
0.9855659204142783,0.00038326851899508744
0.9876237041654108,0.0005466617832520324
0.9896278097002921,0.00037409029365148365
0.9917987721037969,0.0006122015775434699
0.9928605227736098,0.0007712772792846452
0.9959258111988519,0.0006731554727598479
0.9973367447445751,0.0008362184745290221
0.9987903581234915,0.0005445387162748537
0.9993958066155079,0.0027799257668056276
0.9993254008049753,0.004515754570283536
0.9992376554769254,0.006381347937692936
0.9996192537955879,0.00841359601520683
0.9992947182035055,0.01090757181423498
0.9997549978450949,0.012563487530966392
0.9995394709227943,0.014302100720923628
0.999080988734714,0.016858690061754736
0.9993565140223731,0.018671679901155935
0.9990842995531233,0.020786010063693145
0.9990584102015222,0.022360884152919504
0.9994145361467989,0.024475002962757605
0.9996808803170354,0.026754777580273233
0.9990917818395393,0.028518936672249293
0.9995865145514876,0.03026900193870675
0.9991389948641668,0.03294841152340157
0.999369620997816,0.03483989616524143
0.9990534963305417,0.03675355675062805
0.9991613913592378,0.03910225317638828
0.9990554380493923,0.040630366256139236
0.9990144136742768,0.04241097781221973
0.9991423959216862,0.04459212916254561
0.9991617382394631,0.04684932976989942
0.9991708588400778,0.04890067354388467
0.9994340652724629,0.05072590900701364
0.999527305480654,0.05254334012503008
0.999192025397534,0.05387194931369428
0.9994248982357005,0.056189853206374644
0.9992848588886741,0.05831419322226318
0.9994424695363899,0.06020458373756687
0.9996032200622623,0.0625888657614462
0.9998296058491422,0.06460602555884526
0.9994444916485601,0.06684476697844909
0.9994539269037336,0.06840702650637769
0.9992953157814396,0.0700802931486479
0.9995886962094175,0.0724328167451197
0.9994403175050296,0.07457499649936593
0.999598879946383,0.07714415799395559
0.9992210530292595,0.07794612152067437
0.999187228052936,0.08056783889058003
0.9989837985518047,0.08250014497341795
0.9993940067622096,0.08468559809381757
0.9994216995586775,0.08684114756769076
0.9989681724086132,0.08859357131926685
0.9989577886635275,0.09052598901608994
0.9992980428585443,0.09223838020812637
0.9991801085410669,0.09397229302042502
0.9994163603212982,0.09625484076653311
0.9990514104403667,0.09843951710683506
0.9992285653245191,0.10054658332937157
0.9997094457696355,0.10237832442544076
0.9993426767900463,0.104119794551399
0.9994005895165362,0.10706472458264737
0.999478755789658,0.10847655166575378
0.999434410405193,0.11008776054667395
0.9991795769407322,0.11283722941575637
0.9997315134664285,0.11479447009964809
0.999430531073119,0.11606042950585461
0.9988455588932487,0.11866283105162621
0.999461026183431,0.12063560131182666
0.998789251498774,0.12233825211138803
0.9995542942922558,0.12507442726564402
0.9993775897079643,0.12702329817764574
0.9995035438921345,0.1284772409548799
0.999482186142204,0.1304471258755413
0.9991048637695642,0.132681801036267
0.9997836575108868,0.13453321634721602
0.9996421582251213,0.13663349427873356
0.9990678393039396,0.13844805588006392
0.9995024893477515,0.14071345077867742
0.9992457555115165,0.14184540494082112
0.9988903575986884,0.14422141918900352
0.9993986979395885,0.14592478201413883
0.9993828113921587,0.14893047995282516
0.999597082964908,0.15012388989660905
0.9993838188180234,0.15270185422618518
0.9993057033310211,0.1548517538932981
0.9996414127655077,0.15668227614518998
0.9995774468406238,0.1588878452600035
0.9991548681618408,0.1602833507329374
0.9997138256470927,0.1626510374917371
0.9993400512362227,0.16493697842475197
0.9991139763839825,0.16681192646974605
0.9993499964992564,0.1682886118914185
0.9991092278186404,0.17050127510285862
0.9988103476998713,0.1724600587501331
0.999536798328592,0.1739172640353387
0.999387432862553,0.17663824734031727
0.9991211521131744,0.1784215567961231
0.9988706495135101,0.18048993331882102
0.9997847275073849,0.18261644797449325
0.9994337680876156,0.18419085497715676
0.999670738918686,0.1865351127825288
0.9991560513739772,0.18862300731578802
0.9991536969907389,0.19075786495001903
0.9994286087880643,0.1919221158527587
0.9999152497139421,0.19436719708630204
0.998901977474146,0.19634413943947543
0.999350876138221,0.1981440791142703
0.9989315094301999,0.20010304029956788
0.9990847988145172,0.20210011383472926
0.9990009604009666,0.2040823670572184
0.999441778971279,0.20642671243864402
0.9996167475315431,0.2087796221738357
0.999132310107897,0.21044241844714337
0.9989380687225764,0.21241470516322605
0.9996552932181367,0.21420210687234592
0.9994820304289006,0.21649171828819222
0.9994182503033295,0.21884821300805807
0.9994757777359474,0.22044923238099626
0.9993079620441094,0.2225742941639251
0.9992839664677093,0.2245196501324495
0.9995447583668258,0.2264225029582325
0.9996745619674681,0.22801762536028222
0.9991629496448831,0.22988102179903247
0.9991903468714051,0.23177637616737423
0.999294290613494,0.23395240993718103
0.9992923522889812,0.23591234302633843
0.9996642880881077,0.23875697895359219
0.9993589177819074,0.24084951541350494
0.9992962561633402,0.24235696485139646
0.9992463998790089,0.2445560102736633
0.9993019210002827,0.24586564949289236
0.999769906862373,0.2485516431538704
0.9994857922781033,0.25013244066684426
0.9990449497467696,0.25232131264573987
0.9993811224662407,0.25452632590725316
0.9991100746353101,0.256216121646836
0.9990994060677613,0.25807441656083796
0.9991095102534137,0.2599315631587958
0.9992757813072746,0.26221163567011746
0.9993517720783333,0.2642237740609013
0.9988369607242263,0.26640548747531073
0.9992904414775968,0.2687587779951811
0.9993494897489824,0.27054963041499247
0.9997889645198741,0.27250949473168096
0.9996919517896214,0.2741786577857992
0.9995340812788537,0.27628178244858836
0.9994472818866107,0.27805829950933897
0.9992008378393755,0.28047146881425633
0.9991881465249277,0.2820907765777554
0.999085424922702,0.2840146333133127
0.9992913111154066,0.28670007398296654
0.9994201933563251,0.28843016509923064
0.9994743728813701,0.290560189966714
0.9989908521950012,0.2923951963042802
0.9997022579161967,0.2942939817130308
0.9994501743746417,0.29622506054775416
0.9989692003136826,0.2984475756539289
0.9990903827247622,0.300083322367102
0.9992364086074013,0.30208864141655745
0.9996444358064702,0.3041366111693988
0.9997022487962083,0.30631749721587914
0.9995699419716243,0.3084840800017063
0.9995665933978141,0.3100461775190556
0.9991585929011146,0.31181543127578715
0.9990922341132847,0.31387087391867
0.9994341095056007,0.31578275970943187
0.9992761965933599,0.3186498380460288
0.9995813538017085,0.32015967861685246
0.9990800679303672,0.3221388607247106
0.9989451285618532,0.3243027628986417
0.9994427396408424,0.3265085623761692
0.9993935591116513,0.3279832815443409
0.999770054532176,0.3301929987599417
0.9988224065560257,0.3321062155831088
0.9992098827938506,0.33407837948034114
0.9996781514114588,0.33618782232950073
0.9995337164664221,0.3381067489956381
0.9995995033903058,0.3400035125626806
0.9991801537110808,0.3420131707377989
0.9989555871182237,0.3442713564109912
0.9993042749764265,0.34560185087074585
0.9994656589328912,0.3482582390733553
0.9991097002910246,0.3506379904564375
0.9993196812192877,0.35258021322644184
0.9993557025220191,0.3544803666760122
0.9994211525878689,0.3567555375447958
0.9994643144011871,0.3585154878382249
0.9994474357345029,0.36082737428049
0.9992278367681203,0.3623041061208522
0.9991394631980786,0.36391665232072984
0.9993556037021653,0.3659475455852982
0.9989539689078755,0.36777309670115443
0.9996239454328156,0.37025600462849406
0.9995606358870446,0.3721967028451433
0.9991621228412768,0.37435292990840224
0.9994478194218268,0.3766421754460235
0.9990213315943207,0.37825011666478575
0.998997825476896,0.37970876649138535
0.9993635080985027,0.3818525933676946
0.9989732369179251,0.3841146807896506
0.9997632024326135,0.38608199333381127
0.9994309964047933,0.3879567478577243
0.9989213717760287,0.3903648893211073
0.9995733886615572,0.39227943734769133
0.9994246099126922,0.3939188919419869
0.9989647002956445,0.3956537105346496
0.9995172303008747,0.39833793010716323
0.9996868456832233,0.40007464799678877
0.9992465627024623,0.4022091526553068
0.999232947690312,0.4042056411945708
0.9991276251087936,0.4061897367527866
0.9992778582731999,0.40806745788263693
0.9992014369959966,0.4106774083248697
0.9990425542352573,0.4118701704886882
0.9990967144623958,0.4138560976523919
0.9994540710411003,0.4163355467283545
0.9992515117737997,0.41778207762467545
0.9990801851740997,0.42020127159399073
0.9994135369672293,0.42175034520508
0.9991374071374141,0.4242225579988297
0.9993237113004612,0.42642493226722444
0.9994216066444156,0.42771238276695617
0.9990710656214221,0.43020401697386224
0.9995621821110681,0.4319048714409224
0.999264263035086,0.43431495567091394
0.9989539646104434,0.4358836985566188
0.9988748406241533,0.43794514305601323
0.999662191631346,0.44027806641578243
0.9991512177954748,0.4421248738395566
0.9987745839404844,0.4440215524079036
0.9991975334784633,0.4459436327024624
0.9995019401946277,0.447598195203693
0.999077562607705,0.45008566072651746
0.9993462260285126,0.4522007667124518
0.9993990388685464,0.4540571071049898
0.9999727479152402,0.4560787955249452
0.9991904618123693,0.45823626166239845
0.999245866195012,0.45991707731229886
0.9989659552051801,0.46212666800139024
0.9993251125682786,0.4639540960377544
0.9990179923130273,0.46620227843286516
0.9992370583530545,0.4677110170773913
0.9994550768511752,0.47002750098950385
0.9991443006017813,0.4720845676294916
0.9988375657369083,0.4739283583038693
0.9993636122396641,0.4757156197650763
0.9994087885117917,0.4780628591524729
0.9994876633502717,0.4797103739644051
0.9991923979889101,0.48153619400185155
0.9989768253946859,0.48426724192347986
0.9995305525532636,0.4861090103223767
0.9990898291242382,0.4876218298197464
0.9989572284155692,0.48971186597269495
0.9992183989201411,0.49180176073925663
0.9992153213888603,0.49361298264712433
0.9987672138163223,0.49601466227830243
0.9992783440040914,0.4982513629728403
0.9992946219174625,0.5001490140098204
0.9994685630314917,0.5020051248107851
0.999144513842023,0.5044532285464478
0.9993524056521218,0.5058247300683076
0.9990287484553728,0.5078771695602065
0.9992576118959283,0.5101584983928312
0.9995239689254606,0.5123629257858426
0.9991573820212208,0.5142184557391837
0.9996777033501935,0.5160855524000899
0.9994151205876716,0.5184434860984451
0.9991264754722993,0.519832488692914
0.998901057441211,0.5218374347589263
0.9992331336669873,0.5240030222984302
0.999669495310255,0.5261265418902793
0.9990803882704986,0.5277968172223589
0.9990236696904284,0.5298587817864123
0.9990493546437254,0.5322829232176834
0.9995695206634871,0.5339521868832989
0.9988130561314849,0.5359493058035607
0.9988865650224343,0.5381203111185708
0.9991526491523024,0.5396212873358384
0.9996788892758222,0.5419953084778267
0.9992392972424259,0.5439121649870968
0.9993101311172518,0.5462877362271368
0.9992612254462144,0.5476473816119932
0.9995052488774285,0.5503467822324182
0.9992946047529544,0.552150192098148
0.9991902093934993,0.5542222003313807
0.9988072406518157,0.5557561214131446
0.9990081935145803,0.5577908632999509
0.9990156626054081,0.5595682864676329
0.9992122544607347,0.5618285184668248
0.9990084458162397,0.5638197465955438
0.9996198327437634,0.5657053004388775
0.9994151595587193,0.5680688871662881
0.9992237064879312,0.570076510207354
0.9994069608067007,0.5719520779436967
0.9988318398786308,0.5738236624325791
0.9993337292479082,0.5757279313044102
0.999479708138713,0.5783521771169862
0.9993536034471145,0.5802943086924559
0.9996092235510323,0.5820111027706798
0.9992655888347204,0.5835890083682927
0.9990193406296869,0.5858604681063161
0.99935522432738,0.5881109390551407
0.9996917939477273,0.5896885262188127
0.9993787719020012,0.5921575330962109
0.9988485045516755,0.5937023372516489
0.9996319997931226,0.5959724038456391
0.9992489991053568,0.5975421109848851
0.9991000984951138,0.600121891784819
0.9995833583534007,0.6018984300598111
0.9997225851474283,0.603973302684193
0.9996538901137481,0.6060378118346385
0.9991965632001686,0.6075466847168325
0.9992545029589741,0.6102587920825667
0.9991467306838658,0.6123824961549262
0.9996606402766277,0.6138629872170716
0.9993210977593254,0.6159903913910105
0.9992703621541821,0.6178732073435794
0.9995614638680683,0.6201354747409025
0.9988712696469304,0.6220824869334383
0.9991049445077981,0.6238137625160333
0.999636358406834,0.6263599124869573
0.9991601627779828,0.6277781077370082
0.9998053065895617,0.6298112456785192
0.9996125783385478,0.6320429279136189
0.9991841852534343,0.6335193966382945
0.9993672942045838,0.6361669238744962
0.9996290709893534,0.6383472852518904
0.998779316586794,0.639925089177441
0.9995565965315779,0.6424066111411539
0.9994830704470251,0.6440684095943225
0.9995852493099978,0.645622557310848
0.9991847469969302,0.6481436419135498
0.9990718126046213,0.6494300854485215
0.9990533923482374,0.6515650265836473
0.9991795492426602,0.6532814959952259
0.9995336692237661,0.6558097531731688
0.999100928947111,0.6577557314372896
0.999556313930925,0.659341914226608
0.9993026934832442,0.6614191873179277
0.9991751454906437,0.6634260756130996
0.9992702240161255,0.6653145138938595
0.9994447541012617,0.6675497411080544
0.9994287065194044,0.6697380613657143
0.9996282354518368,0.671493564569553
0.9994603216776962,0.6741158151921965
0.9996402567388573,0.6762106951915087
0.9992679725306503,0.6777748362114491
0.9993969264280753,0.6794399185110978
0.9993845177593373,0.68194649589933
0.9994622219169499,0.6838697215218837
0.9988109977342426,0.6859953437611208
0.9995168255962359,0.6878510708300857
0.9993405745265334,0.6902947719024033
0.9992404199981721,0.691737009238824
0.999228683391331,0.6942874724181587
0.9995776489147555,0.6957952867971673
0.9991416474650866,0.6977651188203741
0.9998548247301815,0.6996588607119714
0.9992851964417739,0.7016357148588782
0.9991716108126988,0.7037106911211124
0.9996862228909089,0.7058859622069409
0.9994240296472416,0.7080174196735586
0.9992898234228627,0.7102765787756516
0.9997359376669958,0.7117861359223974
0.9994208317768656,0.7139476200244277
0.9991966998823473,0.7154101148528097
0.9996917090062644,0.7174353015337286
0.9988878278434083,0.719561172205836
0.9993837268099969,0.7214478433714038
0.9995269134249556,0.72368188192674
0.9995655308491976,0.7259613509402448
0.9995002061130263,0.7278135875479279
0.9991158479252664,0.7296652211103548
0.9990092246088996,0.7314599748523525
0.9995060489886131,0.7338023143872267
0.9991232166654209,0.7353367013783867
0.9992351944144148,0.7380579339573144
0.999231795818608,0.740237081391138
0.9993579024833984,0.7423863334986041
0.9994200703247298,0.7440829626606814
0.9993751025519753,0.7453501991901431
0.9993140136498236,0.7471750322053649
0.9996928410538413,0.7494671888072336
0.9996474932671526,0.7519676122088172
0.9994795193365354,0.7539527826596536
0.9990849442044694,0.7552352602537096
0.9997497901303353,0.7578652273196689
0.9994228993547283,0.7599494281796966
0.9990036483834814,0.7615135873124146
0.999463113737805,0.7639998625317295
0.9991873939748783,0.765383120706011
0.9992354115266665,0.7670474480834041
0.9991962149009906,0.7695628872175331
0.9992901719318349,0.7721369133941054
0.9993482913565491,0.7739609892967028
0.999165927530159,0.7750100840892793
0.9992783401232345,0.777114044143705
0.999205140598773,0.7795662003281424
0.9991744335704948,0.7815235668905578
0.9991840854157966,0.7835971780489761
0.9996002211758993,0.7859976990999071
0.999359179803523,0.7880321544061959
0.9991653454965064,0.7895038322954705
0.9990323800279921,0.7912133197844895
0.9991558586606244,0.7935758030636242
0.9986501124988382,0.7956133413088461
0.9989269316382172,0.7974317787376438
0.9997610168850761,0.7996949565952789
0.9993151777295484,0.8018442228008134
0.9991872484201899,0.8035881377335314
0.9996746137276351,0.805741713811832
0.9995403602132841,0.8077905852615337
0.999403710610499,0.8094751594326024
0.9992020076994195,0.8110916405838615
0.9987936246191018,0.8134069803135239
0.9992739753524111,0.8160802436065376
0.9996616123267184,0.8175569547418795
0.9993116535332563,0.8193373577029058
0.9990903938032264,0.8215965840810434
0.9992341887705226,0.8231661793091979
0.9992496135869522,0.8253916078979614
0.9991420893936759,0.8270021589525592
0.9997179420118654,0.8296192621374262
0.9991699258215677,0.8312929508366569
0.9993703378371842,0.8342327099789176
0.9993455307793537,0.8356502425608558
0.9993731737772104,0.8380163531381748
0.99950580911064,0.8391175535566645
0.9990229147008798,0.8412631396798756
0.9990677805305415,0.8440885086817528
0.9991737203686224,0.8452583913787286
0.9991412424763035,0.8478164043688622
0.999720531787617,0.8498061840790121
0.9991207182686321,0.8510600602989334
0.9991631491651137,0.8535085812711654
0.9990195722879446,0.8552330273860831
0.9989403740212115,0.8571877068519939
0.9992000609324172,0.8597847726500756
0.9996735740405602,0.8615433726112758
0.9995492401296073,0.8633856642872257
0.9992782597776633,0.8654905867407461
0.9993998766968438,0.8678160213131221
0.999612069465006,0.8695236202711571
0.9992416413787654,0.8715220414170737
0.9995193759959607,0.8734498964301117
0.9989704759081575,0.8757701737587523
0.9992171029988187,0.8776356799078939
0.9988220615651718,0.8795891676162955
0.9993645319000903,0.8813817096035821
0.9992785593807824,0.8840921299322897
0.9991763254937863,0.8851368513266612
0.9995717676411543,0.8876770078998572
0.9992657002543057,0.8893567599383965
0.9993004522857959,0.8920986793154593
0.9993286271942383,0.8937394595597814
0.9996878525386728,0.8958155137859107
0.9992451943081502,0.8974733504618875
0.9992880334330886,0.8995379611495059
0.9990628097503773,0.901224124184638
0.9994120304805868,0.904221068761735
0.9987561260754844,0.905690128655461
0.9992448503125976,0.9074254403518563
0.9990640072833775,0.909844238405015
0.999129561971278,0.9109697865752195
0.9989679677929391,0.9136421282571914
0.9996865196670449,0.9156282416500033
0.9995797024521902,0.9175824717295998
0.9995041010777499,0.9193656815250434
0.9994693370857274,0.9215359747559281
0.9988771655540799,0.9237103368392142
0.9991209938236848,0.9258552544728622
0.9989040365996775,0.9272308827509727
0.9992468334757605,0.9288787620962596
0.9990205361186723,0.9312334290740412
0.9986620853410024,0.9333632732213212
0.9993953289856213,0.9351577489037666
0.9992810893504335,0.9376224039452935
0.9991418279422101,0.9392425033929406
0.9994345125631652,0.941670072111386
0.9993305892214671,0.9438274472227802
0.999229522816181,0.9454152744452001
0.9995656363540879,0.9472914940307976
0.9996310908755875,0.9497704281406344
0.9996351780052086,0.9516986023715527
0.9996620235948841,0.9530916517289924
0.9992039320142309,0.9550385940188737
0.9992954352799547,0.9569333272666645
0.999174205364511,0.958854512595987
0.9994323181968525,0.9612003416535909
0.9990538812118033,0.9638492700273785
0.9992880483349063,0.9649263940603894
0.99994183976891,0.967259983241562
0.9995908655738234,0.9695309395437554
0.9991810987624433,0.9714056425481624
0.9994437424311228,0.9734922106661617
0.9992430817717781,0.9760380511316338
0.9999999999800367,0.9774385678889814
0.9992277912821189,0.9794153932094732
0.9992381345018483,0.9819713961518988
0.9995010484081193,0.9834578125219593
0.9994442047015417,0.9852518425132558
0.999531515710135,0.9873148019830132
0.9989895941005636,0.9894290038621785
0.9989984352668131,0.9915325229057529
0.9993176592618246,0.9934675287662806
0.9990719823749706,0.9947806313012053
0.9992362348455304,0.9976462074122944
0.9995015493774013,0.9996990214574312
0.997695875043784,0.9994883068283112
0.9954446746181105,0.9998036368380805
0.9932102775196793,0.998860672406535
0.9913944933839882,0.9991290916617116
0.9888619677255037,0.9996856515304601
0.9873962321053584,0.9997705131928551
0.984956386800045,0.9992849113481532
0.9829110772540134,0.9997802606494729
0.9813555237762386,0.9998912307284007
0.9795481657771464,0.9998072240165672
0.9773753612053158,0.9992818383169094
0.9751906730620129,0.9989264523283914
0.9730964912543819,0.9993937522494294
0.9716316360310487,0.9989340636491715
0.969323383651163,0.9990109531724888
0.96715370369711,0.9994009003869078
0.9651932062809047,0.9992221300208596
0.9638588249403306,0.9994460748234922
0.9616880363969259,0.9996785576278872
0.9597656661120161,0.99984646067701
0.957815751535557,0.9991433204526725
0.9556764914621055,0.9991421034345418
0.9528355454316776,0.9992256057512899
0.9510601582153252,0.9992852214571477
0.9492977831766941,0.9994094196529576
0.9471489008320723,0.9993348547247193
0.9458939139946774,0.9994855313793913
0.9432601316278327,0.9995504924700133
0.94125757531634,0.9991654721913955
0.9395735943344927,0.9990398656614845
0.9370209055800438,0.9992880724670937
0.935701201167405,0.9992840135214168
0.9333562148479958,0.999523730147622
0.9315232803535451,0.999920984085062
0.9294428087919244,0.9995932133269032
0.9278103024495276,0.9997361262014429
0.9257044898703659,0.9998861930700079
0.9234862529941896,0.9986948895823117
0.9217918396092665,0.9993995739562016
0.9200087218576436,0.9994365866585079
0.9175058240848896,0.9987686063211212
0.9156081667222039,0.9993686931420225
0.9135501613523023,0.999027035770792
0.9115112893914893,0.9996621442000184
0.9093672899300957,0.9990463451852953
0.9074462137921859,0.999283886074714
0.9047068273588575,0.9993539692038336
0.9033361666709855,0.9994505749246775
0.9010630775496201,0.9989111092255116
0.8996577728253311,0.9987953117863985
0.8974363708245148,0.9993880539011769
0.895315613187096,0.9993518132040784
0.8934729723290309,0.9998412132920459
0.8912020234460792,0.9989675399512145
0.8891986345287678,0.9992318189884793
0.8880678541658,0.9994039888672865
0.8854285917467208,0.9994100455880216
0.8835159762993484,0.9992926773166337
0.8809269919541545,0.9994833227686831
0.879562183507488,0.9997610114245005
0.8778844113264485,0.9994124634492556
0.8753322280732124,0.999795850848727
0.8734486788633647,0.9994701370843041
0.8713240129983383,0.9991558865373474
0.8695390414013149,0.999807967559391
0.8672241204751361,0.9997400167002835
0.865297333114762,0.9993045611035658
0.8639356406193117,0.9996646988573895
0.8613091220705641,0.9999999999800361
0.8592051488534064,0.9997704571283745
0.8575357191406988,0.9993665469346658
0.8557113786787702,0.9994483584049085
0.8533549984197014,0.9989903838724764
0.8511460343445402,0.999287656586447
0.8492838426418232,0.9998494985508986
0.8473604020466811,0.9993480677892375
0.845246652515959,0.999075921263113
0.8434145700159176,0.9992881619665509
0.8413919188643358,0.9990431444172222
0.838963166338488,0.9995829639949807
0.8371230693392715,0.9990067965453645
0.8353760981950554,0.999213797862623
0.8336434848105473,0.9991146956892649
0.8317109966759842,0.9994392287054159
0.8293872036546636,0.9997440463087787
0.8275007302756778,0.9989692202048112
0.8253071013746035,0.9996507624983312
0.8239067680766551,0.999056762784726
0.8211360414048219,0.9992661236573117
0.81946957085955,0.9996778101853904
0.8178800363843373,0.9995979287737178
0.8155350535057116,0.9999984478968776
0.8137816052073145,0.9989975391701901
0.8117497231317432,0.9992665041794074
0.8094974608252712,0.9996894422787899
0.8074766166294707,0.9995046957272962
0.8055697877019442,0.9987677541701661
0.8034088296451818,0.999104777683956
0.8019085675991685,0.9990195824487773
0.7999148886198139,0.9992358707444273
0.7980508606315204,0.9992786550443277
0.795270562723652,0.9991662089293765
0.7938155893424909,0.9992213377881236
0.7911751841396072,0.9996828572805075
0.7896985204278227,0.9995382514080914
0.7875172381862401,0.9989019482715774
0.7853400630881656,0.9993376638093552
0.7833377344724886,0.9993541614693731
0.7819651870051497,0.9992655955147843
0.7801615768484232,0.9994174437756167
0.7772573423979616,0.9991821538167132
0.7756620485018089,0.999674483701382
0.7738581504989556,0.999851447872766
0.7713330597113124,0.9991675333784473
0.7696511255952522,0.9998359077324909
0.7680242056232666,0.9995465385929069
0.7656716249247318,0.9991726138793338
0.7633510590655613,0.9993665925488292
0.761962600607435,0.9996314868416476
0.7598075837384115,0.9992133406305714
0.7577338586364681,0.9993093612539973
0.755733630951254,0.9989533094497817
0.7541005230228527,0.9994321692442809
0.7514072101153826,0.9998857632125929
0.749832874496031,0.9996731707913927
0.7474389887509697,0.9996069432602167
0.7460939039022847,0.9995861301665736
0.7437250592961598,0.9995841335032659
0.7416610352682893,0.9993750165058183
0.7395245086007001,0.9994963876390834
0.7380471456607707,0.9997885033506069
0.7353184368879376,0.999283180510751
0.7341131456406647,0.9994098312170211
0.7318628674216103,0.9993645821593028
0.7295964066208681,0.9995031641709592
0.7276885734903366,0.9994754816590957
0.7256244779730315,0.9994914184891389
0.7235770078809046,0.9996632373508532
0.7214103258294849,0.9996370763571536
0.7197848477166418,0.9992674037375057
0.717540450786443,0.9997676150529016
0.7152342346448779,0.9993510161717373
0.7138082385827248,0.999654502003864
0.7116815983835437,0.9990923085149219
0.7093861678961401,0.9991349651518067
0.7079082855455644,0.9995010968476098
0.7055929626975559,0.9988984087154953
0.7036216869605495,0.998807915223792
0.7012961868077212,0.9995162710635196
0.6997534180757436,0.9998409613041233
0.697989199316112,0.9992947667544205
0.6960302999623389,0.9994782270302699
0.6931254370836041,0.9994231547755167
0.6916672757508056,0.9994495334664675
0.6899156664543017,0.9993706590100789
0.6878226586645081,0.9996848931199062
0.6854348106562195,0.9993539123682968
0.6836089813233418,0.99965863253857
0.68169674786987,0.998876301828651
0.6800816039867028,0.999156344718381
0.6774259284166764,0.9992701735093175
0.6752311356427757,0.9993329865805808
0.6737527787082674,0.9997864293348785
0.6712643241505964,0.999316670176626
0.6698033966943693,0.9996591816744382
0.6681951964672027,0.9995062049473749
0.6661695133771288,0.99951629164571
0.6633117007964896,0.9994676873029434
0.6619815397510687,0.9991501733412346
0.660315354646146,0.9992874291146759
0.657813805771968,0.9992218068342981
0.655895669737188,0.9992823039712492
0.6536185759866621,0.9993227958058595
0.6517556731629247,0.9991372167981176
0.6500856783124835,0.9993964865927668
0.6472582719788025,0.9992812695597252
0.6456184577821658,0.9996646973813674
0.6441919114411678,0.9995233804678321
0.6422316356047717,0.999310691665378
0.6396991631168585,0.9995572605453157
0.6379492370709273,0.9997002420289225
0.6357885829600637,0.9989832007354318
0.633302824970367,0.9990617331334835
0.6316197118368473,0.9992871068217455
0.6299636112578426,0.9994867004036503
0.6279861922476655,0.9996368845070951
0.6257727958322886,0.9998293817757129
0.6234672498044921,0.9990299536953902
0.621753783694583,0.998992254470569
0.6196380839037,0.9994924426184617
0.617778090672525,0.9995525822456588
0.6156043881543054,0.9990599643705609
0.6140365119436698,0.9996716082909661
0.6117631804876184,0.9993100477675317
0.6096281004586468,0.9996499095271557
0.6077656831626383,0.9996475536582717
0.6060263886966353,0.9992025441488523
0.6038777757984611,0.9988616154491274
0.6021948209375569,0.999301311099935
0.5997394931388532,0.9988042513644685
0.5984022653917801,0.999491529556435
0.5956339127574141,0.9992943295614669
0.5941580801233837,0.9992503720426547
0.5923111469714308,0.9993966604878887
0.5898801295120428,0.9991893954539024
0.5877944381680024,0.9989905203597156
0.5857935838259023,0.999511732755439
0.5834492801614963,0.999345546480438
0.5822933075385006,0.9995480027945757
0.5799547514088205,0.9997212320297884
0.5776172910412567,0.9995079910486605
0.5758430757074671,0.9988813704856546
0.5736079554173281,0.9990901195060069
0.5720646186890821,0.9991406628706688
0.5696559001302949,0.999297472042976
0.5673409154047581,0.9993338365522296
0.5657582750210062,0.9991682574549476
0.5638812201385695,0.9995351876246962
0.5624704022031569,0.9995538590745263
0.5595966933614835,0.999493406058654
0.5573776859671765,0.9994167964896568
0.555845435013541,0.9994682844012721
0.5537873956799665,0.9991325226323504
0.551536696290486,0.9991079277996051
0.5503987810071029,0.9994874457276709
0.5476017157306504,0.9991879405759677
0.5454648318337143,0.9991434757851332
0.543912054813473,0.9997024463946691
0.542146088368387,0.9995375516350166
0.5398812026197806,0.9992459058800819
0.53765918838968,0.9992465265402136
0.5358375160390668,0.9997450434084747
0.5337357961022329,0.9993032478446885
0.5319997451144483,0.998855637318111
0.5301907818050293,0.9996837746889489
0.5280854125627399,0.9994835306017131
0.5259439977959928,0.9996058313111008
0.5237719766115259,0.9994727818194029
0.5215793431214742,0.9990173812603984
0.5198591346194601,0.9994974470675592
0.517678292138102,0.9993344443985721
0.5161183424716349,0.9997783739457811
0.5134020483756079,0.9994072502935817
0.5118323399800793,0.9995025023547319
0.5097527634826747,0.9998154552870573
0.5082980849525742,0.9994497906806628
0.5056799617377108,0.9995675470160427
0.5040817440719326,0.99924539817452
0.5020109598551687,0.9995163738525982
0.49989661127669593,0.9996639444763833
0.49818353871236964,0.999041953941438
0.49610162396880525,0.9992972381040146
0.4936133939995165,0.9993496689416222
0.4917990257268408,0.9993558023288311
0.4894833869382931,0.9995582178742882
0.48814482625418976,0.9992225534406888
0.48566021873772164,0.9994439187751512
0.48396506962769886,0.9996654923053864
0.48220253690984344,0.9991702859857178
0.48005137674651244,0.9992721331965103
0.47803646100101493,0.9996410581005395
0.47642925633725164,0.9993943814717551
0.47412372040783674,0.99952895067136
0.471433996189249,0.999274145255779
0.47015744417593774,0.9991705861023427
0.46811089985011045,0.9992855517450706
0.46589301275197353,0.9992187252324409
0.4641585126699437,0.9989218268552179
0.46156126408184434,0.9994308589871098
0.4596081291735091,0.9993770679064226
0.45855863622544535,0.9992808825421264
0.4561520310520113,0.9996812602976077
0.45395997837441976,0.9994983149625765
0.4521161280124738,0.9994973476429226
0.4500325972038258,0.998884167254775
0.44787249514981753,0.9993491477185676
0.4463910401827312,0.9995118346924088
0.4434592372838044,0.999460274752679
0.4422395735133887,0.9993203348210817
0.439758072119111,0.9991818933384193
0.4376160451194343,0.999201783828357
0.43568618658269953,0.9995151617697269
0.4336113673121015,0.9994130139604677
0.43162443385912014,0.999313885487208
0.4298449058116621,0.9993223873765853
0.4282091928362641,0.9992449320080797
0.42682363856591843,0.9994465213822596
0.424185507032846,0.9995086589526617
0.422122976229111,0.9995740377488577
0.42049555211600076,0.9996097630621875
0.41798787109815827,0.9995971197576999
0.41575121993951597,0.9992839089604134
0.4137539252869929,0.9990996472210589
0.41181330214459877,0.9992470333695017
0.4097310094972374,0.9995523005731867
0.4083328933427334,0.9997127801702358
0.4065967627638957,0.9994966990649047
0.4040150970425674,0.9990324278186985
0.4018588989134263,0.9994449171718693
0.3995056874080312,0.9991881646944868
0.39810446988479853,0.9997048432107007
0.39645536568405554,0.9998040103192349
0.3940045225165712,0.9999562891307909
0.3920112654563694,0.9989618164071601
0.38997637161891346,0.9991060710113687
0.38752538241090645,0.9993110670249314
0.3863798945814638,0.9991339364700409
0.384613851207405,0.9994891177303433
0.382087256196857,0.9992769877616504
0.38038192089317513,0.9995954919654949
0.378033234126339,0.9991238780014735
0.37617976575012757,0.9992508964644629
0.374498835321467,0.9994232256957252
0.37245267034678037,0.999224897003139
0.3702597264927378,0.9997326062306562
0.3677762579473474,0.9993785886489633
0.3657176097431987,0.9993451948888901
0.36378044131166076,0.9994309149159162
0.36188902499592074,0.99939166018317
0.36014925352992816,0.9998207164724177
0.35817162560994936,0.9996427260242098
0.3559933762821992,0.9994766993569724
0.3543328292897802,0.9997800762256212
0.35259578566264643,0.9993186967921751
0.35013837429897077,0.999919368019223
0.3480532476982588,0.9997984262705253
0.3459838871759917,0.9990326612655429
0.34406154721970733,0.999491050513428
0.34224800561403557,0.9999330887742133
0.34031120109431556,0.9996771765514779
0.33812335062754706,0.9988638705981127
0.3358945119523565,0.9994986504258604
0.33421722373930013,0.9989610367555937
0.33209146639009923,0.9994934660768824
0.3298025511649848,0.9991694564342498
0.32827078602983545,0.9989424186584709
0.32585603146932757,0.9993697017006453
0.3243918760964124,0.9994877886083985
0.32244632722424327,0.9993473608415226
0.3202440634875487,0.999637256139657
0.31786977511887254,0.999329668378028
0.3158742400311217,0.9992399446694953
0.3140174414950988,0.9996095428848776
0.3124693008330786,0.9991382440273534
0.3099994681252681,0.9996670546068929
0.307765009032118,0.9993095149134654
0.3063195279803164,0.9992139078593684
0.3037751470054238,0.9992871374185085
0.3024335032668631,0.9992792625678624
0.30034183799095465,0.9997933217655528
0.29800363252439316,0.9993582285559698
0.2961751538184854,0.9994710315085225
0.2942309866571583,0.9991780507850315
0.29248222271550406,0.9993065337580979
0.290254079719729,0.9996453161799428
0.2882378270357766,0.9992936524884877
0.285634181075186,0.9990719857886188
0.2844267555812432,0.9992521858326034
0.2825271087223136,0.9994993954100122
0.2800251577113661,0.9994614424196407
0.27836139365249857,0.9993160033762365
0.27593520875178634,0.9991444000304504
0.2737748711599071,0.9996200190411609
0.27232073307743065,0.9991758079635075
0.27028616696651286,0.9995877229641333
0.26857667762039855,0.9996651238194137
0.26655312021434274,0.9991821332532081
0.2641734247160152,0.9993506120174023
0.262511995297695,0.9995154187965954
0.26020471345483437,0.9996336780031347
0.25805907797485195,0.9996170595068524
0.25565325088711155,0.9993232242676263
0.25403823757445243,0.9995206273404375
0.252626547289679,0.9994932813295333
0.2505248486122396,0.998978843115684
0.2484367609956867,0.999420058618533
0.2459973833112296,0.9992277596425235
0.24380063206336572,0.9995622132866735
0.24216924006440643,0.9997068539276303
0.24007790993503944,0.9989836671976017
0.2379596576412583,0.9993183422279776
0.23588816702724574,0.9992130169125196
0.23379218693272724,0.9990574909598181
0.23199454955842774,0.9995319586085968
0.23069480727186154,0.9996179062590035
0.22833567624024095,0.99935208991568
0.22653240344447576,0.9993094108763705
0.22469691981234455,0.999165701539254
0.22292838168633702,0.9995399848937915
0.22031017859406904,0.9999474247579518
0.21841241233098524,0.9990826157091851
0.21626797674922044,0.9997584624059026
0.21386679787728372,0.9994772966857737
0.21228153793965265,0.9991896697961596
0.21085957268291847,0.9995371017218916
0.20842694678799883,0.9997769525048511
0.2061677923097808,0.9996128617559277
0.20466040461636542,0.9992590039583212
0.20252393399915497,0.9995128431452965
0.20057782156751217,0.9993224158027821
0.19850231900673737,0.9991951123580706
0.1964206894190042,0.9995300353241786
0.19408888506758412,0.9992802796106632
0.19240821258690485,0.9992132823952097
0.1904389613965704,0.9997477883357471
0.1880329501984396,0.9989370776494181
0.18674133418136218,0.999198982348643
0.18441124960102653,0.9992195940172973
0.18229432547408078,0.9992444694785398
0.1802527267021789,0.9998089885646675
0.17803885738941386,0.999214854831642
0.17629419939509364,0.9993545779972032
0.17441085425092326,0.9997172705294324
0.17257565453542464,0.9992520034906072
0.1702944414618245,0.9989739849830561
0.16805099845865315,0.9991412870939741
0.166506607399144,0.9991756908596271
0.16460271224219722,0.9989689102886751
0.16213597196358498,0.9990255100457807
0.16082304581188087,0.9991721629829937
0.15833215024526193,0.9998402246246395
0.15634027547226997,0.9989148000545542
0.15433676957452758,0.9988960834982487
0.1520363567098889,0.9989092982311575
0.15071950409686558,0.9992893558940109
0.14828678343742224,0.9994953749268882
0.14673933177549425,0.9996425063854532
0.14457448993094357,0.9995735761642627
0.14193839485023504,0.9994179026573411
0.14074451703053564,0.9993218844447291
0.13848553821885307,0.9991088896845493
0.13661230013507902,0.9996277269965473
0.13410837580315002,0.9992598308558264
0.13277799084996544,0.9992214362691746
0.13040917794242132,0.9996389034594092
0.12847299426072864,0.9992146556786787
0.1265731442125994,0.9995119432342524
0.12451743966559368,0.9991505032490863
0.12277902008505498,0.9991259306910681
0.1209810914456052,0.9994362476794741
0.11826483500466932,0.9997037353697139
0.11657279362812394,0.9999645520158611
0.11430667988530568,0.999348921636482
0.11292216468822927,0.999363838547869
0.1103848273947197,0.9989999601514512
0.1085005699399025,0.9998258356174854
0.10656472443648883,0.9997814175897336
0.10492972104781863,0.9994291410232761
0.10183215105289067,0.999385202071345
0.10052168574926582,0.9990264132908165
0.09824889194942349,0.9994118416154124
0.09709258354905832,0.9996270230260172
0.09447935977712849,0.9992284472153927
0.09268998828053673,0.9993967459379394
0.09050804980696871,0.9994652245443947
0.08817279635693048,0.9992547413533178
0.08594468882164838,0.9992217355115812
0.08401167933655668,0.9991589216269919
0.08227307435405713,0.9994042680009306
0.08084573749840623,0.9996189128874958
0.07866737502982507,0.9990192019596804
0.07666771658344144,0.9994621312724892
0.074762906524562,0.9998580832005749
0.07221453896744857,0.9994558886751557
0.07018973690665724,0.9996095583930752
0.06816510612586904,0.9995901292318876
0.06613610848574208,0.9993017923619619
0.06426528538476022,0.9994516769103445
0.06253924384975786,0.9994926100141318
0.060231097679565686,0.9995746224649983
0.05906143418180367,0.9993499862059002
0.05671850041459689,0.9997836724813809
0.05438962865994212,0.9994778019640015
0.05236686218638481,0.9998330264658328
0.05080574546550973,0.9993456636000269
0.04880476088816085,0.9993513704925368
0.046804107743977495,0.99949369344396
0.04447905377320276,0.9996895099209153
0.0425376550078238,0.9988963630885165
0.03997322252377268,0.9994496420464662
0.03847460725856282,0.9995091696979557
0.036993860716552,0.9993645976554095
0.034847386679867504,0.999217236562756
0.03294684738475028,0.9995694636511742
0.030855060121450343,0.9995063227047427
0.02809334029889298,0.9995101844948576
0.02663574516422079,0.9997414235082909
0.02433514977930724,0.9989588769466611
0.02230572837542226,0.9996757944245167
0.020795616695750092,0.9993546012547043
0.018187365360310764,0.999551465071763
0.017040054762183995,0.9995322380864727
0.014433056783806865,0.9996417735218207
0.012388299143007741,0.9993186740259088
0.010512112614051472,0.9995552035264251
0.00857185696511077,0.9993321852543486
0.006050903643309622,0.9993331310780843
0.004782591313713031,0.99942536297627
0.0027796271166629755,0.9997279037393028
0.00038165405280029657,0.9990468986818013
0.001123063060810892,0.9975114450211892
0.0006323173229590602,0.9957213887511877
0.0007508166693734225,0.993123088250177
0.0005046637432531512,0.9914766038773933
0.0010669970732513463,0.98934600684184
0.0004966098551108031,0.9868078742731416
0.0012891230262754775,0.9854996903675436
0.00021977083526114122,0.9834547805255197
0.0006001424215988132,0.9818265035151384
0.0005031678728388707,0.9791931117628475
0.00045106471726025487,0.9772783562917927
0.0004695100452603059,0.9757861226287651
0.0003272075806868806,0.9733466831587421
0.0005120949629282221,0.9714527996590161
0.0004307842560172105,0.9690470131859544
0.0013508465084024791,0.9675218236260323
0.000637409900702136,0.9656077126207108
0.00017194170815241003,0.9633685278596436
0.0005126666041607296,0.9616983907131483
0.0006932107409218516,0.9590426661389334
0.0008046479365580514,0.9574121024604622
0.0008079543114257534,0.9550149924821453
0.00044215073946496353,0.9536145989862501
0.0001247405680853188,0.9513430061894532
6.656160754234956e-05,0.9492001223634227
0.0006308481545443547,0.9475502156758077
0.00023302463771135738,0.9452172991585547
0.00042518887720741755,0.9434820939009787
0.0007033553591326542,0.9413280779547868
0.0011232495117257813,0.9396556741586771
0.0004354886897242234,0.9373145964829332
0.0008287666686443968,0.9351124055242143
0.0006559927329420293,0.9332371496298731
0.000469744159437727,0.9311484321502589
0.0007042024471076355,0.9294000960470697
0.0004477610620703193,0.9272863810961213
0.00038796920909418164,0.9255901087569465
0.0005632569870594454,0.9232343306163803
0.0009781560437501368,0.9215188151946622
0.0008121274301081204,0.9199004148859384
0.0006402145484446524,0.9178166706946226
0.0007320955523438212,0.9150663775442004
0.0007950539439661672,0.9133983466038811
0.0010753509560555829,0.9117485579737407
0.00020615994554521434,0.9093300614183292
0.0009599074476230307,0.9073697317007041
0.001020112279261212,0.9056005304758659
0.00031116438331415256,0.9037929503685038
0.00044070712584110244,0.901429074598066
0.0003531409802559336,0.8996572872494594
0.0004712069705249005,0.8979865932100125
0.000894095069764747,0.8960179298144858
0.0007754769345104236,0.8938600341093015
0.0009041755115576348,0.8915514738336343
0.0009440463081531674,0.8892781292055488
0.00019165095409604238,0.8874922290812174
0.000960947225567225,0.8856063544120305
0.000988337045332068,0.8834411408255015
0.0005985196416678134,0.8816668943376882
0.0011038945172152535,0.8797080685740415
0.00036857637206595526,0.8778250266457968
0.0005040696286931261,0.8756620489908836
0.0003875884943042718,0.8735610998934622
0.0010808596193089067,0.8715560646832701
0.0005478627427323938,0.8699600837293564
0.001118534160168887,0.8675600936821921
0.0010205895816697353,0.8654869478897864
0.0007517941452377801,0.8635294996951323
0.0007132519910164737,0.8617049418670523
0.0007616329641134742,0.8594574415574349
0.00039793848661381394,0.8575708762664273
0.00035393682848094607,0.85578135545259
0.00029584578342948024,0.8536366880952617
0.0007721965275864131,0.8519412571240583
0.0006187176901822713,0.849559674910895
0.00021996296569335396,0.8475035817065685
0.0005847095159700309,0.8450483381764983
0.0008687042622298019,0.8433774522861867
0.0010162819693674146,0.8416057816808872
0.0006052956193478199,0.8399469805725054
0.0006422504348743588,0.8374815849983457
0.0010999018211941293,0.8356794587477071
0.00028106503942518685,0.8339008446994041
0.0009236544697794178,0.8320251074135158
0.0004058087602401361,0.8297822671725726
0.00041987551015014993,0.8278222250745783
0.00058730046317649,0.8252693051292703
0.0008755265026463202,0.8234579559047884
0.0008074473219159583,0.8213338467701453
0.0005215854004288893,0.8196602942900573
0.0004227044807626547,0.818020753040185
0.0005383511654187727,0.8158582847515601
0.0008541359063420353,0.8136909812352243
0.0007941752370401511,0.8118815618433968
0.0005268928453971258,0.8091428878181678
0.0003020022295572714,0.8073939024911497
0.0005245070415402809,0.8054040939250289
0.00031070892879192123,0.8039415468331886
0.0005075710206408845,0.8015959543953528
0.0008982568181969032,0.7995109680765378
0.000568798632427262,0.7974694002844371
0.0011515293245401377,0.7956478780997512
0.0005901691408673413,0.79391768260295
0.0006919315540696699,0.7915833643569632
0.00034586188236318137,0.7894346208391252
0.0007833647311265685,0.787260607716941
0.0005517681393071429,0.7859159424138096
0.0009093427730036012,0.7837098037859256
0.0006386852716663029,0.7815000777438175
0.0007293619831011099,0.780100200917725
0.0010078844151370082,0.7775883829818516
0.000616234890309389,0.7755134443939609
0.0004560584135469939,0.773428023176696
0.001176001905619368,0.771757906922033
0.0008491186399633472,0.7693414645217543
0.0006143975617755776,0.7678317661544174
0.0009660072277949633,0.7655222462262754
0.0008268226709778627,0.7636951118087204
0.000685924793394855,0.7618983459964539
0.0007755266194955663,0.7594970517394621
0.0002919706758103016,0.7580207208735193
0.0003453592181428992,0.7556390015841271
0.0008055507601988639,0.7534730425041738
0.0005826438562195721,0.7519672692458156
0.0007910646795486465,0.7496590708382823
0.00040919891175501295,0.7475288225996645
0.0006420538413733608,0.7460179958873119
0.00023306885845348789,0.7440101391679895
0.0006957682897447195,0.7414652428700614
0.0005393701460683584,0.7392605067113273
0.0008911125565346398,0.7375230165809266
0.0003089155216729313,0.7360775618332172
0.00014492145217309248,0.7335656823819924
0.00047621968982229467,0.7318604811126338
0.0011048176487693428,0.7297867102402732
0.0004752279402265511,0.7277126597885019
0.0008221376594969423,0.7256705331949765
0.00012969904609933856,0.7237460542971541
0.00017553540407355014,0.7217017810055724
0.00016970556010604716,0.7197859555750105
0.0005564732793153709,0.7174120576960832
0.0004188845903526461,0.7159690877976596
0.0002355589558854038,0.7137619184898346
0.00016713576058689482,0.7119501922208937
0.001039735472943478,0.7096673460721291
0.00039876434937839765,0.7077367168646473
0.0007908677306086594,0.7059474723035836
0.0008926678976134086,0.7039645317477823
0.0005245249980304341,0.7013927398891159
0.0010493820070272308,0.6998272757266957
0.0003722187371553109,0.6979629115606616
0.0006535847469513022,0.6962999475304023
0.00021504696772977784,0.6938099362630862
0.0005067925272136827,0.6918957716253318
0.00026648638854114064,0.689913067172365
0.0004434038584309466,0.6880716298851148
0.0009158178778202468,0.6861691997446183
0.0006041242626264801,0.6835912922229532
0.0008573608831582562,0.681994313187862
0.0005046653116285694,0.6796055961754459
0.000953809166278093,0.6776047896502029
0.00010176093574666414,0.6757945881698232
0.0006996025899630295,0.6732727927454434
0.000261783338328456,0.6718694300939229
0.00042611335608892657,0.6697831812629552
0.00044370726091083395,0.6678961471547573
0.0004238226787491205,0.666019076369594
0.0009381957003654866,0.6637938368234438
0.0003551522103547388,0.6619129495419173
0.00027960154041062086,0.6597512974939621
0.0012296233407806721,0.6579334635283247
0.0006085454282659453,0.6559254656337349
0.000618064390088155,0.6541328389884293
0.00036144608218296933,0.6518259694161135
0.0006500602078987925,0.6496425789145625
0.0006199672333763665,0.6473402957290921
0.0007991426797304836,0.6460628941542842
0.0003648434147247471,0.6438781617598994
0.0007165804926212006,0.6416116464658106
0.0004572838862220537,0.6398452315107495
0.0005533470553109031,0.6379637460308386
0.0006413669192833619,0.6358992484279372
0.0008015097712026122,0.6337537778090171
0.0005737803164367521,0.6318238458906175
0.00049525907657159,0.6299490473332447
0.0009178338580184972,0.6277207293292109
0.0005702538879523197,0.6258585869157828
0.00022589048514706382,0.6239866573178903
0.00045391670662742623,0.6216909284222393
0.00013090008101412736,0.6197472581819592
0.0007322584981174963,0.6180429358294861
0.0011214497503311458,0.6159268321398007
0.0003926553654317899,0.6139589468722068
0.0007736807905299146,0.6120959572858509
0.00030020775261433433,0.6100254527996664
0.0005993341185774622,0.6082876118907533
0.00026216898122855914,0.6059243173641059
0.0005477850355430774,0.6039495144598835
0.00040023924451460175,0.6015574852395491
0.0006618742983828151,0.600015640273744
0.0003248366043675387,0.5980755934894978
0.0007991226475379344,0.5959619510718925
0.00041003016436389443,0.5940328835040216
0.0006726682439127371,0.5919212935563439
0.0003319399869795269,0.590121633613791
0.0002938521671385748,0.5878057638291121
0.0007901453243528009,0.5858612823982273
0.0009096462478390483,0.5839241494367573
0.0004568376378880002,0.5821114059544138
0.00017051324021814663,0.5798181601185765
2.6634088971513512e-05,0.5778475591750964
0.00036713505424825805,0.5758983178655135
0.00084945182664252,0.5735679013671418
0.0007918997972711756,0.5720929403789528
0.0004477951413239943,0.5698770413268349
0.0009669034871634243,0.5677680383487936
0.0005576658935444509,0.565649010926725
0.0006737961993799981,0.5642239485574428
0.00029820215764008075,0.5618801696294904
0.0003450646365426136,0.5600898118213955
0.0007748117947691174,0.5579874782189792
0.0009653906146401517,0.555876227680347
0.0007939183614901014,0.5537101922141889
0.0007274261080260314,0.5517927914394447
0.0004937622294370746,0.5501671868900075
0.0010504606005632539,0.5480549545822553
0.0001343911364369368,0.545939290792693
0.0006763269315881704,0.5438098434096889
0.0007592501937545228,0.5419248944250482
0.00036570816134369184,0.5396060966684773
0.00044036157388366044,0.5379862713182256
0.0003840081329424497,0.5358990834404836
0.0005083631424536012,0.5336286538824176
0.00047588777184512203,0.5323415259824088
0.0008937963168624227,0.5300483267174401
0.00038876616952330677,0.5281440147314165
7.690208948057596e-05,0.5260711963517425
0.0008945629480623331,0.5242740048467838
0.0007679524201012882,0.5218139939109598
0.0003483351158431697,0.5198281392659091
0.0,0.5179016924724459
0.00044507546694253614,0.5162204090951946
0.0008456519747463488,0.5137382821453539
0.0005631612984479223,0.5124540960052636
0.0002289177349195482,0.5098231513831191
0.0006465304529344577,0.5078058705628832
0.00061698495823269,0.5060956338009319
0.0005008239662924395,0.5042211241978681
0.00047787935657666024,0.5016210839476678
0.0006000631644461435,0.5002526030561821
0.0003616423281110244,0.4979397408972462
0.0004678127588062073,0.49637877496807903
0.0006412203852915325,0.49436715477816573
0.0005120059867926472,0.49186416658244586
0.0008087738594136647,0.4899742421318804
0.00048473042207975537,0.4876348195315043
0.00026342781193869287,0.4858877195613167
0.0006307614315678999,0.48380417846122725
0.00032770447831479983,0.4823366110246557
0.00047562852072582316,0.4802816805126192
0.0003383647409913286,0.4780862146964552
0.0005268284494058184,0.47586958209463154
0.0007606727640656171,0.47388943742875167
0.0006690989072911283,0.4718041533227884
0.000644326654650554,0.469919366775168
0.0007225546539456875,0.4675699080548073
0.0009994168703021241,0.4660690605681758
0.0008646230505390415,0.4640442342681935
0.00045862127380446227,0.46231201050214
0.0008679782688617565,0.4599408532001374
0.00040038928033224696,0.45833865857471845
0.0004697071750485215,0.45590020053168123
0.0001558996312050053,0.45407522776205006
0.000678732082397362,0.45229646469573176
0.0010183197125391342,0.4500463528478753
0.0005824283323356124,0.4481305736450122
0.0009128356519314579,0.4460131816717931
0.0011900557366723154,0.44414633900604533
0.0005109441625158475,0.4418523326540121
0.0008744729749031849,0.4399913196647181
0.00028414075642262495,0.4383825818771806
0.0010106870532476677,0.43591072805776937
0.0010391753117878334,0.4339638404085826
0.0005750792164450517,0.4319261720315665
0.0010677117806458898,0.42997302252480807
0.0005046479274143587,0.42819557703634376
0.0005691795905012283,0.42597904124401587
0.0012035046112486155,0.4240619508811032
0.0007703996958113721,0.42189139264494385
0.0006737173160692588,0.42025754001716836
0.0005504731687451548,0.4183467734328036
0.0008784091061237461,0.41602598951045405
0.0006934345416858444,0.4143311218229779
0.0006013463016334344,0.41230504209944885
0.0002786607075974797,0.4102307480693103
0.0007968333096345366,0.4078929875763443
0.0005198618437095281,0.40600084609323706
0.0002674757538136662,0.4042549424962385
0.001028622197511148,0.40203010477337403
9.927431312936021e-05,0.4001451399938857
0.0002745423298937516,0.3981871060732142
0.0005217732534404521,0.3961445803380916
0.0006144615900047838,0.39356177589465063
0.0005719152399023349,0.39176742783340357
0.0004797515452525411,0.39006623660464235
0.0005459890169595836,0.38767864684810627
0.00017289440189190413,0.3859600319078712
0.00037283881704698314,0.38412838845298214
0.0008148231957029369,0.38205892075278347
0.0007909500574630343,0.37964400622415223
0.001173320264925282,0.37814775127184874
0.0004781300286159356,0.37587858803982366
0.0005439548391658623,0.37425475285288134
0.00043532703042632043,0.37169738712264555
0.00010487563577971239,0.3700219447250124
0.0005684174267017075,0.36832497313693546
0.0005411920598525463,0.36643492593019256
0.000948179170573225,0.3643836578062718
0.0006689015659141055,0.3620780662710667
0.0002921328498048517,0.36006007881336205
0.0007583267923982366,0.35797830394850744
0.0008620478087372732,0.356374052113237
0.0006371441749662267,0.3544896604388482
0.0007029605620520864,0.3518583370468882
0.0001711875919508902,0.35030321009973564
0.0006500095127175997,0.3479943586433678
0.0010334711366030117,0.3460599747503335
0.0004495430288952515,0.34403134907470545
0.000391776371352217,0.34216357476757414
0.001019585178260703,0.3402897548411319
0.00046023615806571193,0.338333379828652
0.0005340520271993482,0.33595280285426243
0.000960185263906058,0.33409264652439524
0.0009194799811429808,0.3322130859018558
0.0007816965765300127,0.32988813669820455
0.000578785591610075,0.3279445609815511
0.0005254489303588848,0.3264724482387149
0.0005163195550855395,0.32465364579766504
0.0008532436510840715,0.32210415850123963
0.0007234477176519854,0.32037644813324756
0.0004256488747747225,0.31829969350753007
0.0002122482386025617,0.31625720208507696
0.0008577281559816221,0.31426585232313625
0.0003555205273041784,0.31228391496092284
0.0011450341667217617,0.31023004981658386
0.0003684330819788816,0.30814068845731385
0.0007636635607696432,0.3064143661309734
0.0007220374845050378,0.3041604833267171
0.0008205249877540433,0.3025290654172549
0.00026872806684340785,0.3006473442858639
0.0006793057081940433,0.2977874321988713
0.0010495537522020992,0.29641170587837284
0.0008529800651334787,0.29420600430784427
0.0005263955652545127,0.29219509643048025
0.0004123319483538503,0.2902776852944419
0.0008300909334923068,0.288322735956359
0.0003805376698774285,0.2861915739082968
0.0007046574156734023,0.2840165179451886
0.00026022390731869903,0.2824360624924797
0.0007916594373862184,0.2802891404396353
0.0004696251956223819,0.27848831195001983
0.000758374515102652,0.2760760895099492
0.0007831631978915638,0.2742846557793423
0.0008471750804468051,0.2724814710170654
0.0007654082045185074,0.27014958331575106
0.000854523554882894,0.2680677968731805
0.0006087129122889404,0.2662814799604726
0.00044687743577986297,0.2645595186919679
0.0006933946746012912,0.2619548320738835
0.00041147277566460575,0.26047218413373335
0.0004203771625507567,0.2583798261173225
0.0006673449463585392,0.2566575744517689
0.000262052066751891,0.2544576333580143
0.000818642268027645,0.25246019917298196
0.00031248694971991616,0.2502558962241948
0.00036386367117338653,0.24867177772344667
0.0003713506964464502,0.2464316769359379
0.0004567920100746915,0.24466275504239035
0.00046928295125551014,0.24209664076739634
0.0004783158257261308,0.24010533872398265
0.000714634844698873,0.23862936396141626
0.0005809089950984394,0.2364777691070376
0.0006817649382210431,0.23442315294262803
0.0006949571597201942,0.23263159884682785
0.0009554439137811296,0.23008463405298527
0.0004447032759349386,0.22836755786314344
0.00043954454336676835,0.22638576494268112
0.0006422756169382203,0.22433645777517355
0.0007535260173103374,0.2221710153654079
0.0005467297783472748,0.2206678115963512
0.0005711755114062367,0.2186750045409795
0.0007533168849888722,0.21637053404043805
0.00023425842489009166,0.2140809773375223
0.0008077145362778179,0.2124011385196353
0.00033796613812861617,0.21026109939673696
0.0002364211850034164,0.20830536815341727
0.00048263067537938437,0.20630565904228698
0.00037749381038505465,0.20421016838436445
0.0007351164861886224,0.2024506309565146
0.0002493208060289585,0.20023990022439078
0.0008193447014517802,0.19872140296371466
0.0005029281537189022,0.19621693911092994
0.0004389852714552641,0.19479530305799958
0.0005697104615325422,0.1928100641897183
0.0006456992885397226,0.19035787568954757
0.0003178622127466051,0.1883094737352775
0.0001805825818631595,0.18620703186135093
0.000540115451378152,0.1845110190806046
0.0009337872279036753,0.1823038925963717
3.545896081562928e-05,0.18054755210700452
0.0008722987951578138,0.17816345400490094
0.0005947275873144364,0.17649023232942154
0.00010718558004930016,0.17441714214667203
0.00036617838592469535,0.1726749012571063
0.0005784716926297394,0.17082727480045537
0.0007788708390850453,0.16812123879145235
0.0004984341980455234,0.16666475064691932
0.000692232972312984,0.1644374021946727
0.0006702042308949244,0.16237603147811694
0.0009169921875373445,0.16042085387532062
0.0006366040259682354,0.1582955143717573
0.0004896756223460942,0.15632895562660246
0.0003885138531705198,0.1542795587903734
0.000931381662025135,0.1521234765448593
0.0005314149999265118,0.15046002178451315
0.00015970314814173081,0.14822748585862505
0.00045891325769734786,0.14631768391285024
0.0005202288646079387,0.1441126829669995
0.0006917341411445767,0.14195370107223143
0.000495056276360466,0.14016264479489082
0.0004974997756092564,0.13828293731663913
0.000770971992063745,0.13600342219024014
3.7671827751452504e-05,0.13430919518888623
0.00042105333366991923,0.13226636565830133
0.0007054789764487762,0.1303518760222734
0.0005374791853734242,0.12878416312887675
0.0006481132755966264,0.12612232835611262
0.0005235786334611709,0.12478335010169253
0.0005830661543715722,0.1220856940116718
0.0005488259318789611,0.12036531664028666
0.00079694827593032,0.11829867746884554
0.00032104557095280885,0.11631283571386425
0.00014757043613436048,0.11452797596571924
0.0006236624720600201,0.11276962833145066
0.0005631160175223458,0.11096124604492873
0.0006488907081519035,0.10861446680499352
0.0004078356027621587,0.10613783748393457
0.00046015922077548516,0.10444418961918615
0.0008033395523712228,0.10261393586008871
0.0007891250566277896,0.10040541424835549
0.00040192902070215037,0.09844874886601875
0.0009460910022205689,0.096242184989863
0.0008725526150660678,0.09451788709860734
0.0005781218258833436,0.09242772161026926
0.0005287252667354091,0.09067767361576966
0.0007679257758433619,0.08853557218123705
0.00033857423686085424,0.08657696655340316
0.0001860502869577509,0.0843512326112283
0.0008246910148101284,0.08269650353663724
0.0005722140023675356,0.08060548092597446
0.0003051500770723259,0.07868988734808863
0.0005777803570204609,0.07597450865715086
0.0004734618148335276,0.07460059813119953
0.0006247023752260814,0.07289744843922132
0.0006420628092794995,0.0706188698585599
0.0008122089200487779,0.06850142090394032
0.00024271907112110574,0.06661902460178078
0.0008069973940019467,0.0647895961274121
0.0005193850152170854,0.062281032121430296
0.0003370980298372054,0.060565589016113884
0.0008738401711975724,0.05858213288418537
0.0010027751416317474,0.056404852326778075
0.0003394532995523223,0.05474266560336059
0.0008371401037337831,0.05228015344845368
0.000832182100966721,0.05009111682129045
0.0004827564298630469,0.048328616606688794
0.00011917011177868157,0.04658842239393669
0.00021013362774987722,0.044789990328520025
0.0005689054589769842,0.04240986541840178
0.0004102499914976664,0.040228951621198654
0.0005778475565280953,0.03845391886512922
0.00046089334517874467,0.036311586919361274
0.00021811243298037425,0.03429283709035924
0.0008756001769003518,0.032620587022932315
0.0002056591505187491,0.030671392887206717
0.0005677807902288764,0.028366066672719074
0.0003806277979537028,0.026389962385900946
0.0009549004452722032,0.024409920575896842
0.0007094075163172837,0.02276150817841391
0.00012018131905580492,0.020540879810889458
0.0005863004577553256,0.01822312220234729
0.0007187272050277647,0.01600510159116811
0.0006116336360181466,0.014938158237162975
0.0011668216117604964,0.012465703739235914
0.0003745814467312519,0.010474776175375095
0.00018343203582700724,0.00889502654726177
0.00035880618247222,0.006592963968412611
0.000657586750596333,0.0047399339475593895
0.0005372012288443591,0.002774626582212472
0.00038372396314452435,0.0011336555320380828
