725.4757708235397,5513.705890644549,7765.226260522634,5515.150139762839,10,10
735.9132254419683,5509.033256105474,7752.399603059885,5506.279947215117,20,20
751.8190565043159,5500.516714210075,7736.379544136338,5496.704669871964,30,30
766.0570447761635,5490.1789320876815,7725.44583201346,5488.847796461767,40,40
778.7170370183652,5482.011920416843,7709.557653106438,5477.929582273069,50,50
794.2301020206218,5469.724887580826,7695.331575152224,5472.824316926021,60,60
809.1762348847751,5462.915769233632,7681.2020627919665,5463.4087148817525,70,70
820.6143093344053,5452.311603657402,7666.710716052118,5452.007527786773,80,80
835.0033810627224,5447.018491347979,7651.763044767385,5446.353617282034,90,90
850.6596502853157,5436.624272608436,7641.714684911543,5435.701465857091,100,100
864.3416549801025,5424.6229789429935,7626.515301281975,5428.856059116838,110,110
879.0575350511116,5418.154269523175,7610.780012865858,5416.349908982659,120,120
894.9514866733983,5411.0644826501175,7595.668882799462,5411.627985701036,130,130
906.3109354859798,5400.719912262779,7582.651582415935,5400.660736973512,140,140
921.8023655217191,5389.946328452868,7566.45726165733,5392.179929724294,150,150
936.5246919269402,5380.680812227033,7556.568876389878,5382.504238755573,160,160
951.3218053447309,5374.973181844598,7541.482929813847,5374.619186088376,170,170
962.2365083426001,5364.928021255855,7524.076470758976,5365.852165700754,180,180
976.4246955387889,5355.372032152373,7513.526088509441,5356.745334016935,190,190
990.303414489455,5350.186528796288,7499.890153992141,5350.3776023582805,200,200
1007.9324636273831,5342.333999232376,7485.728776716922,5337.784225833556,210,210
1019.9523325841968,5332.204706113499,7470.00058565229,5332.007513715481,220,220
1034.6259355105342,5320.572753636783,7454.0441218761625,5325.141974503458,230,230
1049.8603939702095,5315.7977992655715,7439.152281155028,5315.832592127724,240,240
1062.3080380514439,5307.931429923298,7424.942017206809,5304.029681079058,250,250
1076.1622618230945,5296.439078928073,7412.510083361682,5299.658258933409,260,260
1090.3273229396962,5287.1715970363875,7399.6639496153475,5289.0678022747,270,270
1105.4112739744235,5278.488226333874,7383.60640752136,5278.8780052834845,280,280
1121.1317604069884,5274.255198080192,7371.421717327075,5271.830122887696,290,290
1133.7591817294415,5261.201755210973,7355.301892723544,5262.0696256699175,300,300
1148.5011371528158,5253.4943608484145,7341.959796722482,5257.441462164578,310,310
1163.523777876419,5249.384010359533,7326.2099143356845,5248.51923872529,320,320
1175.3035631600076,5236.554606240173,7312.249878334271,5238.084356109719,330,330
1189.3026597488747,5231.526026727369,7298.1950754706995,5230.849473022541,340,340
1205.0625954374827,5223.99515360214,7286.041270512349,5222.319946590913,350,350
1221.0181452806683,5214.78904118688,7272.741108589503,5213.895970304051,360,360
1233.826933445964,5205.138967002338,7258.107823536417,5204.0966741592565,370,370
1249.150737338449,5195.6863734396175,7241.051699073751,5199.0559048998375,380,380
1258.9082817876854,5190.322357299209,7230.604082831187,5191.005305438887,390,390
1273.1890637904862,5182.482643150826,7213.772127785701,5178.931730503623,400,400
1288.2358768172214,5173.330462087317,7202.9550865761385,5172.961403729018,410,410
1302.3538745054807,5164.262259918247,7185.388001020145,5164.08030970011,420,420
1317.8612005615723,5158.051396885503,7174.505579976603,5156.706810561281,430,430
1331.227740255284,5146.88533294283,7157.9813577411205,5146.96241298728,440,440
1346.2246983358154,5143.554064523922,7146.061011172466,5140.988513883341,450,450
1358.1666089220557,5131.854237712256,7130.368230980649,5134.620592485015,460,460
1375.4866847905025,5127.177630700182,7115.476396562202,5127.627683729488,470,470
1386.7987834030168,5118.904186354704,7099.445200838677,5117.87372150388,480,480
1403.7429946506597,5111.694836869741,7086.721157606815,5110.673006673769,490,490
1417.6807281320068,5100.414480475697,7072.008885712615,5099.318973993312,500,500
1431.3655839635596,5093.388197381145,7060.100602945688,5093.782946993919,510,510
1444.390010625812,5084.577759798644,7045.916373457326,5084.818297249075,520,520
1460.8063378297034,5078.121481619899,7030.3123592125585,5076.603091945017,530,530
1474.821081124382,5069.764773922893,7015.808941861154,5071.751382073371,540,540
1488.5904948837197,5061.071341563098,7000.975521535052,5061.139697103705,550,550
1501.608089498441,5054.189855821634,6989.765434739486,5054.889668425186,560,560
1514.1614689717949,5047.911736568131,6975.33729762422,5047.1712346288305,570,570
1527.5523885767225,5039.348080784259,6962.242502770751,5038.042198300498,580,580
1545.0158308967323,5032.394461277941,6948.308376549471,5034.4104972972955,590,590
1558.0666570155386,5024.0898053227465,6930.383010759567,5022.827576780045,600,600
1574.434690692573,5017.822329313664,6917.6835623860015,5016.339485073846,610,610
1588.3517844329588,5011.686014001381,6903.584509151964,5009.842464709623,620,620
1601.0698004262233,5000.389608724886,6888.048416848271,5001.223887534655,630,630
1615.4616457031298,4994.453870727954,6873.608118699187,4992.293798214305,640,640
1629.3094457198806,4985.580734356096,6862.461816010853,4988.591419906567,650,650
1642.9582774571763,4978.274007082705,6846.696592553924,4978.4412813861445,660,660
1656.169407912879,4974.221844412912,6833.558770780244,4970.427646610733,670,670
1669.0344752000253,4965.436914601857,6817.311686626002,4966.736053158299,680,680
1686.8372387330253,4956.388155059216,6803.851283300612,4955.1481006803515,690,690
1698.02240804907,4949.02289646409,6788.480273407639,4949.00335403659,700,700
1714.3565119938505,4944.998373078798,6775.730172274817,4941.03059175611,710,710
1726.3906165322956,4934.722160398658,6763.725038193112,4937.175941138144,720,720
1742.8892163451173,4928.124457805953,6749.522554434908,4926.892965711491,730,730
1753.9202403483218,4919.490059947265,6733.518127872162,4922.000327173407,740,740
1769.4272608764047,4914.530749560859,6720.961025805603,4916.40893626816,750,750
1782.5893106520866,4907.6820043361995,6707.859974598124,4906.756465435336,760,760
1800.7478003087085,4899.657668521929,6694.204808212651,4900.740813093692,770,770
1813.0120609497537,4892.8772344870895,6680.018302758624,4893.784815910519,780,780
1828.9703592089327,4884.449005096384,6665.838482953057,4884.3231129127425,790,790
1839.1353048160797,4881.215440922887,6647.116524587287,4881.308224780794,800,800
1853.7340688919332,4873.492790981546,6636.758386632455,4869.559847321202,810,810
1868.9048794497967,4866.048246877361,6620.526195275472,4865.134063731837,820,820
1883.3530757555825,4856.971019909643,6605.838215070365,4855.837227963885,830,830
1899.5563322345226,4853.4036080927435,6593.302618789149,4850.355212762057,840,840
1910.0869383906652,4842.894764603684,6576.159752688774,4843.4727833093075,850,850
1923.8599090380767,4836.048222426037,6564.210135432707,4838.769284282782,860,860
1937.5342962613054,4833.124990437282,6550.215208762046,4830.506617602778,870,870
1952.0114718757304,4823.368458343475,6534.360623461335,4823.02177689859,880,880
1966.5102669152543,4816.166073330248,6523.532285208511,4819.754726148029,890,890
1982.399680388669,4812.132242942066,6507.338962579212,4811.5117813671595,900,900
1996.04403441473,4802.1588836052915,6492.461093964715,4806.635079037797,910,910
2011.5382600859139,4795.301517582034,6480.054987237266,4795.9245666192255,920,920
2024.9669293699292,4790.125706395511,6465.1347617849015,4790.861083283026,930,930
2041.0898396186456,4785.286799146435,6449.907391032422,4786.2470861490465,940,940
2054.490666060996,4775.75373147854,6435.287023772392,4776.565248164584,950,950
2068.011348557093,4771.983062681063,6422.6152303340305,4771.505501991977,960,960
2081.7588514539366,4766.670400863435,6410.329485844841,4763.544240695833,970,970
2096.325425831542,4760.244080178903,6395.2766106499,4757.513921108922,980,980
2107.25453093953,4752.066246874478,6379.106051623031,4750.213518612931,990,990
2124.1055824299033,4747.351864895561,6368.5896755559825,4744.659550128959,1000,1000
2136.9183788211535,4737.265357772233,6351.789378983175,4737.736760724538,1010,1010
2150.2565803743837,4734.948263465951,6340.4783821415185,4731.746018358976,1020,1020
2166.5018562003834,4727.914882350852,6321.926947348534,4726.712612564349,1030,1030
2178.814043853785,4721.372093239219,6308.8710425198715,4722.462327195156,1040,1040
2193.911345164236,4713.077356061698,6297.968195354815,4713.457356619701,1050,1050
2208.1339331844274,4706.702799169494,6283.514393177136,4709.15079231155,1060,1060
2224.767311206016,4703.694377295853,6267.984760246407,4703.839031914965,1070,1070
2237.689041055106,4694.181167750455,6254.051115382539,4697.1850362862515,1080,1080
2250.9335265574396,4688.698888414196,6240.702478310997,4689.831957416402,1090,1090
2265.2221330174843,4686.0702747452715,6226.594550224606,4683.515095994206,1100,1100
2280.2249801534567,4679.499084907809,6212.338352063221,4678.09447020149,1110,1110
2294.1113041163226,4672.829753143121,6196.149373491924,4670.374939888946,1120,1120
2306.7968764153284,4668.490850329472,6183.404531965589,4664.887145057482,1130,1130
2322.818099484306,4660.935921866064,6170.3525782140305,4660.996578471976,1140,1140
2334.663148433311,4654.554484028131,6152.241349437339,4654.453214542857,1150,1150
2348.1878575415035,4651.336721526617,6138.377742179877,4648.736549506121,1160,1160
2362.376918512721,4641.121134491653,6124.577309053359,4642.214968413443,1170,1170
2378.39013923048,4639.9793129558475,6112.21857996176,4635.373316578072,1180,1180
2390.2484640642447,4630.574965663164,6096.034818611759,4632.899547350762,1190,1190
2407.4376561125055,4624.052112681009,6082.15589756617,4625.4177995725895,1200,1200
2421.288624503629,4619.774347862966,6067.354734242585,4621.7527190570645,1210,1210
2437.435285817918,4614.812431271449,6055.880124391955,4613.507206432826,1220,1220
2446.9164669953057,4610.8179159931915,6040.074638376029,4607.566833649546,1230,1230
2465.7109210919716,4606.6380782845135,6026.414322220172,4605.600252792294,1240,1240
2475.5545236057633,4598.984409587594,6012.056297884203,4600.580404456596,1250,1250
2489.5921568981835,4594.400888721135,5998.455262055086,4593.5236753107,1260,1260
2507.4936822338072,4589.7970409795,5983.866744026174,4586.131931129539,1270,1270
2517.850354066161,4584.298257601215,5971.103380272036,4584.434287316905,1280,1280
2535.7286478232427,4578.149626460448,5953.851839467567,4579.239532384424,1290,1290
2547.9116526409925,4572.974569338901,5944.577058341729,4572.364162262171,1300,1300
2563.378051021695,4567.775903445185,5927.879031645962,4566.536805646093,1310,1310
2577.652600378,4563.575456402975,5912.967943069657,4561.47148152917,1320,1320
2590.0622748511596,4556.57390797325,5901.744246309084,4555.862619497674,1330,1330
2603.7508779729424,4549.046939772126,5885.278721096345,4551.359017608716,1340,1340
2618.2882814237314,4547.051518855664,5872.918219151124,4547.997656787923,1350,1350
2634.8449583617635,4541.415142021389,5858.159939066744,4542.477939410225,1360,1360
2645.132437478303,4534.598090718865,5841.336414221876,4537.112408259899,1370,1370
2659.975173316045,4531.728616406657,5831.274190384892,4532.2212546222045,1380,1380
2673.8164031688148,4526.385479929314,5814.691376846782,4525.167020447316,1390,1390
2691.569611170004,4523.29798640132,5802.080170732413,4523.599302915203,1400,1400
2703.885361956196,4518.686757594194,5788.844545586839,4515.886899673273,1410,1410
2718.419541791264,4511.731940187558,5771.3311822224605,4511.030882010493,1420,1420
2732.8754650961973,4507.341380259878,5757.895803930705,4507.115855347568,1430,1430
2747.2820559510615,4503.786832614722,5743.965918931236,4501.637273896352,1440,1440
2758.0838420663636,4497.399488731535,5731.891468968464,4496.2138030243,1450,1450
2773.532709399989,4494.101834993931,5715.467282913896,4494.108503901063,1460,1460
2789.0669719950356,4490.296798785883,5703.889698398987,4488.079097111316,1470,1470
2803.077900748806,4481.299160743126,5685.759398398425,4482.007511848263,1480,1480
2818.0905716835014,4477.6916780002575,5671.11723176604,4479.899413177263,1490,1490
2829.4395387728387,4475.348824309979,5659.363466090663,4473.006920168832,1500,1500
2846.0248586039365,4472.233960228756,5645.415836590736,4471.643685135789,1510,1510
2860.142746662938,4463.40607218622,5631.086445346512,4463.483842974241,1520,1520
2872.8324462302676,4461.542454377941,5615.045390086612,4459.183704454675,1530,1530
2889.9645141284573,4457.224643852018,5604.868348183558,4454.8930279126325,1540,1540
2900.088366965456,4450.3104128034665,5588.427950626363,4452.337726768712,1550,1550
2917.171676437873,4447.896295984305,5576.714391385691,4448.59359394129,1560,1560
2929.1197280786723,4444.612482880311,5560.015474967865,4444.610653593829,1570,1570
2941.615730427152,4442.386508930704,5543.761271066955,4441.001773059509,1580,1580
2960.1913931919653,4438.238953417977,5532.545008863989,4434.667848783938,1590,1590
2971.6658141856665,4432.668363034238,5517.3396535949405,4432.855898706771,1600,1600
2984.094286696487,4429.630412299156,5505.63155394878,4428.671956140377,1610,1610
3002.6860240752712,4425.135728271398,5487.379621011268,4422.416726774451,1620,1620
3013.1269096078872,4420.90325763168,5474.248108163583,4419.821706228813,1630,1630
3026.5425428232934,4414.460185262778,5462.6801824958075,4418.373526928103,1640,1640
3042.3276300111365,4413.639681364556,5447.630880272988,4410.960575099579,1650,1650
3056.847098898525,4409.155198374226,5435.0522430713045,4409.701242418844,1660,1660
3069.147693734309,4406.274438359833,5421.246145579777,4406.40131293155,1670,1670
3087.2454562477,4399.441531124216,5402.932206718428,4398.561872819455,1680,1680
3098.4460643390007,4396.289602864261,5392.642106235359,4396.580931522159,1690,1690
3113.6778889221705,4391.554724893902,5374.078191432657,4392.621190697472,1700,1700
3127.036867677226,4391.146179410335,5361.562766800238,4387.758602120982,1710,1710
3144.184625562774,4383.899312304027,5345.767954502268,4388.646203192636,1720,1720
3156.4406020851566,4383.085696117397,5331.905609014579,4383.629623651766,1730,1730
3171.6318863945125,4376.776523935172,5322.10279384368,4377.48849753307,1740,1740
3182.5872603883417,4375.994630790747,5303.400978507079,4375.060219319768,1750,1750
3198.34777214212,4370.077461293221,5293.677845268865,4371.507975548608,1760,1760
3212.4947262312958,4366.517037167227,5275.87898874302,4369.556292809245,1770,1770
3228.418806490945,4367.234658886496,5261.23081821887,4367.810821851371,1780,1780
3238.9680792464433,4361.600361169219,5247.60451438577,4361.119672921549,1790,1790
3255.188732709183,4358.329169738406,5237.218534613092,4359.168047043339,1800,1800
3270.0056190558917,4357.8201010085395,5222.13838719346,4354.340605351782,1810,1810
3281.910072179596,4351.877149923051,5208.592030162143,4353.174234175863,1820,1820
3298.7086454927585,4349.525325806647,5190.3079210923215,4348.8508342231735,1830,1830
3311.7075879096565,4347.838433970418,5177.020934230512,4344.36377525876,1840,1840
3328.0356781300006,4344.467226097915,5166.765807514227,4341.23412298266,1850,1850
3340.2675681004225,4341.100476738007,5149.573971674323,4340.6331836550025,1860,1860
3356.1419556237524,4336.7898781968615,5136.646615080361,4338.559626363745,1870,1870
3368.4353304933047,4335.494369516907,5120.864425354791,4333.4253882462845,1880,1880
3381.51750609145,4333.950046887618,5107.382266345504,4333.933867943595,1890,1890
3395.0683591230727,4330.872531347181,5094.573509866609,4328.485687240603,1900,1900
3408.6956038678986,4325.653123461732,5081.389417730229,4327.398912024659,1910,1910
3422.9867525802892,4321.4532109395395,5067.308270430408,4322.026350924943,1920,1920
3441.0028362549274,4319.489011816707,5048.92849330364,4319.027318253001,1930,1930
3452.657611171471,4319.980273457488,5039.271946604147,4317.081984847946,1940,1940
3464.9334511305315,4315.025853515304,5022.6624827738515,4315.007772698424,1950,1950
3482.9829354897092,4312.430677366824,5007.952502333895,4312.320570435999,1960,1960
3493.493561135244,4308.982050117256,4997.1393854929265,4311.434980781823,1970,1970
3510.1510310755093,4307.987628536339,4979.50214951412,4310.817889014204,1980,1980
3526.3690351296104,4308.146365868337,4964.1510269343,4306.807407635412,1990,1990
3539.2777062052087,4304.373245279612,4954.534435544708,4303.322267864682,2000,2000
3550.869829138509,4301.842615635899,4937.570334439538,4301.370369250671,2010,2010
3564.7695106023866,4297.841348808248,4923.784849428077,4301.549021607506,2020,2020
3578.9033819785654,4298.554556828716,4912.134569236533,4298.676697021744,2030,2030
3595.263989246995,4295.2277400349885,4896.8456949799765,4292.723622653828,2040,2040
3609.1895545088346,4293.8639725169705,4882.33736948911,4290.277208624295,2050,2050
3620.561205121428,4292.881970018889,4868.454129901908,4290.2262163226715,2060,2060
3636.766216881743,4289.430548184549,4853.3898151655885,4286.309216570435,2070,2070
3649.6342144599366,4284.4766019878325,4839.678185104033,4288.183156446718,2080,2080
3666.473149302826,4285.065417673466,4823.173525075235,4285.574669786021,2090,2090
3681.017848454754,4281.3266715506925,4811.4616579543135,4284.138516715715,2100,2100
3692.0927728883885,4281.136630110684,4798.731077242991,4280.197682482653,2110,2110
3709.129887368536,4278.745937738736,4782.935265984578,4279.680228900908,2120,2120
3719.4985973245575,4275.9129207264,4768.113553565096,4277.215034273736,2130,2130
3736.033981361394,4277.338793105563,4756.460246285434,4273.77380944803,2140,2140
3749.6558671003722,4272.291575364074,4738.808262788355,4272.678262725784,2150,2150
3765.722782933508,4273.63038011155,4728.104676648566,4270.047152271289,2160,2160
3778.752638314749,4268.832601324642,4710.308655038116,4269.180275375198,2170,2170
3794.2292956805522,4269.588047465114,4699.094855352981,4269.295807477089,2180,2180
3804.3379377337974,4268.1529081746985,4681.219059158456,4270.2030049633595,2190,2190
3819.7273793606073,4267.101475702447,4671.446915549982,4267.777002398723,2200,2200
3837.2479024412883,4264.01890522648,4653.059135141953,4262.495439123532,2210,2210
3847.1963889591693,4263.40383954072,4640.9689899767245,4265.767234394287,2220,2220
3861.1179800538075,4259.846633697322,4627.875219115168,4264.136640117522,2230,2230
3879.664977336152,4262.430927506283,4611.123962520027,4259.274881466549,2240,2240
3893.7125798626093,4260.714467480822,4599.625744544187,4260.6823127503385,2250,2250
3904.1649808581233,4258.0069968715525,4584.898244590472,4256.47585678418,2260,2260
3919.8359460256866,4256.320636827453,4572.493175500439,4259.244261404478,2270,2270
3933.3603806848314,4255.969321717982,4558.532180720296,4257.005758442556,2280,2280
3947.1945483433697,4253.326473422918,4539.842185558101,4256.101724725774,2290,2290
3960.3919102488303,4254.5608443569645,4529.676913282404,4253.926371683315,2300,2300
3977.781793949592,4253.344397871442,4511.638193503174,4255.714194738557,2310,2310
3988.4975709764426,4254.640753329248,4500.7974657574205,4253.763870218124,2320,2320
4005.8633623596065,4249.659754803556,4484.6283998876615,4254.193647358204,2330,2330
4019.0549928311434,4249.3394179874895,4471.907997327147,4251.591149681536,2340,2340
4033.2015553694814,4251.053356433822,4459.631259764835,4250.522321530786,2350,2350
4046.5727282250054,4247.734597943148,4444.782772822368,4247.517832293545,2360,2360
4061.335178252926,4247.736892386525,4427.415677760283,4247.366026932375,2370,2370
4076.0340962455252,4249.762627210647,4416.165910961593,4249.002745268827,2380,2380
4087.3288188341103,4247.903526692868,4398.960780565981,4250.291638192569,2390,2390
4102.728808425277,4249.278575061119,4388.408656782424,4249.688556569938,2400,2400
4115.55113381153,4247.712063002501,4370.474224967729,4246.945658795627,2410,2410
4130.3598741729,4244.16364682779,4356.648409016677,4248.211390833671,2420,2420
4147.564765257746,4248.658701022702,4343.9001051302785,4245.545639440077,2430,2430
4161.243793062853,4245.820123653551,4330.316830317903,4245.3764144083125,2440,2440
4176.031713268926,4245.197421367376,4313.44279824209,4243.468435063469,2450,2450
4190.836504005728,4247.064920298492,4299.2836312765,4245.267913663381,2460,2460
4202.983272124003,4244.04751713454,4288.757685592409,4245.603149559739,2470,2470
4217.4226807551495,4244.674418591306,4275.683782760023,4243.076886020859,2480,2480
4231.730059644959,4245.686676034698,4258.537512196574,4245.5415328877,2490,2490
4246.7343012636375,4245.868552007089,4243.084456176739,4244.0867426068735,2500,2500
4257.001271427194,4247.004043969199,4230.728760997655,4242.817591188418,2510,2510
4275.884128638098,4245.250705772965,4215.508670307468,4247.045980215272,2520,2520
4289.0290970691285,4247.454322458662,4203.34674787914,4244.027504424461,2530,2530
4300.4805907544305,4246.080563304696,4190.408979343235,4246.71164128473,2540,2540
4313.413653940038,4247.843748926395,4176.301248956658,4244.876296250099,2550,2550
4331.213695854494,4246.070025265426,4159.808960548498,4245.520895196601,2560,2560
4346.320258541853,4247.49618854378,4145.733169068495,4248.555686024127,2570,2570
4359.884302211066,4246.166185527145,4129.857208020667,4244.664068729368,2580,2580
4371.5244783423295,4248.071517454074,4119.688321054085,4247.314016105314,2590,2590
4384.765226161419,4245.592896755392,4105.480637303793,4249.118575011207,2600,2600
4403.124332362239,4246.029263202805,4087.3011207974387,4249.422456756897,2610,2610
4414.579051713866,4248.082107647557,4073.6097908310467,4248.40399322075,2620,2620
4427.735200880122,4248.697966608121,4059.6435103463823,4249.086068268917,2630,2630
4441.908308085121,4251.2117246114385,4049.5306824283975,4249.977224230562,2640,2640
4458.051431446837,4250.182461949483,4032.866640854689,4252.281364975401,2650,2650
4469.706216738693,4249.685065606666,4020.9453307171716,4248.749791598365,2660,2660
4485.051555974323,4251.243081156063,4006.2513627012286,4251.387887398789,2670,2670
4497.466212869016,4252.020216519068,3992.3447722796227,4250.96448476351,2680,2680
4514.196539806727,4252.894626553982,3977.2406879243463,4252.685275193162,2690,2690
4528.022130022989,4256.550735538961,3963.4955343095926,4256.186577008132,2700,2700
4539.638906454337,4256.0220516336085,3949.77721467814,4255.274195669799,2710,2710
4557.707419127111,4258.997306366668,3935.264804666637,4256.727662951305,2720,2720
4571.90954185273,4258.703755845175,3921.9728283102204,4255.219082374061,2730,2730
4582.587833423392,4258.650360450003,3904.6156304712244,4260.900779799714,2740,2740
4599.380780017174,4259.288644894193,3890.415675619251,4261.663935845227,2750,2750
4611.894440005523,4259.564502646944,3875.2761832181104,4260.203266299919,2760,2760
4625.342433050834,4263.235580899174,3864.806978224412,4261.667715427559,2770,2770
4643.291450809375,4261.464849754425,3847.014190348208,4263.286552693674,2780,2780
4656.6155003339345,4266.0341227837425,3832.846554970458,4266.111858195985,2790,2790
4667.90601631447,4263.830105291691,3820.1970354069226,4265.896868411955,2800,2800
4685.474885258751,4266.3368684909465,3807.757398901092,4266.929074027305,2810,2810
4699.450617503333,4270.169231351685,3794.850196804599,4271.322600943297,2820,2820
4711.894462304641,4269.9969290608315,3780.151142851009,4269.898963147512,2830,2830
4725.407656128589,4270.736078008722,3765.6402084558013,4274.26377721022,2840,2840
4740.557672507368,4271.724264294332,3748.628883020038,4273.102078796885,2850,2850
4755.740503218181,4277.657182732495,3733.744684960867,4276.064301862372,2860,2860
4768.484471813752,4279.473436973178,3722.8014289953103,4277.669620766825,2870,2870
4783.361246754585,4278.900425929779,3707.011877815849,4280.571913313009,2880,2880
4796.429622547752,4279.338736007632,3695.9126328090906,4280.348757629336,2890,2890
4808.855977842349,4283.430284531558,3677.4308086219953,4281.372756146373,2900,2900
4823.2144155947035,4284.216743774342,3665.881419668355,4286.523259494298,2910,2910
4838.851926463974,4288.967196191772,3651.158035236274,4286.275921365757,2920,2920
4854.918291031748,4290.9172916053985,3636.5662214024396,4286.476094202699,2930,2930
4868.196679925535,4289.621613702166,3621.364368238909,4290.030534544953,2940,2940
4881.289149460723,4291.3750259845,3609.5554116403923,4293.431817603181,2950,2950
4894.658761003221,4294.714114593532,3592.9693943531433,4293.5704283448395,2960,2960
4910.9348747684135,4295.01179194583,3579.286974627959,4298.275948178869,2970,2970
4923.637347292723,4297.0665843181505,3566.8711537623767,4298.890842005333,2980,2980
4938.392746834857,4300.723342220939,3550.1380407855263,4302.926067561787,2990,2990
4952.517787678036,4302.087475481925,3539.1961600491895,4301.634808623776,3000,3000
4968.495370395766,4307.029165140604,3523.7901100829836,4304.391485415709,3010,3010
4980.565646965148,4307.993404018492,3507.422236950803,4306.045546713718,3020,3020
4993.428055318641,4312.541807746755,3497.4977258883964,4310.96483432078,3030,3030
5009.636756402221,4311.8982128940215,3479.6384526405786,4315.415706743451,3040,3040
5024.036844892385,4315.147041057001,3468.8573670790797,4316.84362300406,3050,3050
5039.093826050955,4320.309706347563,3453.378588934045,4318.987920194621,3060,3060
5049.9202442079195,4322.625510542582,3436.7890178935286,4322.4712432021415,3070,3070
5063.219744805221,4323.218031186291,3427.25298695389,4323.199306488704,3080,3080
5078.210310561119,4326.357911940593,3410.0783290788772,4324.433213448232,3090,3090
5091.852885701699,4330.779385619415,3394.463809545195,4328.5668100790135,3100,3100
5107.68093938729,4331.612225987654,3382.9525875799836,4334.06535273547,3110,3110
5122.295133256399,4336.234239960935,3366.7958017725928,4333.57218378277,3120,3120
5137.862045563094,4339.913731400788,3355.4071229363794,4340.076281997247,3130,3130
5149.224716830701,4343.017795687443,3341.19631417797,4338.818034453159,3140,3140
5166.346598154485,4341.853462155654,3326.4089691824315,4344.616216501988,3150,3150
5180.113694701151,4348.683548307806,3313.512310614653,4348.528163198886,3160,3160
5195.103364558493,4350.033450962607,3298.656676282115,4352.146649547907,3170,3170
5208.0663180464735,4352.549738594991,3285.8997798719297,4354.662124544933,3180,3180
5221.082871672143,4357.528236747739,3270.3652148621827,4355.19460456958,3190,3190
5237.164641146517,4360.985802253333,3255.592405936579,4360.209327673643,3200,3200
5247.870335592279,4363.111897423539,3241.5788169001366,4361.896851645444,3210,3210
5263.55091056141,4365.166564940655,3227.9227771404453,4364.1840969563955,3220,3220
5277.272327165896,4370.623217229065,3211.901699659481,4367.733947821358,3230,3230
5291.360604820772,4370.5041199574625,3198.6031783341064,4373.766384204488,3240,3240
5305.496050053248,4378.143154801566,3184.3956003733706,4377.819713160993,3250,3250
5321.564320548625,4379.553763486531,3170.1626260261737,4381.460149003959,3260,3260
5334.184001472422,4381.217194264397,3154.6747564075035,4383.212597407534,3270,3270
5346.303019814573,4386.536669792471,3143.047238081002,4387.134714080095,3280,3280
5363.825598927537,4388.847567998994,3126.395319793868,4389.603253923939,3290,3290
5375.965173566767,4392.505113851033,3115.862156714525,4392.046184369329,3300,3300
5389.5287620455465,4397.345724493167,3098.749090394822,4395.220688932552,3310,3310
5402.874025885513,4399.386784925066,3083.9566043355826,4401.5392784597025,3320,3320
5420.025757184079,4403.748063628263,3069.3723762402446,4406.742183769942,3330,3330
5433.708849154726,4407.103387914688,3059.1820007022575,4410.325108465207,3340,3340
5448.874935740081,4414.424433388669,3042.386379278719,4414.081425190109,3350,3350
5462.784751398636,4417.578590450228,3031.208524443527,4417.77097286022,3360,3360
5476.373068863253,4422.188639713541,3016.5763439294165,4418.9259266364625,3370,3370
5488.002193565814,4422.046449911042,2999.4443419042154,4423.258552792506,3380,3380
5504.43090883212,4430.375467589155,2985.5217608550865,4430.364523368544,3390,3390
5517.802810570888,4429.784877123604,2972.019714076481,4429.606284526469,3400,3400
5531.460647531138,4435.904340060706,2960.4467308356984,4438.314729779822,3410,3410
5545.603212100479,4441.549038759705,2946.36005772577,4438.510587910046,3420,3420
5562.6613032993755,4443.260666989849,2930.179560501702,4445.888726182607,3430,3430
5576.780889593952,4447.171267481313,2913.4748936525934,4446.982675533604,3440,3440
5588.04261474593,4454.21973714296,2900.2792389231536,4453.656260450783,3450,3450
5603.11206246317,4459.480780805583,2889.5053820129906,4457.581929583278,3460,3460
5617.147376559351,4463.077207240736,2872.8353637757723,4462.743872593346,3470,3470
5632.728337562167,4468.061644761769,2860.5244424152643,4467.821483149397,3480,3480
5643.038372036718,4468.382897196615,2843.5273246970773,4469.665209651759,3490,3490
5657.664635039706,4473.9403781409155,2833.3717881969615,4475.750964481606,3500,3500
5672.439844459434,4479.544606434977,2816.7038246947186,4479.535176408042,3510,3510
5688.703358849498,4482.477944443554,2802.7187029914253,4485.872463918297,3520,3520
5699.53367069857,4488.778721954278,2786.2084036883325,4486.064593823014,3530,3530
5714.464640528425,4492.018779575084,2775.5007589579777,4493.402867548033,3540,3540
5730.6378793438425,4497.865566761805,2758.6430470848077,4496.610012641912,3550,3550
5746.062338386432,4502.174625708188,2748.1641788765805,4500.52683703379,3560,3560
5759.623903433411,4506.557514040056,2731.421330861901,4507.57081461858,3570,3570
5770.391126046485,4510.202201988889,2716.4179829885666,4511.656255022488,3580,3580
5789.0953886683,4514.191304431263,2702.5175778986677,4517.540641768494,3590,3590
5800.09068638591,4519.928453052686,2688.310714285601,4520.612418380099,3600,3600
5812.784877762334,4528.498622075855,2676.325827083065,4524.095635924566,3610,3610
5827.405815381798,4533.095680272755,2663.0625074132704,4530.143052008606,3620,3620
5840.894963308882,4535.415835862963,2648.2625825228147,4538.485367415162,3630,3630
5856.033622703308,4541.410584852001,2631.086741198728,4540.286916545045,3640,3640
5871.325778400854,4547.358388580747,2616.9420621322565,4546.385747144316,3650,3650
5885.105527822245,4551.98290240607,2604.287343248428,4551.144205739081,3660,3660
5900.383549364012,4556.228362477536,2591.089156786205,4555.600636285192,3670,3670
5914.693234785115,4561.43034685105,2575.873264027233,4561.222823176465,3680,3680
5926.710741350881,4568.47689888796,2563.2247583276835,4567.261835704028,3690,3690
5944.148709743371,4572.0225719796235,2546.3652924262046,4574.328544523026,3700,3700
5953.969272121605,4575.287774559556,2534.2837481075926,4579.650391947286,3710,3710
5968.827163075688,4583.137096360337,2519.411423004399,4583.623515091126,3720,3720
5985.51439191326,4589.721415578812,2504.6383209271844,4588.225539082485,3730,3730
6000.16424434807,4594.944833406581,2493.2922753122784,4595.591255719019,3740,3740
6011.494081961185,4597.492939448235,2475.0943620390362,4597.24732582756,3750,3750
6025.398609385534,4602.833338048143,2465.6508537355,4602.841096064189,3760,3760
6039.699651524917,4610.2772874696375,2449.774166239257,4607.710649167556,3770,3770
6053.6771936908335,4615.861483252218,2436.7745942014317,4616.530538844196,3780,3780
6067.262840014695,4622.098224077651,2420.624215982213,4619.766280715121,3790,3790
6081.354890231479,4625.308922580438,2405.484688816467,4624.930818912888,3800,3800
6098.5342634707795,4631.957428477786,2394.7364372681495,4630.554147205293,3810,3810
6113.761290022704,4636.880718957827,2376.289933103089,4635.8181853696,3820,3820
6124.582042698776,4645.534487767127,2366.1280247153345,4642.608827517511,3830,3830
6138.7607513737275,4647.390810259133,2350.4107765891063,4646.795875839804,3840,3840
6154.117672267663,4655.904430464168,2334.158933897279,4653.819747084604,3850,3850
6166.686722576723,4661.250690175402,2320.6354149387894,4660.8982806009035,3860,3860
6182.263624000442,4668.000193700978,2308.9571509017424,4664.478984625057,3870,3870
6194.46111887611,4671.692919687171,2292.895675253632,4670.566530169414,3880,3880
6213.026915821173,4679.240581787618,2278.5284305324985,4678.140463862752,3890,3890
6223.515282259969,4686.595193767601,2264.4541567185297,4684.949737931907,3900,3900
6238.838256226741,4689.052816577709,2252.744814071228,4690.064618018845,3910,3910
6254.879010223204,4696.534861941049,2235.26143122936,4698.4588755526775,3920,3920
6265.826893389652,4701.713938477291,2220.9228919287643,4702.609227941656,3930,3930
6281.418860453635,4709.8135918328835,2206.8983456996502,4706.886295313043,3940,3940
6294.2305607643675,4715.706517656979,2192.092515480928,4714.927093148123,3950,3950
6308.187128105029,4721.427739469407,2182.245479289972,4720.679993348297,3960,3960
6325.754485602493,4725.990632186307,2168.6268820041482,4727.248464095636,3970,3970
6336.564423663301,4732.575187478038,2150.6007523612216,4733.91212513748,3980,3980
6352.3480321975285,4738.002888433306,2138.2231906020697,4739.679643952262,3990,3990
6366.3071633112595,4745.6135452152375,2123.254712931359,4746.63578684131,4000,4000
6378.2620707718,4750.830395657133,2107.320212152257,4750.262968611923,4010,4010
6394.1264986640645,4756.904374400716,2096.6496023467544,4759.826786176245,4020,4020
6407.937474075152,4767.388344511034,2080.2819420505066,4764.436372069777,4030,4030
6424.913354429902,4770.730912765418,2067.113679798957,4769.459901282691,4040,4040
6437.55167205482,4779.876416055532,2051.9133748024196,4778.483078633675,4050,4050
6452.435402466262,4782.763691551901,2037.0590349562206,4786.921112555249,4060,4060
6463.340709520968,4793.1431598057325,2026.7936505536454,4789.552920900225,4070,4070
6478.338390315307,4796.7690518373565,2013.0936676899362,4796.806677180549,4080,4080
6493.627262423649,4806.122999616147,1994.8876256786625,4805.66841461017,4090,4090
6506.115234172204,4811.511591502643,1983.228997904356,4808.955186613312,4100,4100
6521.065645290291,4817.662373927042,1969.041405687263,4815.237859195722,4110,4110
6534.762956742511,4825.414392307808,1951.7948680451486,4822.779153020892,4120,4120
6550.904027370818,4831.759261271085,1942.4081254398914,4828.909122220789,4130,4130
6564.823826640239,4839.496847560161,1925.7680560136205,4836.118292118907,4140,4140
6578.865161127106,4843.639182342374,1909.511670100815,4845.327818145286,4150,4150
6594.397567992779,4849.669273700034,1896.4862292504695,4849.506484888282,4160,4160
6608.64761660651,4858.9939838571045,1881.9483250041594,4860.351669225081,4170,4170
6619.251081289965,4865.394695341379,1869.3987714635882,4867.188559613627,4180,4180
6635.4278418685635,4873.14500376652,1854.8730821728166,4872.296755890148,4190,4190
6651.303812475025,4878.924079352699,1840.9497478112771,4880.661636698464,4200,4200
6665.062213375607,4888.101531782762,1826.2582812034304,4884.765140052012,4210,4210
6677.035773105564,4893.97920240512,1811.800950888503,4895.3774312485275,4220,4220
6689.777758632491,4899.72914419226,1800.618843927355,4902.420469763315,4230,4230
6708.2988080476725,4904.647909444838,1786.8369541698978,4907.012725119423,4240,4240
6721.791857114465,4912.263806439122,1771.8013880455394,4914.053473398136,4250,4250
6735.165190013237,4922.655945624719,1758.2287801839232,4919.039714003483,4260,4260
6750.316420650235,4927.476218009351,1742.362513765954,4927.905094031673,4270,4270
6763.654161231867,4935.316818195242,1726.067792024864,4937.740380851493,4280,4280
6777.657619016575,4941.851091247163,1714.087714228723,4942.245329758827,4290,4290
6792.336896169718,4948.388113197232,1697.4743429193913,4952.69650974625,4300,4300
6807.332599725535,4959.126899583044,1687.028914705434,4957.005651373177,4310,4310
6821.104733951779,4965.077996600341,1670.6530329713923,4965.652183848765,4320,4320
6832.969794194601,4971.5253843006685,1658.33742336191,4972.003232435132,4330,4330
6845.977383243055,4978.241410366921,1643.6137087985655,4979.505046513688,4340,4340
6861.977113004951,4985.6431468782785,1631.2712022349665,4986.451092946482,4350,4350
6876.362096051735,4992.029752863349,1614.548115050456,4993.660055821916,4360,4360
6887.780539794741,4999.8120383168125,1599.8773679577075,5001.39785986354,4370,4370
6904.785929691954,5009.215424101503,1587.2975165857208,5009.981465049844,4380,4380
6916.952902097565,5018.784366112646,1571.7787805343626,5018.204188445282,4390,4390
6931.983764364367,5026.273564731732,1560.3311972176243,5026.64818010796,4400,4400
6947.440434598827,5032.894204956435,1543.918833559861,5031.728819144446,4410,4410
6959.188415663074,5038.64976367169,1528.5774279155678,5039.147138731074,4420,4420
6975.726433837616,5045.774342540274,1516.3976851738398,5049.042203481207,4430,4430
6989.888337793205,5056.081239087595,1500.708198688003,5053.761884528987,4440,4440
7004.995631970325,5061.00819370727,1489.6901433708304,5060.334626457821,4450,4450
7016.43307655983,5068.237341284465,1474.1435887652576,5072.187462023936,4460,4460
7030.490234256261,5078.035075320444,1459.67899160169,5077.877234975675,4470,4470
7046.528091765324,5088.28199303236,1444.7330991547178,5083.732530782147,4480,4480
7058.170120014041,5091.759314488238,1429.306352382391,5091.371923947176,4490,4490
7073.021254837471,5099.058494371434,1414.3231515058633,5101.09963801782,4500,4500
7090.117058670937,5107.876065849419,1402.1305249964448,5109.52932361819,4510,4510
7103.6586915474045,5116.171963998852,1390.9212972649407,5115.858958514311,4520,4520
7117.270455548694,5126.834712124926,1372.9995288700782,5125.365302727971,4530,4530
7131.137258190161,5134.656406220852,1359.6426950377222,5131.738347161425,4540,4540
7145.853407663923,5139.530166016774,1345.7730255122744,5141.578376598865,4550,4550
7158.351436881498,5146.831334979619,1333.6057970779887,5149.121890876548,4560,4560
7174.972025407892,5155.5256330127195,1319.2149453237585,5156.351362823056,4570,4570
7185.170633021773,5167.304531113066,1301.1816594004702,5164.390399723362,4580,4580
7200.441324657069,5175.676133551343,1290.1999293278307,5172.225686058237,4590,4590
7213.589157670063,5181.389096241489,1276.5238828936067,5179.154768692237,4600,4600
7227.295534588188,5191.144141270115,1258.8016407626476,5188.232617685117,4610,4610
7244.820593334404,5199.876350398033,1247.429327368278,5195.29344208633,4620,4620
7259.622718140049,5204.867561664886,1233.1021313954616,5208.08951956628,4630,4630
7269.281037417299,5214.801976425794,1218.7468605308381,5213.051480590859,4640,4640
7286.8028318802435,5221.304066618322,1206.6149280331015,5221.63421824961,4650,4650
7300.586417046926,5230.102085857267,1189.0624635529493,5228.088873554858,4660,4660
7312.016015555674,5237.854188349893,1175.8495782675368,5240.240023122328,4670,4670
7330.301171701437,5246.330330014908,1160.7695865783169,5248.542955402862,4680,4680
7340.736256791314,5257.408215570983,1149.855527569191,5255.017835389023,4690,4690
7356.182379792273,5262.2922512893365,1135.4354621055807,5262.500525372814,4700,4700
7368.399566118906,5274.026707489158,1119.2335199158654,5272.150877291852,4710,4710
7384.59120446753,5282.895355786433,1107.5563893448414,5281.097073424519,4720,4720
7400.756691783759,5289.0693592174675,1090.9705371108757,5287.223590803664,4730,4730
7413.048492213233,5297.047138895487,1078.9656085063905,5298.398597537796,4740,4740
7426.82786892706,5307.596435461963,1062.1360791927234,5307.15147273222,4750,4750
7442.85756894724,5314.415165125282,1047.812313036719,5312.442601750181,4760,4760
7455.925050336505,5324.617673683475,1035.1836368866318,5322.984515401412,4770,4770
7469.517959112941,5329.973061330549,1021.9420206778706,5331.2666416379425,4780,4780
7485.282323105445,5339.293605072026,1004.4015548860668,5341.114529351961,4790,4790
7499.8170667235045,5350.573570925198,994.1485035038268,5347.715402809049,4800,4800
7509.558968856115,5355.095393091317,976.1115776918531,5356.971472684722,4810,4810
7526.191455702181,5364.742637515311,963.9074452700074,5364.037797762982,4820,4820
7540.607105850437,5375.561472015018,947.8107550820902,5374.812100586795,4830,4830
7554.505403100366,5384.647361013235,937.7008008883973,5381.965925516934,4840,4840
7568.755751136811,5391.651941988748,920.7913574029692,5392.693447810501,4850,4850
7582.432711520817,5401.6087484055315,908.4539189656653,5400.720543969468,4860,4860
7598.934416555629,5410.013312855684,895.1984746533914,5411.4888719223545,4870,4870
7612.9116776882465,5416.991249157563,881.2279659235477,5417.693426146838,4880,4880
7624.383732748003,5425.760391742968,865.531955581468,5427.8321179284885,4890,4890
7640.265122464256,5436.180206892542,852.0679463055558,5433.881619046039,4900,4900
7651.467226229107,5446.96407905758,837.1289320486147,5443.18158659126,4910,4910
7669.903998326386,5453.0299684920765,821.1421247880977,5453.567512371836,4920,4920
7679.268162874334,5462.950414213044,810.8691818748476,5460.111679678448,4930,4930
7694.839883461377,5469.642495007701,793.3954358824914,5473.184620578942,4940,4940
7707.601444543494,5481.818820138103,782.0149347376686,5480.858897892163,4950,4950
7725.841211982913,5489.170743400906,767.9720670273509,5490.28937563162,4960,4960
7737.2982586591015,5500.26371063714,754.0814673337176,5496.110683676413,4970,4970
7753.130946406079,5506.621990175245,735.9018485441482,5508.082494297587,4980,4980
7766.509563464896,5516.456864384225,724.0198281564482,5517.261698926591,4990,4990
7782.818845228543,5522.952883273206,708.5197387693202,5525.311272262786,5000,5000
