0.045634806,320.7388
72.4845,31.081512
79.88851,29.06911
114.25707,18.94433
40.75516,49.577766
131.9493,12.594014
202.2193,0.6855652
160.52094,7.3319674
175.94081,39.189087
197.6094,49.519352
161.65201,32.715313
54.15965,48.524887
103.51013,21.758118
170.50084,5.6085734
180.13533,2.788566
50.170162,55.759663
202.93939,3.7803502
241.99915,3.8545952
77.25474,84.61527
159.4029,78.1161
439.26212,-1.5114993
196.05634,2.8700755
91.46269,25.137253
382.4642,-1.1521578
313.99307,1.8341094
179.75386,4.0202217
150.68155,8.980706
380.03894,1.4679879
283.4631,2.780743
214.55873,83.235985
424.8611,-0.9955466
107.6277,23.016258
192.45099,-0.14342368
226.49129,-1.5956908
188.35347,4.6098976
321.24866,-0.018626451
421.16577,0.83405524
426.67505,2.3384392
432.28622,1.9253045
224.1153,116.17433
383.22937,-1.2945757
494.98785,1.0191276
235.07204,1.7831848
355.52258,0.61232597
454.6282,-1.191683
554.9445,1.2084842
262.93735,2.6929007
583.31116,1.969561
539.97406,-1.6352534
551.08765,-8.72057
536.08386,-2.8300285
316.27734,1.6824901
487.10327,1.4033914
548.216,0.859946
623.56793,0.30770898
605.96967,0.9344891
468.36484,2.2666528
655.88745,1.1995435
508.07697,-5.6715684
659.90894,-10.296404
595.1834,-9.866245
725.48956,1.539588
593.02045,0.6725639
582.8551,1.7183274
532.5779,1.410842
462.56323,2.2257118
655.2428,-2.7737393
717.15546,-2.7751179
618.25885,-2.5917962
831.98236,-9.57422
906.7619,-6.620623
599.34827,1.9827113
762.5096,0.6887689
836.3157,-3.8456173
750.20703,0.83405524
766.9297,1.2717769
667.1616,1.362227
885.97595,-2.1108613
1008.42017,-1.3959036
797.6809,-10.38421
726.7271,-11.239015
828.7407,0.7228181
833.8156,-1.2472644
778.76154,-2.5973096
873.5901,0.5264208
710.0375,-3.4691021
780.1108,1.7329305
913.4035,1.3615191
971.37006,-6.2312183
974.01874,-5.3784995
1069.2623,-3.3797324
806.72406,-2.4379418
871.0909,1.3938174
925.98096,-0.7553026
981.8393,1.1275337
814.5256,-0.9428337
1057.1764,-3.797412
1130.5979,-1.435466
1091.1752,-4.5123324
1081.2822,-4.775189
866.7402,-5.8604774
818.69385,1.4237688
1028.6212,-5.3146853
960.46967,-5.809404
1087.9541,-6.7549944
1124.5193,-3.8037822
1036.9169,-0.6041303
1171.9764,-0.8733198
1186.9954,-1.9862503
1116.8475,-1.7837062
1145.6641,-1.602359
1117.3344,0.089518726
1100.1365,-3.9042532
1149.1058,-3.2698364
1019.97705,1.2593716
988.70966,-0.29738992
1291.6713,-0.008456409
1190.0359,-0.97870827
1301.9799,-3.2741575
1331.4502,-3.692694
1378.4072,0.19390136
1192.3488,-1.0888278
1197.328,-0.08184463
1213.2281,0.5526468
1160.4976,-0.44323504
1198.0656,-0.41633844
1190.6339,-0.3479421
1410.781,-2.2654607
1170.2836,-2.903752
1305.6967,-3.0416994
1368.1678,-3.1951814
1432.4432,-0.81397593
1386.6,-0.07864088
1302.1039,-5.4148955
1287.9507,-0.38921833
1289.8115,-0.1212582
1441.9636,-1.5284493
1441.2471,-2.2888556
1530.0542,-3.4730508
1463.7856,-4.434362
1499.8989,5.753562
1435.9092,-1.6149879
1447.8773,-0.26971102
1287.4268,0.06120652
1500.1031,-2.4192407
1616.555,-1.4478527
1550.2302,-1.8279254
1503.5065,-2.9836967
1591.6989,-5.295612
1508.5049,-4.8091636
1548.9609,6.6910686
1386.0382,-2.6512518
1510.8458,-2.5221334
1453.9011,-1.2169778
1553.2827,-1.6650186
1448.4253,-3.1459703
1583.0149,-4.232973
1607.7554,-5.591549
1669.1387,-6.053224
1773.6403,-3.9733014
1631.652,-6.008372
1696.8235,-3.4509227
1510.1794,-2.0349026
1581.1946,-2.294872
1692.4646,-3.6577134
1727.0021,-3.751088
1729.7733,-5.0712748
1652.2357,-3.1637027
1624.8435,-4.9571695
1718.9789,-4.9375
1575.0216,-4.528165
1714.3834,-3.9196014
1680.17,-4.633125
1662.3593,-3.0119903
1724.4321,-4.200861
1681.8604,-4.27112
1652.0679,-4.934911
1902.3792,-4.3807926
1744.8268,-5.271528
1771.1118,0.628531
1839.2515,-4.7417917
1754.7366,-4.908722
1659.5197,-3.4977868
1788.3859,-4.423689
1751.5359,-3.6084838
1909.239,-4.293844
1840.9027,-4.061181
1921.4985,-4.5047326
1917.7183,-3.4041889
1905.2427,0.35921112
1870.3104,26.530735
1910.2795,-4.362799
1962.5248,-4.4228134
1948.1964,-4.501026
1924.2339,-4.3028593
1849.0123,-4.231874
1843.3273,-4.1916966
1882.7218,-4.4436564
1936.073,-4.652329
1947.0417,3.5366974
1943.3019,1.4304929
2056.915,-4.9298816
1955.5929,-4.5099854
1969.4822,-4.4316425
2128.8865,-4.991591
2123.9324,-4.752986
2099.4048,-4.909281
2095.0696,-4.985854
2110.1462,-3.5896153
2192.1565,2.2406504
2186.7568,10.869708
2091.4084,-5.0394983
1983.9075,-4.539397
2195.1091,-5.1827726
2171.6326,-5.2459164
2108.6138,-4.073493
2176.0352,-3.1819007
2178.4333,-2.2880733
2239.3533,-0.7584132
2309.6729,1.4048815
2180.7834,2.7489662
2170.4368,-5.1840954
2213.883,-5.283989
2243.4104,-5.267933
2200.3696,-5.2069316
2193.8235,-5.2503123
2256.9216,-3.701914
2289.9597,-2.1130779
2215.5125,-0.52696097
2364.8594,1.5781075
2335.128,6.421693
2332.9233,-3.9235315
2415.263,-1.6117655
2462.7258,-2.1652505
2356.5063,-3.0510128
2368.4211,-4.448108
2351.492,-2.1022372
2515.8716,1.4942884
2368.3533,-0.9540096
2346.2146,10.115393
2258.3445,14.9941635
2371.7947,-1.4721602
2396.251,-1.8651038
2471.9216,-1.8246844
2432.034,-2.5816262
2508.518,-1.9930303
2533.1462,-0.47493726
2446.0762,-0.71525574
2466.732,1.8427707
2413.6501,2.6882813
2388.1921,19.409098
2495.5212,-0.8420087
2598.134,0.5768612
2463.5576,-2.1342561
2448.837,-0.5758554
2480.3757,0.20865351
2555.5325,0.85588545
2529.428,1.0775961
2631.3486,4.093889
2637.2417,12.232512
2524.5454,4.9600005
2543.7222,0.94646585
2629.5322,2.9829516
2615.023,-1.370795
2744.5615,-10.30162
2750.195,-8.781701
2726.6807,-2.9744022
2700.9072,7.403102
2795.2039,13.926271
2823.6348,20.34206
2689.6628,13.622716
2569.49,3.9708428
2669.9358,3.781952
2742.7808,-7.4942784
2802.031,-6.95087
2670.5164,4.038401
2807.8562,1.4587119
2853.6956,13.924651
2816.52,16.55765
2848.675,16.692337
2704.3425,25.651268
2815.8782,10.394417
2919.0657,-3.7025661
2884.2705,-9.380728
2850.0093,-2.4777093
2754.511,1.9005127
2969.3035,-9.541623
2906.76,15.215017
2937.738,18.457342
2887.1184,35.194717
2825.3582,31.31764
2841.775,5.729813
2878.6582,-2.7971902
2929.8774,-13.229325
2884.748,-24.339333
2912.8823,-26.900545
2854.6624,-5.466808
2918.754,-4.0093436
2988.9792,10.173656
3146.1614,36.995037
3031.3264,14.876798
3040.7268,-7.8718367
3125.4407,-18.89132
3061.3008,-10.5422735
2993.5974,-9.557382
3011.8323,1.8970668
3063.2263,7.869266
3144.01,1.4301763
3132.6372,5.6826324
3072.747,3.303215
3112.2327,43.584927
3124.6018,1.9738823
3099.4182,-16.763378
3119.6943,-25.62426
3202.9597,-14.874433
3199.535,-12.815073
3275.7104,-0.107213855
3256.5986,-8.927732
3109.3865,13.911072
3210.9446,27.546007
3192.048,73.50981
3166.4192,-4.9206057
3238.7275,-11.987686
3256.3738,-25.437008
3135.6199,-14.313553
3195.9355,-19.89279
3209.625,0.46934932
3217.6497,-7.5874476
3221.0776,-7.2516875
3232.5342,36.981964
3152.637,45.98107
3233.0251,-5.856566
3324.067,-25.165976
3297.81,-20.19111
3276.1655,-16.67235
3430.0447,-5.3400545
3388.0962,-22.398159
3371.5776,-2.2127292
3333.165,-6.20516
3242.9075,13.906844
3418.449,40.187984
3379.326,-6.5074487
3358.307,-15.904587
3407.8071,-18.452965
3561.071,-14.755614
3559.5686,-23.004673
3554.2031,-14.3076105
3540.2498,-17.6703
3499.8215,-5.38107
3433.3643,13.18967
3423.083,21.649673
3561.223,0.5929358
3595.3665,-6.029382
3556.0354,-15.982483
3578.8982,-19.95761
3588.6353,-17.514042
3655.3289,-21.01736
3578.7407,-10.255259
3589.9478,2.4626403
3581.723,18.724781
3599.284,26.771202
3657.0393,-9.138547
3590.8792,-20.24483
3626.8943,-13.799593
3718.2268,-20.599533
3743.6533,-22.02224
3714.99,-18.53833
3699.2168,-14.661234
3776.2158,-5.7793593
3736.26,11.710897
3664.5566,46.153236
3805.9893,-11.837557
3867.243,-23.165344
3828.287,-16.518793
3828.8796,-25.313572
3839.5583,-25.549307
3882.3252,-16.474352
3885.3342,-2.2476912
3906.473,16.787611
3882.3843,28.274282
3784.3574,27.46865
3746.6746,-10.984223
3816.3823,-7.936973
3904.2283,-14.342759
3973.8948,-3.8153677
3903.996,-15.606489
3910.7522,-9.179451
3860.5696,-12.936443
3854.3416,-4.9933047
3925.3987,40.442085
3811.1257,6.5944157
3989.787,3.0530617
3921.2292,-9.327158
3911.5864,-13.194717
3868.2634,-11.749565
3947.8325,-8.080397
3979.5505,-7.786229
3970.4292,-19.738693
3949.8816,10.53514
3867.202,29.029642
3920.526,66.67551
3894.1538,0.015236437
3997.6982,-0.36424026
4049.8281,-20.689386
4015.0032,-15.525482
4082.606,-25.226027
4161.5156,-27.84025
4126.6743,-3.9697437
4071.9187,9.077545
4053.8245,16.593542
3971.7415,30.896217
4115.6865,-17.37386
4222.7446,-12.107697
4188.492,-32.888817
4211.768,-18.646084
4254.863,-7.6774693
4321.681,-25.613903
4213.2964,-21.823868
4245.772,13.399962
4244.782,32.98439
4233.5615,36.580227
4311.4365,28.062723
4350.0483,-3.1452627
4323.4395,-31.96109
4388.4707,-29.027462
4391.7627,-30.246042
4431.171,-13.018753
4399.6265,-1.5692041
4369.842,27.806927
4348.0776,60.456356
4412.467,104.33812
4398.8613,-9.977184
4486.152,-19.223001
4408.377,-35.62402
4344.9897,-34.724846
4393.907,-30.2458
4447.135,-10.868051
4493.7046,-3.1472557
4505.977,20.831562
4429.499,37.954674
4329.686,55.508743
4500.509,18.029623
4575.2974,-9.902753
4624.6216,1.0966696
4602.0786,-10.327324
4642.976,-29.662457
4632.4917,-28.219707
4526.7456,-5.8839655
4503.686,3.0253642
4417.3286,67.03356
4458.4546,97.42388
4612.9487,32.611767
4630.771,18.721464
4710.5586,0.73999166
4703.1553,10.246774
4559.212,-25.222078
4511.814,-43.876247
4489.694,-15.471429
4608.994,13.131909
4502.2534,25.801064
4412.1978,45.735165
4609.4805,15.605725
4674.208,10.323264
4702.604,-8.679218
4653.407,-37.626232
4755.821,-19.58616
4798.423,-1.4096777
4754.4233,-2.8097816
4652.0176,28.803572
4700.8164,61.197056
4614.4316,74.82348
4756.747,5.601449
4782.528,10.5248575
4838.0337,-1.9711722
4815.9106,-6.4166913
4901.501,12.696032
4853.6714,19.81386
4867.3823,28.237198
4872.1694,59.20686
4792.329,69.49205
4592.6055,38.856083
4765.4604,19.794964
4780.4077,-18.013344
4862.4097,-5.561784
4936.1606,30.144379
4885.5234,-14.968272
4831.313,-19.237158
4806.6094,1.7321017
4795.1914,32.16112
4770.3506,67.76646
4784.0254,73.38856
4906.7705,46.576595
5001.1074,86.32554
4989.8315,43.5235
4966.2905,21.602995
4994.2393,50.936935
4964.481,36.712177
4882.311,26.550238
4932.991,85.402916
4882.937,147.21742
4754.442,63.81489
4936.2075,64.17392
5013.073,180.13988
4991.9395,81.87763
4957.783,31.76801
4983.482,63.74255
4987.9893,59.911945
4988.0024,72.96044
5019.0605,252.66661
5007.9375,378.13318
4748.9707,78.76288
4995.473,185.86995
4992.7227,105.14153
5018.8135,196.61783
5020.0977,201.7675
5021.9136,132.34541
5023.317,145.99228
5016.4766,268.2907
4999.264,188.0081
5011.7505,371.6977
4870.61,172.10048
4957.424,90.22746
5018.751,225.61118
5018.0854,215.23616
5000.5747,164.42426
5019.108,118.65214
4989.16,96.64934
5003.7217,143.43506
5015.8203,302.51642
4990.181,318.59393
4848.52,188.03969
5017.5195,355.47614
4989.216,131.51279
5016.4287,263.9026
5013.776,278.36078
5018.876,204.401
5014.557,327.3047
5009.9487,392.26697
5013.0684,400.3515
5015.63,528.77136
4985.2163,491.98785
5016.285,302.41266
5013.3086,337.96945
5009.923,346.03018
5014.2886,287.6423
5008.6694,370.56128
5008.219,493.47296
5010.365,481.22238
5013.9497,428.30566
5006.127,527.759
4952.4043,476.26028
5014.9546,417.90836
5005.8447,418.28796
5002.977,512.7926
5000.701,523.4223
5001.055,534.82056
5007.108,444.15915
5008.322,427.35767
5010.832,449.45297
5013.9683,564.7637
5015.2505,780.6198
5007.687,626.1928
5000.814,729.0325
4998.685,633.8413
5001.0605,546.5648
5005.727,463.07678
5001.631,642.88696
5001.313,720.7866
5005.655,679.6393
5010.757,651.19324
5016.6504,665.06604
5009.415,546.8784
5001.4834,670.774
4997.297,677.49493
4997.673,707.829
4996.7383,764.51416
4994.291,721.4115
4996.8447,750.3819
5004.52,709.28357
5002.0264,817.4998
5012.83,806.58466
5006.8696,643.5445
4998.799,726.83887
4993.164,807.0205
4997.5884,708.4204
4999.2427,707.0715
4994.4575,779.182
4998.7256,746.0111
4997.9346,842.8797
5004.3853,888.0433
5003.4146,1143.2637
4988.0396,1091.842
4979.166,1103.2255
4983.077,981.73395
4978.625,1051.7041
4981.5005,1005.7078
4989.7446,922.6611
4993.7876,910.72144
4994.0913,1014.83124
4996.6587,1080.9973
5006.879,1037.8286
4998.461,960.9157
4987.722,990.60974
4986.0596,1024.8606
4981.7925,1117.3665
4983.903,988.6669
4988.513,1016.3042
4991.451,1033.5032
4987.4604,1096.275
4993.5483,1124.2745
5009.0654,1030.4631
4993.047,1052.175
4984.6006,1109.3708
4980.7593,1140.9832
4985.4507,1226.822
4982.708,1162.6669
4981.585,1216.6594
4980.445,1140.5339
4984.115,1155.9128
4993.226,1212.6975
5002.757,1175.6255
4982.607,1288.7188
4987.7725,1327.9542
4988.5015,1334.6235
4989.918,1333.6201
4984.4575,1239.2089
4985.329,1243.2864
4987.3013,1329.3475
4984.412,1310.1566
4984.1963,1400.5507
5000.993,1212.0682
4983.947,1319.3446
4986.4736,1358.3081
4985.002,1326.0763
4983.722,1221.9219
4985.1694,1259.4609
4989.07,1385.2054
4987.5693,1365.2241
4983.617,1320.1187
4985.9663,1424.3096
4988.6035,1394.8557
4984.82,1345.0095
4990.3228,1400.3918
4992.0005,1419.3843
4993.754,1424.7126
4995.196,1431.3948
4996.5327,1454.1038
4996.5015,1496.7333
4997.352,1538.6354
4995.5796,1581.735
4980.0234,1499.7028
4988.1133,1476.1654
4993.416,1510.4435
4994.6167,1491.1066
4998.157,1559.3019
4995.559,1459.3853
4997.4375,1533.408
4993.685,1481.3739
4990.9307,1437.1927
4991.1777,1548.9987
4965.9995,1659.9637
5000.289,1719.5247
4999.1367,1601.6376
5000.6436,1624.8864
5002.4136,1713.6122
5000.7837,1637.2938
5000.7324,1623.3523
5000.7017,1653.425
5000.5635,1654.7661
5001.6016,1732.1506
4992.8267,1659.2957
5000.4644,1693.4918
5003.481,1749.383
5003.3105,1872.8065
5000.845,1796.5111
5001.0513,1777.2362
5002.844,1830.1595
5003.875,1851.2524
5003.819,1841.3646
5004.8306,1893.1844
4981.396,1758.9219
5000.4893,1708.3309
5004.389,1814.5914
5002.2603,1773.4758
5002.5166,1772.1046
5003.736,1815.0918
5004.2163,1811.3539
5004.0195,1783.113
5004.331,1828.3896
5004.3994,1871.5017
4987.9146,1892.9856
5006.519,1948.246
5003.9653,1956.5465
5000.9834,1890.5651
5000.5493,2031.7186
5000.7017,1977.7324
5001.167,2070.2793
5003.0156,2061.8481
5002.804,2055.3313
5004.985,2059.451
5001.101,2156.6392
5006.1084,2153.4058
5002.684,2210.3677
5002.117,2068.7266
5000.838,2149.9504
5002.0293,2142.9478
5001.6978,2227.8816
5002.5815,2145.4507
5003.0806,2089.2864
5005.6743,2107.7966
5007.3145,2066.1438
5007.664,2115.5098
5004.34,2139.5513
5003.613,2052.3408
5002.766,2168.9932
5001.4507,2112.6873
5001.741,2182.3413
5003.0957,2124.741
5003.6294,2092.467
5007.6914,2152.8772
4994.9746,2088.699
5006.634,2128.2021
5003.9854,2150.4966
5002.2993,2181.1873
5000.5503,2205.9167
5001.0566,2256.525
5000.6865,2229.4321
5002.3047,2222.9912
5004.8623,2282.137
5006.3525,2306.392
4992.028,2333.4126
5004.3057,2344.8784
5001.915,2328.9229
4999.616,2339.1262
5000.353,2419.3022
4999.2876,2358.8855
4999.535,2406.792
4999.6733,2346.1992
5002.572,2425.3882
5006.0166,2429.3804
5010.4946,2386.463
5004.763,2397.037
5001.326,2411.3772
4999.879,2463.4338
4998.8047,2430.6404
4999.6523,2491.4531
4998.571,2449.8845
4999.8716,2499.0725
5002.4326,2581.8582
5003.4277,2531.0933
4995.1978,2569.0159
5004.4175,2510.5745
5001.032,2571.5378
4999.9346,2593.6675
4999.247,2564.4138
4998.826,2507.3298
4999.6934,2519.9426
5001.2764,2520.603
5001.175,2520.644
5004.1514,2504.7756
4997.4556,2597.217
5004.0,2635.9395
4999.8945,2622.0417
4999.473,2683.5305
4997.8296,2656.4539
4999.046,2738.678
4998.7466,2659.3887
4999.454,2670.0388
5001.9316,2671.926
5004.486,2673.8013
4987.192,2743.5916
5002.971,2580.2595
5000.5894,2702.1008
4999.6475,2763.1992
4999.2124,2787.0012
4997.864,2761.4575
4999.255,2791.155
4998.88,2780.413
5001.0938,2797.8582
5002.9224,2770.3862
4998.193,2741.6248
5005.126,2830.7236
5001.426,2854.1624
4999.082,2815.3992
4999.6284,2898.4248
4999.728,2913.3713
4998.291,2825.5762
4998.6294,2821.2834
4999.3477,2739.1106
5003.006,2795.064
4998.9165,2913.9644
5002.2383,2818.9177
4999.0933,2906.568
4998.258,3057.1138
4997.3335,3058.6445
4996.658,3047.2595
4996.2515,3068.0525
4998.021,3055.204
4998.67,3063.4832
4998.768,3117.4248
4994.667,3044.7966
5001.038,3042.9512
4998.6606,3036.1228
4995.1377,3104.223
4994.9316,3116.2595
4992.89,3191.5432
4993.696,3161.0674
4996.1294,3081.7444
4998.001,3046.2068
4999.4927,3038.9363
4966.7363,3187.911
4996.6807,3185.7366
4994.609,3135.2126
4990.8174,3212.6426
4990.7925,3203.8796
4991.3257,3188.2756
4990.0454,3246.484
4992.135,3216.6255
4993.248,3160.3276
4994.91,3160.1812
4957.112,3136.7136
4997.8667,3184.6213
4996.308,3094.2322
4992.0474,3200.7766
4992.1484,3168.201
4989.8516,3232.6848
4989.8296,3227.8716
4989.2036,3276.357
4989.1147,3333.2217
4993.2817,3401.1667
5002.033,3163.8574
4992.4385,3290.2854
4988.0205,3352.1265
4985.991,3359.9878
4984.544,3412.7014
4984.3413,3415.1143
4984.898,3411.869
4985.581,3459.5942
4988.0557,3358.6501
4991.9004,3414.1396
4999.7754,3345.2488
4989.8486,3342.111
4986.1514,3371.9773
4985.054,3406.4573
4988.867,3549.9763
4990.952,3569.3777
4988.3784,3550.0854
4983.832,3460.1736
4985.1797,3432.7615
4988.82,3484.1018
5000.2925,3476.4707
4991.7134,3604.0305
4992.754,3580.7246
4990.8374,3551.166
5005.4873,3657.0735
5014.921,3739.301
5002.3647,3636.2117
4995.6216,3595.45
4993.6562,3595.6145
4991.111,3590.5164
4990.237,3597.2344
4987.8496,3557.387
4990.7856,3559.9285
5005.902,3676.7888
5004.7095,3651.2285
4997.49,3599.8809
4995.99,3590.4175
4993.648,3576.0652
5001.424,3655.778
4998.682,3659.0547
4994.0103,3760.655
5014.466,3738.276
4999.6533,3634.0505
5012.1904,3772.415
5008.8413,3704.5234
5007.461,3713.4666
5007.697,3792.4666
5013.178,3729.9688
5021.802,3805.1504
5026.825,3817.0564
4998.538,3668.335
4992.479,3595.2622
5014.4375,3756.0679
5016.6035,3815.3188
5004.1045,3765.43
5000.191,3869.2634
5017.425,3927.236
5028.409,3917.2732
5025.6836,3823.7446
5053.726,3952.3213
5015.5664,3819.3667
5011.362,3739.6157
5021.803,3958.2676
4998.155,3968.1702
4994.1567,3928.9194
4994.5454,3915.3826
4995.681,3903.107
5014.5503,3955.3076
5025.4585,3937.8733
5027.542,3829.4268
5010.111,4067.0557
5034.9893,3991.3916
4994.4185,3918.2139
4990.3193,3966.1973
4987.019,4001.184
4989.753,4048.5872
4993.0312,4071.0085
4997.326,3997.801
5019.5117,4073.6074
5044.6587,4085.8357
5062.7607,4130.278
5027.574,4037.9082
5003.356,4137.1987
4993.0693,4180.3374
4995.843,4275.006
5000.3345,4351.761
5000.246,4302.1055
5001.257,4244.388
5026.1343,4339.078
5046.7314,4402.4663
5032.4287,4269.1304
5024.7363,4163.649
4998.1733,4132.3647
4995.931,4248.0093
5003.8916,4431.865
4996.931,4301.113
5005.4644,4389.954
5013.038,4357.766
5004.067,4137.1455
5046.583,4311.2866
4925.7554,4517.751
5017.7646,4279.553
4995.706,4274.248
4982.0957,4257.343
4980.969,4301.7993
4991.5664,4385.508
4995.389,4368.475
4992.775,4206.43
5011.52,4309.7417
5039.246,4300.0366
4982.5317,4393.8667
5026.278,4495.3247
5008.813,4449.8276
4998.1094,4448.2646
4986.893,4370.3086
4991.2476,4393.294
4999.8374,4422.2075
5011.795,4497.353
5011.8745,4551.84
4986.9927,4609.6714
4943.6685,4543.8867
5014.502,4507.3276
5004.3438,4630.6436
4995.337,4550.627
4997.556,4615.467
4995.151,4724.7563
4999.604,4555.1196
4996.77,4363.8696
5008.759,4354.7515
5006.7446,4599.6665
4865.128,4634.3193
5004.6997,4675.295
4997.5605,4721.3613
4990.9004,4544.172
4993.262,4705.9126
4992.992,4617.984
4993.89,4750.1816
4999.691,4704.9517
5002.4355,4707.5166
4994.979,4646.0215
4795.2065,4822.8115
5000.3384,4729.39
4984.7476,4812.875
4987.0845,4722.6274
4980.7783,4796.565
4970.2383,4860.653
4992.2505,4673.6
4998.6455,4561.764
4997.8027,4752.5293
4992.2026,4709.1357
4859.6387,4759.687
4994.6294,4785.256
4978.989,4836.6772
4938.848,4910.5454
4977.63,4788.351
4981.5117,4777.692
4981.6973,4803.401
4984.7295,4827.4507
4999.5005,4707.756
4994.5835,4723.5234
4740.612,4907.4243
4989.4688,4819.6245
4886.3525,4962.166
4961.3784,4864.7197
4941.884,4896.0493
4929.9604,4922.659
4942.8047,4911.8657
4958.3047,4904.175
4848.3726,4941.2837
4823.4507,4909.7007
4911.5444,4733.7163
4810.0757,4959.126
4767.606,4984.7656
4838.1216,4970.566
4889.551,4948.355
4893.8364,4950.518
4898.412,4955.461
4934.5977,4931.771
4889.0786,4933.1294
4764.641,4921.291
4522.0835,4938.004
4787.3604,4931.3174
4825.168,4974.63
4920.5845,4944.123
4787.054,4980.5127
4835.203,4971.6772
4891.212,4959.488
4704.0874,4987.9946
4735.957,4956.26
4799.8423,4911.2964
4757.685,4826.769
4617.279,4973.9116
4874.4863,4952.1396
4835.3193,4972.087
4791.546,4979.6387
4832.911,4972.2295
4747.1714,4989.221
4675.237,4989.017
4677.712,4966.376
4661.755,4942.8623
4455.734,4947.623
4534.331,4985.8926
4576.5654,4992.7627
4743.164,4989.584
4810.885,4976.764
4827.749,4973.76
4797.044,4980.0547
4527.1523,4993.6743
4460.8066,4991.76
4460.1543,4988.0557
4514.497,4923.636
4666.9126,4936.4673
4520.59,4987.293
4615.8125,4985.801
4620.2744,4990.3477
4480.439,4997.6313
4479.4727,4993.4634
4381.0825,4997.6333
4406.5312,4993.6284
4498.6196,4972.011
4503.346,4908.429
4769.8887,4911.0977
4501.3154,4988.7603
4412.58,4998.3896
4545.7373,4994.061
4547.395,4993.9834
4454.356,4993.6475
4435.3706,4993.285
4270.922,5006.4297
4127.321,5014.888
4505.834,4911.7656
4386.5464,4998.8135
4630.4297,4973.6816
4289.5625,5009.033
4415.829,5006.2305
4526.218,4996.5806
4413.128,4999.5264
4444.977,4993.246
4433.969,4991.758
4033.1272,5018.721
4254.4663,4947.986
4225.0845,5008.4614
4460.6836,4990.5933
4296.4517,5004.091
4353.765,5001.4097
4288.726,5005.6416
4316.178,5001.739
4135.675,5015.8047
4332.988,5002.1196
4152.648,5012.9414
3966.5703,4999.4556
4131.5405,5014.048
4302.8755,5003.947
4179.872,5012.568
4216.254,5010.8643
4359.003,4998.712
4112.9365,5012.0347
4047.8083,5010.91
4057.591,5018.094
3947.4783,5015.8364
4175.6133,4930.728
4137.4375,5006.784
4219.4106,5009.252
4125.617,5015.456
4103.5723,5015.785
4258.473,5006.286
4167.0586,5013.385
3977.7964,5006.028
3909.3547,5004.1675
3771.5537,5000.48
4087.9094,4939.9746
3992.0479,5017.409
3968.0544,5023.48
3951.09,5009.353
3832.3801,4993.7505
3884.565,4996.838
3837.5903,4994.3076
3923.9978,5005.57
3815.0806,5000.198
3922.715,5020.3447
3819.704,5011.7407
3928.3123,5026.184
3802.748,5004.6875
3935.5212,5009.9604
3981.835,5010.518
3789.9805,4995.457
3852.9856,5000.47
3812.2031,5000.3125
3749.1807,4999.0366
3675.0815,4997.4404
3951.928,4952.593
3794.261,5023.101
3690.8801,4999.0625
3687.5452,4993.195
3876.5151,5004.3613
3787.9224,4998.2876
3877.4658,5006.551
3782.3567,4999.7163
3720.714,4999.0405
3552.4517,4987.803
3576.4568,5018.9536
3494.6409,5004.861
3552.419,4992.482
3530.2908,4980.1157
3626.3135,4987.4766
3792.4238,4999.97
3825.5488,5002.771
3747.133,4999.0024
3515.1995,4981.6265
3508.833,4985.764
3650.0925,4967.047
3653.0327,5027.6504
3616.359,5000.756
3589.619,4992.668
3675.9585,4997.204
3667.5002,4995.1626
3598.56,4987.842
3536.7507,4983.83
3491.4536,4982.694
3367.9822,4980.2427
3497.5557,4974.2104
3508.679,5033.231
3419.766,5009.9683
3494.6062,5002.417
3539.884,5000.4395
3406.48,4989.2754
3446.5657,4984.641
3526.9583,4993.896
3444.1777,4994.379
3334.5144,4995.777
3408.6409,4969.841
3348.5251,5034.714
3204.806,4993.015
3232.3992,4984.1787
3350.17,4984.347
3330.1836,4979.92
3377.2512,4981.01
3382.9346,4981.5024
3268.3818,4977.6367
3278.7021,4985.2954
3123.5886,5004.9644
3186.9492,5015.5254
3326.2935,5012.333
3440.3613,5007.7373
3374.1575,4995.262
3393.4673,4998.4536
3137.1824,4977.4785
3218.2668,4988.226
3233.9883,4991.2935
3121.0527,4990.4775
3217.4705,4978.8096
3109.4653,5016.8467
3071.7266,5001.134
3110.326,4991.2363
3271.8845,4996.6055
3204.9956,4986.088
3263.2227,4989.46
3249.697,4993.6016
3101.3728,4983.7964
3214.7812,5001.5264
3058.0764,4957.0654
3040.0615,5005.1504
3066.5708,5010.465
3215.9226,5010.1147
3110.6436,4995.056
3181.0762,4999.948
3109.8464,4986.5215
3012.636,4983.2915
2970.758,4982.0894
2941.0415,4984.565
2844.5986,4982.1343
2880.3733,4996.931
2992.3623,5008.902
3127.8748,5006.9595
3075.607,4994.1406
2972.1042,4986.6797
2827.4553,4974.42
2977.6006,4983.9644
3026.5994,4992.9214
2867.3857,4983.85
2815.9485,4972.4473
2698.3926,4984.258
2871.3984,5003.7573
2792.9233,4994.4185
2955.7288,4997.258
2935.1323,4994.089
2942.2998,4992.5786
2839.5874,4984.434
2754.9685,4980.881
2708.1729,4984.457
2711.5369,4968.1265
2721.3245,4985.387
2659.7322,4995.812
2652.2166,4981.8
2582.4695,4975.292
2652.283,4977.2964
2708.2207,4979.918
2734.253,4981.0215
2766.61,4985.1035
2558.7898,4974.4404
2586.3723,4975.873
2577.7932,4987.4526
2661.32,4996.849
2597.4404,4990.3887
2747.0728,4994.4795
2730.879,4990.0957
2622.4165,4977.044
2523.1694,4971.5166
2594.877,4978.4
2563.5967,4981.643
2641.195,4956.7603
2484.4348,4987.874
2520.2158,4991.8916
2583.5076,4996.672
2445.476,4985.9106
2480.694,4978.827
2516.878,4977.673
2520.757,4974.63
2494.8855,4980.194
2498.2937,4986.557
2431.0933,4974.754
2397.8003,4985.7886
2348.5696,4996.1895
2385.675,5000.031
2409.7927,4998.763
2401.0618,4984.144
2381.3955,4994.829
2338.4744,4991.2383
2402.0557,4991.861
2389.7024,4996.67
2502.489,4973.7334
2227.012,4992.827
2245.756,4998.0186
2347.4788,4998.7954
2443.171,4996.1035
2508.2764,4993.226
2309.3694,5001.128
2235.588,5004.4917
2188.0427,5007.734
2340.317,4997.6636
2235.4812,4966.419
2096.5652,4987.5347
2265.294,4989.241
2169.252,4998.801
2131.0962,5004.998
2205.5369,5002.3364
2325.2598,4999.792
2249.4949,5003.3345
2238.942,5001.8477
2222.6104,5002.0234
2233.0652,4971.2925
2008.5969,4992.699
2152.7615,4994.9883
2113.8838,5000.829
2170.3247,5001.64
2152.928,5001.2676
2207.8533,4998.736
2174.204,5002.598
2130.426,5003.7925
2128.6528,5000.838
2218.2483,4952.168
1970.6217,4985.0513
1887.2178,5001.031
2000.6809,5001.2104
2029.6854,5003.2275
2089.456,5003.654
2116.711,5001.897
2198.3281,4996.8247
2175.2566,4996.271
2088.4756,4996.723
2065.0813,4967.1567
1938.1438,4986.889
1901.5172,4999.4165
1870.214,5006.2915
1906.0546,5007.8325
1909.5182,5008.731
1846.965,5009.831
1868.5692,5010.038
1877.4172,5006.0166
2013.0126,4996.945
1895.3718,4974.422
1755.005,4986.3193
1715.5299,5001.4062
1842.6487,5002.7676
1725.6959,5004.8135
1801.8636,5009.138
1889.8085,5006.371
1770.1613,5005.5723
1694.3344,5006.4946
1753.2084,5001.939
1855.5256,4975.106
1637.6392,4984.3765
1773.8846,4992.705
1778.147,4997.9404
1884.7843,5000.8857
1707.8145,5003.638
1849.2318,5003.23
1703.4032,5004.712
1679.7589,5000.46
1629.0933,4996.908
1682.8352,5003.3267
1704.8705,4975.288
1655.9869,4987.734
1673.2148,4995.6475
1747.2441,4999.0835
1662.4725,5005.5654
1656.8877,5006.5615
1617.3195,4999.491
1666.9005,4993.3994
1529.7181,4993.154
1753.7073,4992.254
1485.872,4982.767
1512.9564,4994.117
1629.3848,5004.195
1654.1628,5004.1396
1561.8323,5004.34
1541.342,5000.336
1486.2316,4996.2173
1605.6522,4996.889
1486.0044,4990.2407
1580.8877,5014.8647
1440.6396,4994.476
1385.3718,4979.5854
1425.4161,4985.7085
1359.0566,4981.2134
1430.2489,4989.7974
1435.0491,4990.72
1508.7157,4997.3174
1439.4717,4988.512
1418.2809,4981.42
1459.6876,5028.394
1316.4229,5001.8906
1287.2766,4973.3965
1302.2795,4968.862
1307.0503,4974.2227
1271.9303,4966.7793
1242.9102,4964.837
1293.2538,4972.1875
1305.101,4982.906
1255.1,4994.4775
1317.8839,5046.6807
1231.5155,5002.8994
1257.545,4983.1157
1252.5021,4967.9653
1347.172,4977.8975
1250.8638,4965.301
1332.6183,4973.415
1394.8564,4976.687
1184.3331,4983.585
1162.1329,4980.954
1186.3191,5056.935
1047.021,5008.581
1089.7332,5000.5894
1187.149,4975.4595
1113.2833,4972.8267
1127.8192,4982.5
1120.663,4989.532
1076.8534,4982.0845
1062.12,4986.7363
991.00903,4979.761
1115.5536,5073.0244
936.7928,5018.343
977.2809,4983.1074
1125.1943,4978.211
1127.1046,4983.0825
1003.6671,4971.653
983.96716,4972.7446
962.7892,4974.108
924.4579,4977.561
1044.9058,4990.364
1135.188,5059.85
883.2818,5003.046
947.08997,4967.197
911.6137,4976.412
911.90857,4978.23
869.72906,4971.895
931.11365,4962.2505
1003.42377,4977.625
925.04443,4978.5464
870.58154,4989.1875
1038.4448,5063.4883
869.8739,5000.4165
729.84564,4990.267
830.32996,4983.115
764.1481,4984.204
830.9205,4966.7495
847.73975,4970.0933
813.4328,4994.871
724.93774,5004.607
724.6995,5016.9355
800.38727,4982.246
811.5168,5032.8774
698.84375,5013.0356
661.63257,5000.9697
728.5784,4990.2847
672.4119,4994.944
745.219,4990.2207
785.07245,4995.4873
738.58453,5003.9487
756.5865,5001.631
955.1181,5038.569
764.6224,5039.182
739.89496,5011.253
654.9266,4999.6846
739.4664,4985.4053
727.81757,4978.2007
700.9161,4976.8906
612.0799,4977.168
563.85034,5006.3276
620.9741,5020.2314
618.14136,4863.106
521.0937,5048.4697
490.07294,5045.3706
572.9018,5021.9907
618.3375,4997.394
674.0138,4987.872
518.1367,4990.2104
520.0861,5015.6455
584.9456,4998.5264
520.54565,5013.4297
571.6734,4909.1978
434.3548,5036.28
453.833,5018.1787
507.35574,5005.933
580.4133,4991.474
467.55637,5027.6597
464.04446,5012.8823
427.82913,5049.4873
378.03662,5035.1753
458.89865,5046.354
432.19504,4907.15
435.41696,5022.6914
242.83585,5015.791
366.41953,5042.474
335.284,5041.126
303.65463,5036.691
305.57806,5040.87
227.38483,5017.9277
328.17212,5048.332
170.9264,4973.265
532.80634,4952.1895
443.6032,5043.081
366.0361,5044.569
364.69113,5035.3223
398.59634,5020.515
317.42584,5039.789
199.2571,5027.8525
139.90785,4980.9756
141.17685,4973.1147
123.57425,4966.453
192.97269,4744.536
40.07738,4889.812
141.42256,4979.6724
170.31696,5000.235
302.38834,5057.5684
201.29736,5022.691
279.12674,5054.1694
84.82542,4941.479
137.5937,4981.657
134.2028,4972.058
236.87239,4805.693
11.048876,4838.9917
43.885967,4898.6875
56.46225,4914.804
121.53279,4971.924
111.565254,4957.011
81.97021,4936.8076
91.433044,4947.8906
53.290985,4883.034
73.324554,4929.3623
48.0796,4730.57
24.852715,4838.1357
42.336845,4838.6724
45.380257,4836.969
45.276546,4825.131
52.5124,4885.5654
74.3727,4934.5806
37.749672,4867.0684
34.059845,4870.2173
23.747944,4799.805
63.404255,4626.394
17.051212,4785.753
54.94576,4895.7217
135.16989,4979.199
128.05727,4976.679
44.48589,4902.297
16.148798,4839.0503
19.57234,4872.741
7.626675,4767.293
28.67218,4742.875
32.499172,4580.855
-0.89306384,4775.305
31.192116,4809.355
43.747684,4891.551
26.034973,4776.9956
26.541166,4736.151
18.160902,4788.7993
24.121813,4760.7188
32.802036,4628.379
14.630966,4661.1074
42.291096,4528.8203
-15.674419,4638.4297
8.978658,4543.03
2.749227,4660.841
6.7489967,4620.7397
-2.3998692,4619.7266
-9.466,4631.5537
14.191829,4707.764
4.968606,4679.724
-6.4200535,4492.2305
-52.79284,4278.71
-8.77697,4458.5605
7.584058,4505.5522
6.638281,4610.599
-1.088567,4687.1763
-12.538173,4556.5767
4.086159,4470.024
21.971725,4413.8906
-23.980328,4439.929
-11.93557,4476.3623
-23.838915,4373.2886
-8.247234,4436.7285
-4.5994296,4423.411
12.203418,4543.675
-17.613508,4576.854
-7.6789036,4431.2773
-23.632236,4434.2285
-21.844543,4508.3745
-23.579113,4400.4585
-24.723522,4427.8296
-13.192706,4322.123
-25.583467,4362.5522
-15.17091,4365.4756
-6.2346087,4339.5137
-18.454603,4357.916
-23.299791,4529.422
-18.982775,4410.127
-10.644383,4488.1006
-41.565636,4426.7207
-44.10822,4471.759
-6.3868985,4352.592
-12.024157,4267.3535
-3.4115837,4277.2456
14.617703,4241.301
4.8248844,4244.1914
-13.061725,4183.534
-16.76645,4302.7646
-9.127595,4238.5083
-8.181744,4299.6055
-9.950064,4143.0874
-13.680198,4146.2524
-38.118027,4261.344
-14.183931,4088.76
13.651512,4096.856
6.4375625,4162.288
2.3141131,4064.874
0.5924329,4103.28
10.3777275,4165.9766
-3.4705923,3985.5825
-5.131997,4020.4739
-58.383606,4036.6328
-27.094744,4139.768
-13.000481,4167.2866
-28.300844,4277.763
-33.47006,4275.4688
-36.103836,4190.39
-28.66026,4206.7944
-27.904398,4185.824
-5.219467,4120.1274
-32.08209,3970.2874
-10.158457,4038.0835
-28.737373,3951.651
6.3464417,3991.2034
-18.54498,4120.4136
15.252047,3964.768
3.3560023,3993.8796
-7.0042534,4005.2783
15.207789,3920.8555
-17.852596,3840.7178
-11.799,3777.0288
-48.881584,3825.1973
-0.46830624,3866.3142
10.585077,3838.923
9.277723,3932.572
10.83102,3731.0117
-9.910204,3856.2036
-23.26224,3873.0752
9.040944,3835.976
5.3453074,3863.045
-9.961389,3717.4976
-40.157177,3693.701
-22.69078,3820.0635
0.42226166,3729.062
-9.209849,3787.0056
-3.7936494,3715.3262
6.2085314,3640.0134
-1.9329414,3665.2434
-8.52976,3592.2188
-9.516962,3681.754
-26.175566,3815.7046
-32.805466,3646.1067
-0.02708286,3637.8474
7.421188,3573.7932
3.2554195,3671.8691
9.991117,3715.3137
1.0036304,3586.2273
-11.058561,3623.923
-10.144152,3522.7073
-5.2912908,3523.5435
-7.7264385,3488.131
-26.543253,3553.1604
-12.106784,3640.2537
2.319999,3621.3027
-9.386055,3589.351
-4.226752,3411.8508
-3.6398695,3582.7202
-9.186454,3568.9377
-7.0410595,3601.3967
-9.849332,3506.1497
-11.129565,3564.095
-16.06088,3669.4175
-16.913824,3568.35
-6.056465,3418.725
-5.1357226,3469.3755
-5.037673,3488.5579
-3.5939739,3365.8345
-8.994601,3500.929
-7.895939,3520.2456
-7.73292,3520.968
-8.526333,3480.162
-12.253634,3306.0103
-9.920634,3511.9617
2.1382422,3284.5933
-2.735518,3428.805
-3.7790463,3460.3381
2.7547405,3277.9705
2.9186904,3278.9219
2.12498,3205.151
0.75519085,3242.2393
-1.5341864,3332.4443
-3.2499433,3159.8586
1.5847013,3274.0664
1.67083,3129.2373
3.422387,3268.928
5.6732073,3231.7263
3.4397469,3197.428
0.70884824,3117.3499
-3.172122,3074.3599
-6.122738,3207.8557
-1.5140325,3145.377
-4.9050527,3199.6572
-4.280433,3149.1138
-0.65259635,3145.7341
0.8857995,3076.3262
2.0226092,2983.7537
4.51833,3117.656
4.2320414,3061.0967
1.8655509,3140.7087
0.6971881,3150.2534
-2.3838506,3072.2297
-0.51006675,3063.9338
-6.8342686,3158.1265
0.47065318,3135.87
-1.9024312,3005.287
0.0237301,2950.6128
0.14673918,2915.3438
-0.6614253,2956.453
0.20150095,2862.4338
-0.605993,2953.7666
0.016279519,2942.8613
-2.0682812,3079.6165
-0.84195286,3079.5496
2.6205554,2945.4976
-0.6819889,2979.576
1.4204159,2977.3127
0.3073737,2868.411
-0.26073307,2871.1533
0.18052757,2794.792
-0.38590282,2908.7854
-1.3774261,2998.5212
-0.8023903,2912.7317
-1.2316555,2795.391
-0.4496798,2736.3955
0.03900379,2891.6104
3.5075843,2965.3555
0.17631799,2805.993
-0.046901405,2863.6934
-2.8662755,2745.9312
-0.14740974,2770.2964
-0.9385869,2787.7676
-0.66984445,2930.9124
-1.7120316,2801.1394
-0.34946948,2816.6748
1.2074411,2873.0745
0.03311783,2801.4744
-0.9673089,2789.1338
-0.51308423,2890.204
-0.78924,2758.1191
-3.4426525,2636.534
-1.1377782,2725.317
-0.8607283,2864.766
-3.1134858,2701.6216
-1.0832399,2656.5676
-1.6190484,2589.0803
0.08970499,2722.3235
-2.4446473,2675.7139
-2.8358028,2697.8665
-3.5636127,2619.9043
-3.3928082,2570.9563
-4.884675,2583.863
-5.284883,2700.1511
-18.286184,2440.2432
-5.6701527,2511.0186
-1.2797489,2463.4353
-3.9463117,2483.1099
-17.120428,2447.2322
-4.228838,2538.6245
-13.647117,2442.6304
-2.7848034,2571.5386
-3.3588336,2550.1418
-5.895384,2686.751
-1.3291464,2582.4438
1.0909512,2496.387
-5.099066,2456.9746
-20.62615,2303.6658
-6.0976667,2464.6724
-21.492317,2372.488
-13.679602,2445.1875
-16.24789,2310.728
-21.883808,2347.5508
-23.929365,2380.7144
-10.708533,2428.884
-19.773283,2370.302
-5.6448207,2424.7197
-18.67909,2281.693
-20.890646,2338.4456
-11.706911,2207.5684
-13.49438,2219.5815
-23.363232,2355.8167
-6.613322,2148.6025
-16.39191,2379.6714
-4.4822693,2149.512
-17.520002,2263.7046
-8.2071495,2128.95
-15.496835,2375.3193
-21.239035,2288.4087
-12.75368,2177.0925
-10.489598,2184.7402
-12.551732,2243.969
-10.083429,2224.5693
-20.183064,2376.1443
-1.3822689,2071.0796
-17.422625,2225.6482
-4.763231,2017.744
-10.043494,2110.2285
-14.79134,2174.2239
-5.489476,2104.6514
-6.7993255,2104.33
-5.156435,2061.6394
4.310906,1996.8568
4.325174,2022.713
-1.665987,2027.3821
-2.6753173,1957.5952
-5.7309866,1983.0831
-12.091994,2120.88
-0.9210408,1949.3904
-9.493381,2084.124
-2.8405712,1992.871
-7.655993,2100.4788
3.977157,1965.4686
4.1089206,2027.9523
-10.13644,2074.0046
-9.980462,2013.7445
-7.2193146,2025.9005
0.51189214,1869.0975
-3.6596508,1921.0161
-11.376701,2082.6091
-5.404316,1985.381
-2.0233169,1947.7732
9.887554,1806.5847
-5.3986535,2169.1675
0.016614795,1967.8821
-0.4772842,1918.5732
4.5519695,1832.365
-4.0081887,1946.1699
3.4511833,1875.0883
-0.10125339,1908.0819
3.9700046,1831.6892
8.166842,1857.9005
0.71104616,1973.522
15.290231,1739.1382
8.0518055,1825.164
3.2175705,1872.2124
-0.30875206,1913.3374
9.490252,1837.3485
8.502007,1812.5828
13.328381,1767.8008
-2.1677837,1558.0546
9.811595,1732.8156
7.8347697,1696.1681
13.827756,1802.547
10.427572,1708.1307
17.343685,1714.0662
17.928667,1794.878
9.5508995,1622.8048
18.448345,1785.7927
15.9014015,1743.5166
0.577122,1496.2422
5.767271,1588.9558
-7.3257833,1402.4171
10.471903,1712.6667
8.643158,1558.2439
12.2663,1650.3137
12.523272,1586.9092
10.639652,1518.8705
3.1505897,1504.7386
0.84735453,1502.8983
2.6590376,1569.8059
3.8864837,1504.7239
-8.454993,1313.8407
3.7596374,1627.3375
-2.2017956,1355.8667
4.381686,1373.84
1.5901774,1328.2328
-2.2009387,1334.6877
4.0053205,1439.0427
-2.4617836,1166.2284
-5.931258,1421.0994
0.76461583,1506.7024
-6.462373,1514.8076
-4.34041,1573.5016
9.735301,1506.501
6.7308173,1439.5143
1.0448322,1323.8032
-1.6331673,1197.2384
3.3098087,1315.4442
4.542135,1373.5137
-3.3813343,1393.9613
-2.8149412,1343.2533
-4.538484,1419.1399
-11.235886,1488.2747
-3.3645704,1125.618
-0.36232173,1103.3392
2.8649344,1078.1685
1.8196926,1058.0948
0.5777553,1094.2383
-3.5148115,1127.1432
-5.1262603,1129.2356
1.765117,1419.5549
-2.942905,1257.452
-6.731469,1158.916
-7.228814,973.85126
1.4964118,1136.9402
2.2582338,1030.6459
1.777038,1202.2965
0.9550154,1018.42566
1.4731288,1248.3665
0.8517131,1272.9963
-2.58822,1085.2798
-3.7734582,1138.2484
-7.011406,1332.8352
-0.3836304,1011.1581
1.9923971,1077.293
-0.7269904,960.4124
-3.808327,891.4621
0.020973384,1157.6315
0.080913305,1034.966
-2.4553761,1024.6328
-0.9339303,1117.3827
-7.6219068,989.2846
-6.9516153,1302.984
1.8622353,1027.7369
3.2997503,1053.0026
3.684275,1077.1077
-0.27488917,970.6399
-7.3009357,762.31616
2.863072,1050.5266
-4.732385,757.00714
-7.200539,1028.4568
-0.6227195,1137.5894
-7.576719,982.6325
-5.598478,850.20215
-11.849962,685.4549
-10.311193,694.8978
-1.8510594,930.2768
-4.3760614,870.5355
-0.8657202,956.5526
-1.8342584,977.1593
-3.5938993,744.8438
2.414547,653.37506
3.3085794,734.5763
-6.750263,766.4719
-7.759221,668.8122
-8.372254,776.49286
-7.269271,796.1352
-7.6334553,601.06287
-8.039959,731.7522
-5.188137,825.43634
-3.1142309,962.0978
-3.9844215,778.89105
4.567243,714.7562
-5.8238583,500.71246
-5.7275968,427.10004
-8.8809805,431.80316
-7.207282,568.5277
-8.955039,673.8917
-6.009452,365.0155
-5.859025,522.72876
8.001663,441.1655
10.335483,457.66022
-3.7844107,775.4428
-4.895739,407.01892
-9.20821,407.20184
-3.6771967,317.6922
-5.142279,396.36694
-8.987524,425.68213
-7.7511744,484.42776
2.2020564,405.1703
1.5924499,475.1917
-2.2258983,662.71155
-3.7391112,766.57526
-11.951439,387.34943
-13.142936,655.5328
-18.33435,494.03177
-7.632561,360.90625
-12.372844,451.76904
-2.6728585,305.9588
4.060157,256.5738
-4.8154964,486.90665
-2.539195,530.7067
-3.3796577,744.6478
-5.296506,312.91138
-8.122213,340.10596
-3.9316342,291.6637
-8.4881115,430.0303
-8.639507,518.30383
28.063395,141.00835
1.601465,239.34882
-5.6106224,415.58218
0.06828457,409.9935
-1.8184259,523.68176
4.4752283,169.17944
29.628836,74.98808
3.9727614,156.60487
-12.430511,329.78558
0.29545277,204.3821
-2.736561,276.6032
-2.3915992,284.95584
56.23486,116.801186
17.101355,230.54033
49.1279,245.67511
56.521854,42.930134
38.389526,83.534904
-8.110292,182.27719
0.64413995,158.00908
-0.7074699,182.4265
-8.539743,288.70636
119.58126,16.897804
47.78046,128.4552
116.331245,61.59831
11.484287,286.54422
38.026237,76.52588
152.90837,7.5806303
85.58895,32.74258
25.432072,105.89529
76.17626,31.84084
23.722313,83.29086
50.842278,78.011154
52.62818,69.27017
145.07224,35.258904
