4.603993,326.3634
70.534706,34.22186
79.547745,31.861588
115.38087,20.833536
42.845737,51.590874
133.86299,13.232716
202.51324,2.0761042
162.25053,8.514412
174.89833,37.84094
192.80768,52.22816
162.73727,36.164448
55.851917,48.44904
105.32891,23.766607
173.57466,5.65134
181.75354,3.9583073
53.724182,53.44674
204.79565,3.8404763
243.91344,6.5280495
78.67014,83.43667
155.35568,82.24897
439.58792,-4.502386
199.15579,3.000833
94.80527,26.649834
382.43228,2.55391
320.6422,3.4824758
183.91615,4.299842
154.07135,10.367073
380.23734,3.6032126
283.92746,4.6902895
211.43294,84.91676
423.95724,-0.5486235
110.88653,24.252161
193.19458,2.170205
230.28827,1.5966594
193.67581,4.0704756
323.53088,2.7615576
422.84192,3.514029
429.40677,2.529323
432.21198,3.0204282
221.67502,114.11343
381.16678,-1.0706856
495.03265,3.7255511
243.69386,3.1225011
359.4321,3.1518936
455.66714,2.8475
557.7984,3.4504757
270.71988,4.3025985
580.1538,2.2788346
537.21515,-3.197603
545.38043,-12.535564
533.5196,-6.1034784
320.83304,1.2949481
489.59628,3.4480543
550.3171,3.76001
624.45013,4.0408597
608.9092,0.9116158
472.19888,2.4311244
652.79834,1.0707974
505.89807,-8.835345
654.9422,-14.818571
595.34393,-13.579019
721.63965,2.192147
596.10156,3.812164
586.6514,2.6499853
536.2988,3.281273
467.10907,2.5238469
653.27966,-4.2542443
713.5138,-4.207492
614.9863,-4.3523684
823.6555,-15.362874
900.5306,-12.235977
601.1494,2.1943078
762.59454,3.1110644
844.0389,0.4946813
752.6053,3.0415878
767.9474,1.5205145
668.26654,2.7077272
890.6892,0.71138144
1001.42377,-4.5764074
794.28644,-15.756376
724.28485,-15.939623
827.7192,2.317503
841.9908,1.771599
788.696,1.973249
879.0027,1.8837303
712.3785,-4.9291553
777.2818,1.684241
906.81934,0.9550527
966.40515,-11.310875
971.0706,-11.971481
1061.6226,-9.048097
805.2208,-3.515482
868.1739,1.7278268
930.755,0.14536083
985.2414,1.4415755
815.9895,-1.1861696
1056.3802,-0.4415959
1137.6478,-3.9805844
1088.086,-9.843447
1074.4692,-10.431036
868.7206,-12.301803
815.68665,1.4225394
1029.4789,-1.4286488
965.13226,-2.1526961
1088.2982,-1.7797947
1124.1936,-0.07901341
1039.7844,0.96630305
1177.4648,-1.3170764
1193.5281,-4.7074633
1116.8088,-9.2832
1145.1945,-8.786656
1121.3253,0.5936995
1100.0701,-0.26270747
1148.2242,0.33333898
1025.3896,1.9837916
987.85846,-2.40352
1290.8802,4.0025263
1195.572,-1.2424588
1308.7493,-6.462745
1337.1311,-7.3209033
1384.7546,-5.660802
1198.5831,-1.6716868
1201.8215,1.8468871
1213.4973,3.169179
1167.221,-0.014156103
1195.5115,2.1307542
1195.1982,0.85961074
1412.7817,-0.8288026
1169.9873,-8.067824
1313.5105,-8.260608
1380.9026,-7.4689093
1432.3148,4.262626
1384.4155,3.9211287
1297.9188,0.27712435
1293.2393,2.8676913
1293.0565,3.7035718
1443.4991,2.297312
1444.8484,-0.22046268
1533.1917,-2.299808
1470.1663,-6.9030747
1510.5465,0.11507422
1437.7937,1.7288327
1443.4705,4.123114
1291.7811,4.014224
1492.719,3.2924488
1615.2239,6.206147
1552.4987,3.6353617
1508.535,-1.1541321
1598.2504,-6.9173055
1514.6301,-7.2001295
1561.8085,1.6245991
1391.4564,-2.6899204
1502.411,3.3560023
1456.8125,3.6541371
1554.2454,4.224703
1455.5493,-2.7589872
1587.6351,-3.5658107
1614.9331,-7.4936447
1673.2529,-8.237622
1777.4492,-7.922277
1635.3965,-8.64245
1697.2823,1.2597442
1514.7756,2.1279602
1583.5385,2.7763844
1695.4567,0.686422
1729.4442,1.0894984
1734.332,-3.7139654
1654.6879,1.3116747
1630.8556,-5.1204863
1722.9362,-8.2265215
1585.0203,-7.589273
1714.88,0.047944486
1685.5256,-2.7591362
1664.9708,2.1226332
1728.2233,-0.41749328
1686.6239,-1.546368
1658.6106,-4.3628364
1902.2327,-2.7712061
1749.1907,-6.308369
1778.1963,-4.068054
1842.5135,-7.513836
1758.6343,-4.0288267
1663.565,0.45072287
1791.9255,-1.9247458
1753.7283,2.0704792
1909.4176,0.42274594
1842.2693,0.53167343
1924.1558,-4.42978
1921.3099,-6.47638
1910.3815,-3.3858047
1879.5095,19.672737
1909.9062,-1.6121566
1961.2299,1.7789006
1951.1919,-1.7245114
1924.6294,1.6030297
1854.2449,-3.487356
1846.5592,-2.939813
1886.9235,-6.3810124
1937.7753,-6.567314
1952.0671,-1.1690333
1947.213,-1.6640872
2056.5793,-3.538467
1958.1064,-1.3112277
1969.6948,2.2247806
2127.2705,1.452528
2125.5586,-2.5037675
2098.5735,0.97285956
2095.6167,-1.6252697
2111.2178,-3.5268068
2194.6091,-2.4195387
2190.538,5.1930547
2091.779,-2.9704347
1985.6107,0.5004555
2191.9104,2.2816658
2172.0125,-1.0895729
2111.7766,-3.2095983
2176.818,-2.3223088
2179.8464,-2.7851014
2240.1787,-2.388209
2309.743,-2.1464005
2181.8296,-1.0211766
2168.4688,-0.22210181
2212.4456,1.1944771
2242.7412,0.3253296
2199.5173,2.145283
2194.1716,0.28543174
2256.4749,-0.2939999
2289.7964,-0.5082041
2218.4363,-2.9861183
2364.0708,-1.0792911
2337.1946,2.3732333
2329.579,1.3562665
2414.5732,1.8943287
2460.9902,3.2314286
2357.3962,1.5049428
2366.3057,2.5035255
2352.0706,0.83349645
2514.7766,2.2589042
2367.8293,0.4885532
2352.4702,3.8205087
2263.3809,9.177216
2369.7202,0.7965975
2395.715,1.6288645
2470.3018,3.2331235
2431.2961,2.8303638
2505.517,4.1028485
2531.3767,3.7723594
2445.7524,2.0501575
2467.2673,1.0171719
2414.7751,-0.62165785
2393.7312,13.373345
2491.2314,3.063269
2595.6797,4.5383906
2463.1235,3.2532215
2450.379,2.0752475
2481.156,2.2834725
2553.9636,3.486052
2528.553,2.7964263
2629.9573,3.2270699
2639.7783,7.686187
2522.2654,1.0399892
2541.7778,3.1194463
2630.0972,3.8783438
2617.245,5.094614
2748.0889,-3.849119
2754.2805,-3.013108
2731.6013,1.6616285
2703.7605,6.067492
2795.7637,11.639781
2825.0078,16.1108
2686.5881,9.8934765
2571.276,1.9901805
2670.1382,4.2703004
2746.619,-1.7875061
2806.1116,-0.59265643
2672.8486,4.198216
2812.5417,5.696453
2859.9565,14.460478
2818.8252,13.605133
2848.503,14.650188
2704.0496,20.341091
2819.4607,11.976287
2923.785,1.2556463
2888.723,-2.9584394
2855.8267,2.2049248
2760.8835,5.8333015
2967.485,-2.771318
2911.8987,15.184283
2938.193,18.61224
2885.5493,29.18383
2824.4546,26.001688
2847.4036,9.145178
2883.8599,2.0818412
2934.2214,-6.0684977
2889.7524,-15.151333
2921.0686,-19.312874
2860.1313,0.024177134
2923.1182,0.93126667
2985.4146,11.8425865
3146.301,33.05899
3026.8806,17.828718
3039.7183,-3.1840243
3125.3857,-13.168081
3063.7705,-7.931739
2992.0796,-3.7291274
3009.7466,5.054176
3061.6287,8.921418
3143.8604,1.3233349
3131.1125,6.772969
3069.2483,6.0556083
3111.0322,42.05387
3124.115,3.2802298
3100.7585,-11.794008
3119.2944,-17.400179
3203.7146,-11.06929
3200.511,-9.795502
3278.6736,-2.0856316
3257.5764,-7.3285775
3109.0767,13.278033
3211.0017,24.776346
3184.2297,63.975807
3168.9602,-4.3236465
3240.733,-9.124615
3255.8682,-17.55055
3138.4116,-10.635555
3195.8408,-14.096256
3213.3894,-1.6596447
3218.958,-6.429814
3222.0215,-6.098114
3233.9785,31.976738
3153.6282,45.485775
3235.6294,-5.01249
3322.742,-17.377268
3298.113,-14.514141
3277.4626,-12.348443
3432.069,-5.6673584
3386.8123,-15.954412
3374.0913,-3.5639665
3334.1265,-5.7461486
3245.5242,10.808725
3423.612,35.863796
3381.4749,-5.774237
3359.7021,-11.841432
3408.4272,-13.643392
3561.5474,-11.718646
3558.6382,-16.777254
3555.1292,-11.427272
3540.405,-13.322253
3502.127,-5.611144
3439.1367,8.582547
3426.726,17.756987
3564.8865,-0.89364123
3598.0881,-6.223321
3557.1992,-12.435019
3579.3894,-14.935695
3589.4824,-13.458096
3653.9941,-15.686303
3579.8716,-8.905418
3593.338,-0.0877399
3587.5713,13.116179
3603.012,22.109737
3658.4387,-7.9433246
3591.923,-14.974811
3628.813,-11.286624
3717.8547,-15.637912
3742.6072,-16.567036
3715.178,-14.344677
3699.6973,-11.81718
3776.9067,-6.004572
3739.0176,7.6671224
3669.1772,40.339996
3805.6743,-9.864625
3866.1135,-17.288923
3829.7087,-13.370254
3827.9062,-18.770508
3837.5688,-18.938984
3881.4473,-13.407469
3885.96,-3.4090505
3909.3325,12.122998
3885.8203,21.579973
3785.7766,23.296577
3747.1748,-9.278245
3818.1,-7.731728
3902.9778,-12.190752
3974.64,-4.34272
3903.0388,-13.127849
3909.9377,-8.691214
3859.7888,-11.20001
3854.6052,-5.2572784
3931.2642,33.897804
3808.88,5.8413296
3991.2505,1.8316135
3921.7866,-8.535311
3911.4172,-11.422671
3869.01,-10.684244
3948.1145,-7.7006407
3979.5828,-7.1813164
3970.336,-14.351513
3952.3015,7.270174
3871.1895,22.025742
3926.378,61.26024
3895.88,-0.8405559
3999.4094,-1.2486242
4051.2805,-16.8233
4017.181,-12.121368
4082.8,-21.526758
4160.8506,-23.280495
4129.812,-3.8310142
4073.4229,6.118808
4056.6277,13.706899
3973.439,29.3768
4117.062,-14.068633
4225.111,-10.715686
4188.3535,-27.189758
4213.9663,-16.117636
4259.5884,-5.885139
4322.0435,-22.535902
4215.1396,-18.221308
4252.043,12.201778
4252.0864,30.640923
4236.1265,37.5893
4319.758,25.93411
4355.347,-1.5048869
4323.5356,-27.962177
4389.364,-25.575682
4392.0596,-26.929304
4434.701,-10.901373
4403.799,-0.72837806
4376.6006,26.172083
4357.777,55.465763
4416.128,97.039345
4404.307,-6.355271
4490.487,-15.780069
4408.0894,-32.003746
4344.9385,-30.739307
4394.627,-27.00584
4450.9727,-9.234995
4497.6265,-2.3711472
4512.285,19.623013
4438.6943,36.93805
4336.271,57.240314
4506.4004,18.270452
4578.1875,-8.39062
4628.5723,0.39682722
4605.3,-9.702295
4642.7656,-26.042349
4633.612,-24.36299
4531.83,-5.0843134
4509.575,3.9590988
4427.349,60.78109
4466.877,93.640114
4620.7197,31.23126
4638.0327,17.231815
4713.5366,0.52010643
4707.717,8.934355
4562.2915,-22.224337
4509.648,-39.43276
4493.1113,-13.186708
4613.852,12.299512
4509.273,24.505033
4418.208,48.851574
4614.6304,15.5187025
4678.996,9.586475
4704.4604,-7.8296475
4652.924,-32.810642
4756.469,-17.162933
4800.4683,-1.5456789
4757.068,-2.428172
4659.3735,25.709457
4709.2896,56.5698
4620.1855,73.87573
4760.177,6.8300405
4786.817,9.950083
4840.0557,-1.8129964
4817.1084,-6.0090795
4900.702,13.018297
4857.371,16.878164
4870.5986,25.166952
4878.682,54.901596
4799.1777,63.76461
4595.7563,41.426216
4768.9277,18.943361
4780.8794,-15.366525
4863.116,-4.48782
4934.5654,30.126675
4883.0005,-11.786465
4831.996,-16.896053
4808.542,1.17369
4799.6987,28.812475
4776.8823,62.17505
4786.68,72.01943
4909.0996,45.2613
4997.426,88.15193
4986.2397,46.207066
4962.2188,24.468304
4990.569,52.794853
4962.4414,38.67559
4885.5884,24.808031
4935.2383,81.39164
4890.307,139.76343
4758.0493,63.547848
4936.9766,63.23887
5010.2725,178.67091
4989.064,82.343575
4955.4355,33.46542
4980.877,64.07587
4984.579,61.02994
4985.878,75.20562
5021.9233,256.91455
5007.5464,372.34546
4753.3677,77.18228
4994.43,188.70477
4990.4863,105.52261
5022.643,201.96527
5023.738,203.81651
5017.559,131.91217
5025.7124,152.6938
5020.5396,273.49182
4998.9478,189.2163
5011.3013,367.7173
4873.9795,174.94691
4957.8477,91.256165
5022.961,232.58989
5021.9033,220.56006
4999.5146,161.38052
5015.3804,119.96329
4987.876,97.03792
5002.255,144.50375
5020.1123,309.59296
4991.6665,315.31467
4853.517,191.30577
5017.655,356.45456
4989.004,133.29773
5020.3623,269.6847
5016.9033,284.70285
5022.7324,210.7751
5018.788,331.69278
5013.2583,397.77042
5017.1255,403.9508
5021.2373,528.2122
4986.2886,495.971
5020.6714,313.8975
5017.126,346.31522
5012.5767,354.778
5017.678,294.58902
5011.2695,378.12546
5011.295,493.56726
5014.063,481.93607
5018.4595,430.9473
5008.426,521.8188
4955.9004,478.25006
5019.7617,424.6483
5008.026,428.7589
5004.5093,517.52905
5001.5444,528.7734
5002.0493,540.0807
5009.43,448.6876
5010.9233,434.0478
5014.318,456.0344
5019.12,566.1164
5022.397,788.5221
5011.394,632.9319
5002.8716,732.6086
4999.5166,640.22833
5002.0845,553.12537
5007.704,469.63028
5003.3604,646.4982
5003.3857,722.7841
5008.837,682.5301
5015.374,653.7938
5023.5225,675.7798
5013.148,555.4735
5003.384,676.62036
4997.909,683.90985
4998.5093,712.1217
4997.6226,767.07306
4994.1562,729.2354
4997.6294,755.9883
5007.417,713.08435
5004.7974,822.2263
5017.3022,809.3308
5010.3135,652.4425
5000.102,734.4474
4993.1245,813.4823
4998.318,714.12
5000.4614,712.0937
4994.5806,786.51166
4999.9307,753.0947
4999.466,848.977
5008.1855,889.3913
5008.8496,1150.3613
4989.027,1101.2074
4981.0435,1106.5023
4981.8867,992.2433
4979.4824,1054.9379
4980.0034,1014.6489
4989.7397,930.9334
4994.443,917.7931
4995.7266,1019.7708
4999.1255,1082.992
5012.7666,1045.9459
5000.9995,967.94867
4987.8716,1000.0229
4985.957,1031.2527
4981.158,1121.9679
4982.984,997.50354
4988.8257,1021.9695
4992.62,1038.4188
4988.044,1102.9851
4995.7935,1127.922
5015.55,1038.2911
4994.9526,1061.246
4984.6934,1116.6719
4982.6045,1142.1462
4986.916,1226.5887
4984.2524,1164.2914
4984.269,1215.1627
4982.5356,1144.1809
4983.9717,1165.2383
4995.764,1215.1703
5003.977,1180.2887
4985.3384,1292.8721
4989.977,1328.8018
4990.5405,1334.1855
4991.474,1333.7095
4986.567,1240.32
4987.25,1245.922
4989.761,1329.5352
4987.5864,1310.0264
4988.711,1397.1238
5005.97,1220.9675
4985.843,1324.1819
4989.499,1356.2133
4988.0513,1322.9696
4985.8286,1223.8992
4987.318,1260.3307
4991.6553,1382.7719
4990.416,1363.9442
4987.205,1319.5653
4990.234,1421.4073
4989.099,1398.869
4988.4067,1348.5616
4992.775,1401.6608
4994.127,1419.2589
4995.365,1425.0526
4996.471,1433.2578
4997.856,1457.0598
4998.2925,1497.2848
4999.4565,1538.7306
4998.908,1579.7341
4980.056,1503.4384
4992.414,1475.8787
4996.3745,1509.1718
4996.902,1490.3923
5000.985,1560.5408
4997.1787,1461.595
4999.532,1533.9342
4996.2847,1482.4381
4993.858,1439.3677
4995.554,1546.1405
4968.684,1653.9528
5004.9077,1721.3492
5002.4165,1606.5011
5003.275,1630.4373
5005.3555,1716.5397
5003.5356,1642.0099
5003.3135,1630.4792
5003.836,1658.4431
5003.841,1660.4457
5005.549,1735.6638
4998.282,1662.5844
5004.508,1697.6708
5004.989,1754.4554
5004.397,1875.7178
5000.916,1803.6809
5001.132,1784.8369
5003.626,1835.2651
5005.098,1856.1798
5005.048,1847.9928
5009.4297,1894.206
4983.353,1756.0447
5004.805,1712.6703
5005.9194,1819.2034
5002.861,1780.0883
5003.14,1778.2638
5004.839,1819.2316
5005.494,1816.4819
5005.234,1789.7249
5008.1206,1833.0498
5008.928,1873.6606
4990.455,1892.0833
5009.138,1953.418
5005.4824,1962.5205
5001.2397,1900.554
5000.6885,2037.4197
5000.7324,1984.1072
5001.5566,2075.9514
5004.008,2066.1152
5003.759,2061.8906
5006.7974,2065.5906
5004.1807,2158.5771
5008.742,2156.855
5004.1113,2214.617
5002.9365,2074.4824
5001.3467,2156.2415
5002.8887,2148.1267
5002.616,2233.0122
5003.6143,2151.9172
5004.18,2097.0662
5007.716,2112.5427
5010.1304,2070.1697
5010.8643,2119.5088
5006.1665,2142.5752
5004.9023,2056.7256
5003.979,2172.88
5002.076,2119.6738
5002.5894,2188.281
5004.268,2130.533
5004.9297,2099.5125
5010.536,2155.272
4998.0464,2089.849
5009.387,2131.95
5005.722,2154.3225
5003.4277,2185.9912
5001.088,2212.5828
5001.8184,2262.107
5001.272,2237.474
5003.425,2230.2715
5006.973,2286.5562
5009.0796,2309.9277
4994.9316,2330.6387
5006.755,2350.6614
5003.338,2334.928
5000.329,2343.4673
5001.334,2420.6802
4999.851,2362.8972
5000.157,2410.5593
5000.3164,2352.2268
5004.369,2427.3154
5008.828,2433.8
5013.8794,2389.224
5007.464,2401.2207
5002.865,2413.1877
5000.745,2465.8987
4999.183,2435.139
5000.321,2494.801
4998.817,2456.0088
5000.589,2503.4744
5004.1543,2583.3518
5005.5957,2533.2734
4998.2627,2566.2988
5007.3433,2510.8801
5002.4497,2573.2136
5000.799,2595.845
4999.7837,2568.2727
4999.1562,2513.0972
5000.323,2524.9998
5002.535,2524.8647
5002.411,2525.868
5006.5728,2507.3428
5000.583,2592.1758
5006.7427,2636.295
5000.87,2625.8633
5000.1465,2686.25
4997.8047,2661.9492
4999.438,2742.4146
4999.0312,2665.5227
4999.9883,2675.758
5003.443,2675.654
5007.0244,2675.4346
4990.8613,2735.8389
5005.34,2583.2998
5001.8086,2704.8064
5000.38,2765.973
4999.722,2790.749
4997.8228,2768.1545
4999.709,2796.266
4999.2056,2787.2097
5002.276,2802.2947
5004.859,2773.5635
5001.5205,2737.5667
5008.269,2829.7036
5002.974,2855.9219
4999.621,2820.4539
5000.264,2902.038
5000.3574,2917.919
4998.38,2833.952
4998.8184,2829.4
4999.839,2747.9333
5004.9097,2799.0312
5001.2646,2912.4883
5004.288,2821.7334
4999.7134,2910.5264
4997.7993,3058.4082
4996.2773,3063.337
4994.95,3054.66
4994.6074,3075.8987
4997.165,3061.494
4998.319,3069.2317
4999.4097,3119.719
4997.72,3052.366
5002.113,3043.368
4998.1167,3040.3484
4993.6084,3110.4229
4993.4185,3122.3547
4991.4136,3197.271
4992.133,3168.3513
4994.6035,3090.6348
4996.9478,3054.5083
4999.18,3045.3271
4970.7495,3195.3142
4997.6353,3185.9963
4993.3755,3141.4739
4988.5996,3220.205
4988.3223,3212.6663
4988.836,3198.1501
4987.7544,3255.2915
4990.52,3224.9995
4991.315,3171.2332
4993.986,3167.4956
4960.595,3142.2925
5000.238,3194.1917
4995.381,3100.1482
4990.348,3206.8467
4989.855,3177.382
4987.2534,3242.5984
4987.0957,3238.8599
4986.92,3285.7644
4987.759,3339.4497
4994.2236,3411.9531
5005.6313,3176.587
4993.2124,3298.762
4986.629,3356.724
4983.434,3368.3022
4981.948,3421.0776
4981.613,3424.7458
4982.383,3421.7988
4984.751,3476.8154
4986.47,3368.127
4992.54,3428.1868
5003.332,3357.3804
4989.8247,3350.4954
4983.9966,3379.0364
4982.723,3413.9639
4996.4443,3557.5154
4998.931,3577.727
4996.422,3560.173
4983.338,3469.2522
4983.1426,3443.2825
4988.84,3500.027
5003.8857,3490.899
5000.062,3609.61
5000.651,3589.255
4997.0835,3551.717
5013.9263,3666.4656
5019.8145,3744.6477
5011.061,3648.3425
5004.0996,3607.11
5002.2407,3605.599
4999.686,3598.6245
4994.94,3609.3262
4993.7646,3566.8174
4998.445,3568.7507
5014.637,3684.537
5013.301,3662.1882
5005.11,3604.16
5003.6616,3595.253
5001.342,3581.8767
5010.4927,3664.6633
5007.9297,3665.3218
5006.8867,3769.4087
5024.069,3743.2214
5008.3604,3644.5945
5014.1694,3776.7935
5009.41,3710.546
5008.2617,3720.5767
5008.6006,3797.25
5023.023,3741.7793
5031.489,3812.3806
5036.5195,3822.135
5003.247,3681.5754
5000.922,3604.6335
5024.064,3762.7358
5018.7285,3818.43
5005.018,3772.6006
5000.669,3872.8022
5017.5977,3928.443
5028.9966,3919.6057
5036.2456,3834.3242
5064.3926,3956.2937
5029.237,3829.1707
5021.1377,3748.2522
5023.8154,3958.531
4998.8413,3970.957
4994.9634,3934.282
4995.7144,3922.133
4996.7485,3909.8586
5014.664,3958.2485
5026.1436,3940.5623
5037.991,3838.5857
5021.1377,4079.2014
5038.896,3993.2864
4995.7876,3923.1438
4991.8525,3972.4324
4988.6577,4009.6394
4990.4893,4053.9956
4993.662,4076.06
4997.8647,4002.7234
5019.887,4074.4517
5045.9824,4083.4478
5078.0547,4142.3257
5031.1973,4040.1292
5004.406,4139.0166
4994.255,4185.951
4996.777,4279.9487
5001.0044,4354.781
5001.0635,4307.9834
5002.0596,4250.034
5026.995,4339.472
5049.84,4400.8423
5037.343,4278.9043
5028.2246,4166.4316
4999.468,4136.926
4997.0273,4252.958
5004.8647,4434.0996
4997.8774,4308.583
5006.339,4394.1606
5013.9536,4361.5034
5004.891,4143.592
5049.1147,4309.199
4929.858,4526.4116
5020.871,4283.5693
4997.251,4279.5483
4983.7827,4267.001
4982.459,4311.2935
4992.6006,4391.4927
4996.35,4374.6313
4993.8745,4214.7495
5012.286,4310.402
5041.6304,4298.8574
4985.0938,4402.2607
5030.328,4497.9946
5010.76,4454.624
4999.6885,4455.166
4988.4053,4380.88
4992.439,4402.203
5000.8403,4428.212
5013.284,4501.739
5014.0317,4553.8486
4999.5645,4614.8525
4947.7754,4552.4194
5017.7007,4511.8623
5007.121,4635.92
4997.3564,4559.8955
4999.4175,4623.879
4998.1284,4729.8154
5001.27,4565.2744
4997.985,4373.29
5009.949,4359.7437
5018.2725,4601.4077
4871.386,4645.0137
5008.393,4680.501
5000.6436,4728.003
4992.983,4555.465
4995.397,4713.9185
4994.804,4628.5234
4996.9565,4755.023
5002.5166,4711.4814
5005.2773,4712.585
5003.818,4653.5767
4802.32,4833.175
5003.4297,4736.093
4988.57,4820.314
4989.6396,4733.4727
4984.3633,4805.386
4975.893,4869.473
4994.3335,4685.232
5000.54,4572.463
5001.0244,4755.6284
4995.2266,4711.7207
4865.4937,4769.332
4998.0327,4790.601
4983.1123,4844.4336
4945.4136,4921.024
4980.607,4801.4727
4984.0947,4789.267
4985.3345,4811.635
4988.36,4833.7017
5002.38,4715.022
4996.3228,4726.4136
4747.5933,4919.4365
4993.093,4827.269
4890.0713,4969.059
4967.0063,4878.4224
4948.148,4908.9727
4935.557,4933.745
4947.9097,4922.7817
4962.999,4913.8887
4857.872,4951.5615
4834.5737,4922.6235
4916.829,4742.908
4818.428,4968.134
4766.9404,4989.28
4838.0356,4976.316
4891.6714,4956.43
4896.2373,4958.308
4900.955,4962.951
4936.6865,4941.111
4890.21,4940.9917
4774.9116,4934.057
4537.8877,4943.6714
4793.0303,4943.9033
4823.692,4981.4614
4922.7056,4954.3853
4787.406,4984.948
4835.3057,4977.5737
4891.33,4969.1094
4714.8643,4998.388
4742.731,4969.386
4807.0034,4925.0703
4767.334,4840.521
4623.842,4985.136
4872.668,4960.6807
4834.937,4978.367
4790.875,4984.3447
4832.421,4978.2314
4744.8447,4993.6826
4683.7295,4999.3013
4682.534,4979.748
4665.888,4955.9717
4470.1655,4952.743
4536.241,4997.385
4578.78,5002.1313
4737.3984,4994.3184
4807.565,4982.8604
4825.8247,4980.1665
4795.001,4985.9443
4533.935,5003.1484
4462.878,5002.071
4458.815,5000.983
4529.7783,4930.102
4670.258,4949.7046
4523.4634,4998.3535
4618.5923,4996.5327
4624.6816,5000.614
4483.688,5006.7974
4480.6953,5003.2837
4380.1343,5007.154
4403.946,5004.828
4499.2637,4986.219
4517.788,4914.5576
4774.45,4924.9307
4505.3027,4999.473
4413.9272,5007.048
4546.8027,5003.8184
4549.0674,5003.84
4454.3374,5003.345
4433.739,5003.723
4275.598,5013.0654
4135.776,5016.576
4519.5,4918.3096
4392.1387,5008.932
4630.274,4987.306
4288.6895,5016.2744
4413.7563,5014.34
4525.2583,5006.0938
4412.316,5008.391
4442.4893,5003.4346
4431.2466,5003.2266
4038.5425,5021.058
4264.0884,4951.179
4234.6226,5012.1343
4456.0444,5002.1875
4293.2554,5012.823
4349.984,5010.2373
4283.9517,5014.264
4310.6035,5011.1265
4143.4375,5019.3237
4335.4487,5010.16
4159.5454,5015.624
3973.514,4999.4673
4136.1626,5016.8145
4307.639,5009.724
4185.1323,5018.092
4212.6543,5016.912
4352.298,5008.5547
4110.05,5023.0884
4044.276,5017.883
4057.6157,5020.0845
3940.2568,5021.9023
4183.9014,4935.6714
4143.1606,5010.556
4226.8726,5012.298
4132.191,5016.5405
4106.5703,5018.2104
4251.634,5014.193
4172.3154,5018.0664
3977.9626,5013.129
3908.1934,5011.009
3771.0798,5007.033
4094.699,4943.1963
3994.7737,5019.771
3967.5044,5024.6357
3946.4805,5016.0005
3837.0645,5001.2397
3886.2583,5004.1104
3840.5989,5001.5283
3918.8308,5011.9424
3814.3223,5006.777
3910.2522,5025.408
3823.8206,5009.608
3928.3977,5026.6997
3800.112,5011.1426
3928.3135,5016.148
3974.9187,5016.8228
3793.6736,5002.274
3852.201,5006.9927
3811.0815,5006.7188
3748.6191,5005.258
3675.347,5003.514
3967.1475,4962.461
3786.0823,5028.4683
3691.0957,5005.428
3689.2349,4999.7617
3870.6824,5010.5894
3787.6235,5004.679
3872.106,5012.548
3782.2336,5006.0513
3720.2107,5005.115
3558.097,4994.182
3580.749,5029.321
3496.1438,5009.8813
3552.013,4998.375
3537.6917,4986.878
3628.0845,4993.7593
3787.2139,5005.9224
3821.407,5008.816
3746.2676,5005.1235
3524.9836,4988.286
3513.1294,4991.895
3660.5347,4975.961
3645.292,5031.587
3614.0093,5006.3813
3590.6472,4998.6704
3673.5498,5002.988
3667.2002,5001.0703
3602.9448,4994.1226
3542.8762,4990.147
3497.401,4988.8955
3377.313,4985.6274
3499.4512,4986.0137
3503.6187,5037.243
3420.2695,5014.3657
3493.0945,5006.4185
3537.7583,5004.0806
3413.7258,4993.52
3452.8896,4988.7905
3526.9895,4997.4287
3448.3623,4998.264
3340.6677,5000.812
3411.5083,4982.0483
3346.2957,5039.352
3209.6648,5001.259
3235.678,4992.013
3353.629,4989.534
3336.1814,4985.5444
3383.3237,4985.5415
3389.976,4985.9395
3276.3794,4984.6147
3283.8208,4991.826
3134.9915,5021.64
3186.6968,5023.278
3323.1973,5017.395
3437.118,5011.564
3378.2356,4999.612
3395.822,5002.265
3148.6213,4985.4375
3221.1956,4995.2695
3236.5454,4998.056
3128.6663,4997.8535
3224.8577,4991.4697
3120.1118,5031.911
3075.362,5009.0396
3113.739,4999.012
3270.0413,5002.7134
3208.6545,4993.5635
3265.564,4995.8457
3251.5305,4999.9683
3111.023,4991.4653
3214.4937,5008.1216
3067.9656,4971.958
3051.1904,5022.391
3067.599,5017.954
3210.718,5016.9067
3114.481,5002.4688
3180.3923,5006.7095
3116.7385,4993.998
3022.6836,4990.8857
2981.8726,4989.749
2952.1936,4992.199
2868.6973,4995.0474
2898.122,5015.191
2993.819,5016.376
3124.696,5013.8833
3078.8928,5001.5522
2980.9688,4994.3833
2843.9204,4982.6685
2984.3247,4991.325
3031.3809,4999.881
2881.5984,4991.6694
2837.9524,4983.9414
2724.5415,5001.2695
2886.5469,5021.057
2802.3,5002.414
2958.1248,5004.504
2940.5156,5001.391
2948.995,4999.7827
2852.2554,4992.1685
2771.38,4988.8374
2724.4456,4992.2275
2729.83,4978.9946
2744.1377,5003.3984
2674.597,5008.6533
2667.0972,4990.399
2596.3489,4983.0254
2666.3562,4985.361
2720.9404,4987.66
2747.2139,4988.634
2778.937,4992.546
2573.5334,4980.7495
2581.3547,4981.972
2582.7874,4995.434
2671.9163,5007.2153
2597.3604,4995.6245
2752.8167,5001.8906
2740.834,4997.6514
2640.7095,4985.283
2529.0955,4976.3413
2608.4666,4985.5547
2568.054,4986.284
2638.0889,4966.1343
2479.4238,4993.0815
2513.4922,4997.714
2572.0076,4999.546
2419.815,4984.1973
2463.5334,4979.4307
2510.2341,4980.467
2519.8186,4978.4062
2482.539,4981.058
2480.2444,4986.0967
2419.067,4978.709
2389.3032,4990.716
2347.3357,5001.5117
2381.4194,5002.806
2387.8037,4993.3643
2375.1897,4982.106
2359.808,4989.2847
2320.0776,4985.4507
2378.7,4987.5947
2371.005,4990.628
2488.512,4977.3037
2228.3499,4997.2544
2245.5974,5003.0757
2345.994,5004.45
2438.589,5002.142
2502.1084,4999.5806
2316.364,5006.827
2240.221,5005.803
2183.5527,5000.453
2341.9644,5003.6074
2223.6772,4971.1284
2091.0757,4990.904
2254.9795,4994.173
2170.2808,5003.735
2138.0117,5010.097
2208.2307,5007.781
2325.502,5005.6396
2256.084,5008.332
2245.7373,5007.4243
2231.099,5007.528
2223.7317,4974.4204
2010.0203,4995.5957
2148.4304,4999.7036
2115.6006,5005.701
2172.1016,5006.866
2155.7295,5006.4907
2208.1228,5004.151
2181.2964,5007.9395
2139.549,5009.0205
2135.9546,5006.0283
2205.3997,4957.0454
1967.9387,4987.2705
1893.2737,5003.984
2001.5408,5005.761
2033.0826,5008.0107
2093.774,5008.718
2120.196,5007.0747
2197.4077,5002.185
2176.633,5001.477
2093.2556,5001.592
2058.6274,4969.083
1935.4458,4989.0264
1904.587,5002.416
1877.563,5009.525
1913.8849,5012.3384
1918.7416,5013.3667
1858.9021,5013.42
1881.7323,5014.3228
1887.0753,5009.755
2013.7725,5001.74
1910.4098,4965.585
1757.4464,4987.83
1722.2634,5003.3306
1845.4838,5005.8936
1734.4293,5007.7163
1812.5262,5012.469
1896.122,5010.234
1781.9408,5008.8584
1710.2249,5009.5747
1763.8533,5005.1616
1873.1393,4966.034
1642.4204,4985.4556
1772.128,4994.7544
1779.1608,5000.3086
1885.8278,5004.2188
1717.7397,5006.493
1854.3099,5006.6445
1716.2241,5007.684
1689.0665,5003.051
1640.0109,4999.2925
1693.7612,4996.6553
1700.5354,4976.501
1656.2556,4989.253
1675.6113,4997.55
1748.9491,5001.459
1674.2721,5008.2803
1668.9221,5009.363
1625.4453,5001.797
1671.2875,4995.874
1539.2075,4998.0835
1766.8114,4984.6895
1492.4808,4987.481
1515.9567,5000.8286
1634.7202,5006.062
1661.0162,5006.608
1572.36,5010.9614
1548.9884,5007.093
1491.6371,5008.049
1611.2598,4999.1997
1492.8563,4999.4556
1591.5736,5008.788
1461.3153,4987.8945
1381.464,4995.9873
1420.9517,5000.049
1353.5957,5000.255
1427.121,5005.6587
1433.749,5006.454
1512.797,5006.704
1440.6788,5002.793
1417.6178,4995.2866
1471.0553,5023.0527
1327.866,5004.8623
1293.9886,4983.1313
1293.6704,4986.2974
1300.2367,4992.523
1265.9603,4984.562
1239.8862,4982.815
1294.4573,4984.631
1319.356,4987.532
1266.5427,4999.998
1326.768,5043.253
1236.4941,5011.45
1265.5558,4989.379
1255.728,4978.957
1338.3783,4995.982
1250.139,4979.5483
1322.9205,4991.256
1386.8788,4991.243
1199.6735,4988.284
1179.2635,4985.5557
1191.7866,5057.508
1046.8033,5017.9497
1087.102,5008.3613
1198.3436,4980.5127
1125.2458,4978.207
1135.5955,4988.243
1126.884,4995.651
1087.2042,4987.584
1069.9286,4992.461
1003.0651,4984.876
1111.8153,5076.997
933.0943,5028.038
980.8791,4989.3394
1131.3922,4984.227
1131.9346,4989.107
1014.63574,4976.155
994.06793,4976.9746
972.358,4978.294
935.3131,4982.4424
1049.604,4996.2153
1135.2448,5065.4688
886.9879,5011.2305
957.9173,4972.869
917.21356,4981.8213
917.6154,4983.3584
880.0303,4976.033
944.9485,4966.449
1009.5513,4982.056
934.78516,4983.5083
877.7626,4994.232
1030.0902,5075.548
874.90576,5008.332
735.4887,4994.8555
833.58453,4987.886
769.77106,4987.932
843.01965,4970.1763
858.67017,4973.714
814.9676,4999.361
726.42896,5008.6523
722.7957,5020.889
804.1382,5003.139
805.0558,5041.139
696.05096,5017.9673
661.33795,5004.85
731.07794,4994.0903
674.9661,4998.11
747.82434,4993.9395
786.12476,4999.966
738.2783,5008.4443
757.9453,5006.378
958.47504,5060.0933
756.1195,5047.2544
736.7818,5016.564
655.38586,5003.51
742.9887,4989.1714
735.2057,4981.2607
710.1713,4979.4136
624.9447,4978.4688
565.24304,5006.124
616.60004,5022.416
621.5495,4884.168
525.642,5057.583
481.77927,5046.763
564.69855,5024.241
618.1328,5000.434
677.45996,4990.87
525.59766,4989.852
518.23883,5015.663
587.4576,5000.1035
522.51874,5013.3193
578.77136,4929.7344
445.84616,5048.385
456.1679,5018.3853
507.21497,5006.15
582.0477,4993.5864
463.68466,5027.5137
466.02338,5011.9365
419.9773,5048.375
378.45477,5033.852
450.6472,5046.114
441.01193,4920.989
442.60992,5034.5825
248.84326,5025.854
372.95282,5054.9375
344.32278,5053.5728
314.30112,5048.882
315.84933,5052.8164
235.60776,5029.1836
337.32654,5059.371
175.70882,4983.3516
540.8998,4966.5347
453.38913,5054.8687
363.75613,5043.819
361.64447,5034.6206
398.31207,5019.399
315.42792,5037.516
212.68828,5037.937
150.41484,4989.946
149.62999,4982.0396
132.9088,4974.6724
203.88795,4755.9375
44.382492,4894.6353
148.0922,4985.934
176.50781,5006.889
294.19196,5055.3525
211.06122,5031.462
270.5158,5051.5176
93.6812,4948.102
146.9916,4989.0513
141.2779,4979.366
246.55772,4817.7104
11.712592,4842.981
48.713665,4902.038
61.790478,4918.527
129.41747,4977.492
117.108955,4962.6514
88.8559,4942.551
99.70171,4953.739
60.95065,4886.842
79.82118,4933.646
55.327694,4740.9575
27.197432,4840.831
48.542896,4840.3657
52.76857,4839.7495
52.867065,4827.8906
60.247017,4888.6274
81.01864,4938.7847
43.956173,4870.0693
39.132668,4873.61
28.629732,4805.5903
70.46951,4634.99
18.862467,4788.2754
60.460995,4897.8413
141.24138,4984.2666
136.11583,4982.5083
50.292145,4907.229
19.505602,4846.7896
23.675095,4877.7227
11.011343,4773.6963
33.09516,4746.761
37.958305,4588.4595
-0.9268708,4778.9
35.706142,4812.282
49.10959,4894.057
31.457376,4782.3027
31.944197,4742.244
23.309868,4794.284
28.966497,4765.356
37.792904,4632.702
19.314867,4665.151
47.43425,4536.3857
-15.467424,4643.967
11.676681,4548.2393
6.7056527,4666.0347
11.121016,4625.7334
1.3105385,4625.6294
-6.099213,4638.5415
18.539112,4712.5874
9.106379,4683.8813
-4.081894,4497.555
-57.385956,4281.3857
-9.63794,4460.8687
10.15542,4509.483
10.61989,4614.253
3.0907803,4692.377
-9.607542,4564.269
7.2356873,4476.325
24.88939,4417.808
-22.393633,4445.175
-10.4809,4480.152
-21.410007,4379.5635
-9.280909,4440.6216
-2.840478,4429.1196
15.4547205,4548.9175
-14.835465,4584.609
-5.075652,4437.949
-22.07594,4439.8247
-20.201374,4513.839
-24.175215,4407.0127
-24.12321,4431.8833
-9.076838,4329.677
-27.931202,4366.3467
-15.542079,4371.337
-6.3882957,4346.3936
-18.227715,4365.863
-21.683443,4535.171
-17.711838,4415.566
-8.7408905,4492.8267
-42.45894,4433.6865
-45.374798,4478.08
-2.9505231,4357.0034
-13.948251,4269.844
-3.744308,4281.702
14.604162,4244.8564
5.0988607,4248.4097
-12.841616,4188.3237
-16.792063,4307.6733
-8.975807,4241.5605
-7.946659,4301.7676
-10.006893,4144.7095
-11.16598,4153.4595
-40.723328,4262.938
-14.897231,4091.12
13.375413,4097.5474
6.537717,4164.0547
2.478864,4066.0503
0.559818,4103.9346
10.485854,4165.584
-3.5871007,3985.5852
-5.682353,4019.1301
-62.429253,4040.9846
-29.054974,4140.7056
-13.516639,4169.1626
-29.046926,4281.6733
-34.305546,4279.989
-37.07031,4194.096
-29.12933,4210.8037
-28.198454,4188.578
-5.661938,4120.6333
-30.966047,3980.092
-6.945524,4043.9717
-29.907097,3959.2424
5.1235223,3990.7231
-18.968304,4122.3677
14.822018,3964.1597
3.0118785,3993.881
-7.4877033,4005.5513
14.94078,3917.9453
-17.859732,3847.1052
-12.196097,3780.2688
-51.998814,3826.9128
-1.68683,3869.702
13.5191345,3838.44
8.653756,3930.564
21.544676,3733.017
-8.783806,3862.517
-23.175123,3879.1626
12.116339,3834.5408
5.8641844,3862.3977
-7.9535136,3718.9153
-42.82983,3693.1877
-24.5695,3824.3362
5.5984964,3730.9863
-9.577293,3792.2092
0.5886518,3717.576
17.770212,3638.0654
5.532857,3664.333
-1.9741244,3596.1978
-6.0631523,3680.6592
-26.619602,3817.2327
-35.360847,3644.639
7.657986,3635.9753
22.203754,3573.5999
12.553688,3670.7444
20.986256,3713.6343
12.54661,3587.3206
-6.194357,3626.2878
-6.6098757,3533.8804
6.804224,3523.0142
-1.9182451,3494.5688
-29.513184,3550.0947
-9.662081,3641.2412
11.328068,3621.9731
-3.6782959,3596.907
5.015563,3421.1255
5.48942,3583.118
-2.0580926,3575.6108
-1.0142661,3602.6523
-6.908346,3515.2021
-11.599902,3573.468
-13.539959,3666.7583
-19.660833,3576.442
-1.4845468,3427.6592
4.450511,3476.806
5.5496955,3496.0464
1.0647439,3374.4666
-5.1343627,3507.362
-1.2994744,3526.43
-0.7928349,3527.204
-4.55508,3486.723
-18.009562,3303.4763
-7.381607,3517.991
13.208594,3290.394
9.870138,3434.1646
8.188691,3466.2854
15.112664,3282.8557
15.477892,3281.7998
14.649462,3211.855
10.263007,3248.07
5.081203,3334.6301
-11.555199,3156.0305
8.802991,3274.8691
13.152789,3136.2493
15.704092,3270.7427
16.737488,3234.3555
16.437675,3204.069
12.10032,3122.6611
6.4690223,3078.5388
-4.068222,3212.741
8.011665,3148.5874
-12.834389,3193.9746
1.060497,3153.8335
9.718668,3151.2568
11.07974,3081.6624
9.571183,2988.2302
15.042294,3121.3455
13.397094,3065.6106
13.567749,3144.3743
12.868811,3153.5078
-0.64218414,3076.655
-8.077305,3059.9531
-4.880447,3162.3274
12.206789,3140.2363
5.933214,3011.41
6.914232,2957.4863
6.2163734,2921.516
6.0052238,2958.234
4.313905,2868.311
6.483551,2953.5017
7.3147006,2946.8582
-2.456177,3073.844
9.48945,3082.0615
8.863826,2949.9028
7.221941,2982.6853
8.835402,2979.599
4.805643,2875.1125
3.471356,2877.278
1.8541329,2800.614
5.507227,2910.501
7.0660377,2998.1023
-8.759815,2908.4578
3.315527,2800.9072
1.3404154,2744.4204
4.9360657,2896.7134
10.024737,2966.8123
2.0016916,2813.0684
3.7279167,2869.0012
1.1464767,2751.6821
1.675468,2774.8718
2.1921656,2792.0137
-4.0575304,2926.3862
4.564766,2806.2942
3.0135176,2822.167
6.0838647,2875.624
2.0002387,2807.84
2.2258422,2794.5598
5.379934,2891.5916
1.7840974,2764.9001
-3.4238584,2639.789
0.5622767,2728.741
1.9474887,2859.8918
-0.84528697,2705.653
-1.9647367,2662.4604
-4.70398,2594.3008
0.84778297,2727.947
-1.6401522,2679.6753
-0.9625591,2700.1772
-4.16724,2621.3616
-6.015543,2572.047
-5.9779177,2582.9592
-11.942256,2692.5132
-12.800713,2444.852
-8.396004,2512.216
-3.4413674,2463.0544
-5.975086,2483.5435
-11.630524,2450.816
-7.4928813,2537.1501
-9.696614,2446.0051
-5.9039702,2571.0474
-6.837491,2550.3162
-9.583067,2678.7205
-5.0122104,2585.1506
-2.8652139,2494.9995
-3.6748686,2456.6682
-28.541628,2310.8418
-6.0121903,2463.7446
-14.042724,2373.7603
-9.861569,2446.5667
-21.834616,2319.6138
-26.700739,2354.7024
-25.500153,2380.4495
-6.9671683,2430.5046
-12.825374,2372.2544
-4.139524,2425.33
-25.797468,2288.5212
-23.295637,2342.6626
-13.8865595,2212.792
-16.888212,2223.9768
-17.736013,2354.5608
-5.5133367,2154.9507
-12.052972,2377.6277
-1.2598001,2152.5732
-23.103971,2267.0261
-8.527617,2133.1748
-11.138637,2371.7266
-30.596312,2292.6548
-16.283262,2182.1577
-11.934806,2189.2659
-14.353823,2246.1719
-9.319652,2231.2314
-18.673222,2374.006
3.42289,2075.3892
-23.662504,2227.4646
-4.043337,2025.1614
-12.057443,2113.5327
-19.846764,2177.605
-3.8612447,2106.9414
-6.1790085,2106.6106
-3.9128401,2065.8608
12.50321,1999.203
14.073085,2018.3927
2.521295,2028.6674
-0.89878213,1964.2767
-6.151851,1989.5309
-15.596282,2123.6702
1.9874983,1956.5417
-11.410955,2087.276
-0.7941015,1998.596
-7.7853537,2102.5945
11.307169,1969.8358
13.432037,2023.3855
-12.409222,2077.6558
-12.854506,2022.8873
-8.281041,2031.2041
7.3489733,1881.4666
0.37731603,1931.1985
-14.880505,2085.9895
-5.685259,1992.5911
-0.023748726,1954.6271
18.40556,1813.1478
-1.2094713,2166.7126
4.4711494,1972.7014
2.536755,1925.2168
13.26656,1844.7112
-2.9881485,1951.7037
8.64679,1888.5953
3.030505,1913.8629
12.97364,1844.2043
17.511305,1861.7622
5.6657753,1976.1162
23.700129,1726.206
17.320309,1827.9144
9.075683,1883.3771
3.2223575,1925.4061
15.589986,1851.2777
17.082151,1824.218
14.509354,1769.7373
3.9750152,1559.7655
12.648459,1724.759
10.784921,1698.2534
23.90826,1795.7563
11.946131,1709.1439
14.919918,1717.1794
18.481445,1801.4905
9.999256,1626.2512
17.779787,1789.453
14.979262,1745.7961
3.8318894,1499.9364
7.6839886,1589.7155
-1.2793578,1405.7334
16.80052,1699.9122
8.175429,1561.6305
11.499133,1650.9086
10.378938,1590.0536
8.250084,1523.0325
4.90902,1505.7177
3.9141066,1502.6733
5.9827976,1568.4801
5.2450786,1507.623
-1.931768,1317.4034
12.7832775,1613.1096
-0.11192635,1358.6293
2.661068,1376.7034
1.0832213,1330.8678
-0.052992254,1334.7546
3.807042,1439.0941
-0.1640059,1170.8589
-0.5955808,1417.4504
3.9375014,1506.2719
1.265388,1513.8691
2.8960593,1566.8765
7.509943,1509.4834
4.991498,1442.4882
0.9199791,1326.2563
0.08473173,1199.075
1.5841238,1316.7162
2.7262979,1375.9741
-0.029299408,1393.8021
-0.23754314,1345.5736
0.071991235,1420.0802
-1.6718544,1480.0262
-0.50501895,1129.038
0.4213862,1104.1311
1.3915263,1080.0742
0.62299895,1059.3329
0.7146038,1095.0183
-0.5070306,1126.3505
-0.9948201,1128.7164
2.442356,1418.1531
-0.29811636,1262.671
1.7304718,1156.4762
-3.5339036,974.0741
0.9780563,1135.5834
1.3052486,1034.4487
1.1016988,1201.1752
-0.26537105,1021.48083
1.01557,1247.2854
0.84234405,1274.1051
-0.23180619,1089.423
-0.5798601,1141.3435
-1.6601943,1329.6089
-0.80907714,1014.9153
1.0738336,1077.2297
-0.7711537,963.3204
-3.3042393,893.1704
0.55363405,1154.4155
-0.30333176,1036.4733
-1.2578256,1025.2092
0.25479123,1118.7496
-3.279727,993.22314
-1.6515143,1299.7168
0.3094785,1031.5538
2.6566348,1056.2686
2.8869324,1080.0369
-0.40808693,973.35364
-6.18184,766.1999
0.9754114,1048.7719
-6.174948,763.42804
-2.7313643,1024.968
0.34904107,1140.4475
-3.4066103,983.0679
-4.6996584,850.8696
-7.00878,688.91675
-7.083807,696.4134
-1.2721307,928.538
-2.879817,872.4145
-0.85266304,957.6206
-1.8523074,977.26874
-5.39111,751.4511
1.8987246,659.9466
5.8401933,738.6018
-6.163735,766.73615
-7.345993,671.67194
-5.7293663,774.77527
-4.2159295,797.2404
-6.706659,606.4834
-6.6062994,732.42896
-5.413536,825.011
-2.506692,961.7496
-4.376117,786.31995
7.210504,717.4383
-3.5813637,504.46353
-2.3096242,428.149
-5.9990773,433.28955
-5.678255,567.4692
-7.347781,673.0266
-1.7579831,370.49066
-3.9772131,524.5189
7.961076,444.2498
9.764339,462.54977
-2.8277376,778.1519
-1.3882108,411.75995
-6.4499865,408.42355
0.34121796,320.2942
-1.3240613,395.08435
-6.0804377,427.369
-4.789997,486.5869
3.4004264,407.4748
1.554396,477.35336
-3.4938939,666.2349
-3.5169535,769.60516
-11.069421,395.5558
-9.049271,652.4282
-18.577072,498.0215
-5.040709,363.80276
-10.639597,453.22025
1.7148815,307.37958
8.013602,260.1944
-2.572555,488.53238
-1.648087,536.45355
-3.397409,748.0155
-2.6562252,319.81598
-6.1655974,342.30728
-0.99675727,293.69788
-5.4805913,428.60962
-5.953107,517.8326
28.056484,144.06677
6.466713,241.75085
-2.0343997,418.07037
1.1569821,416.87778
-0.6338395,529.0301
8.137357,173.1632
30.518007,74.74765
7.5026417,154.51901
-9.968076,329.75018
3.5769305,206.2139
0.50744045,277.63614
1.3208948,288.11914
55.036304,120.55274
18.209648,235.27988
54.473858,252.10373
56.30782,46.3181
42.00136,80.66781
-6.9664607,180.52827
3.338363,157.0487
2.060961,181.95421
-5.7599134,289.75018
116.51343,21.059513
49.367527,128.01607
110.802635,65.10541
16.424042,293.00262
39.532463,77.06087
152.54309,9.457246
89.792885,33.383743
28.870535,100.71036
76.86248,34.73714
25.509651,82.09478
53.717102,77.711975
53.88079,71.34188
139.20418,38.497635
