-18.689781,164.54428
39.61764,28.063915
14.927387,-8.74687
0.3001839,-16.092882
-2.2764504,-10.541305
6.2422457,-9.758621
12.677982,-5.5605917
31.420364,-3.6142766
57.581738,42.460857
148.66534,-0.3868714
70.89302,-3.9446354
87.05444,44.38348
51.7305,52.83527
58.491005,48.310383
96.88318,-6.295554
75.067055,15.44334
121.53037,-3.6980584
132.74126,7.285848
114.76956,37.347378
237.96141,-2.9553473
311.0438,-6.196238
342.23273,-1.9021332
249.70576,23.067518
277.1967,-4.8682094
279.6986,-3.6047027
223.5952,-2.4914742
233.78122,4.073605
260.08408,-4.0052085
251.23846,-1.9353256
256.84192,45.757816
306.89575,-1.7794595
295.56915,32.009148
275.87305,-4.578903
239.57909,-3.3436716
151.82536,62.412544
215.20827,-2.7531757
256.1284,-5.0106273
319.42407,-3.60623
323.0349,-7.5819345
321.74255,19.883514
360.2828,-2.6832893
465.1569,-3.6389008
369.4652,17.761328
381.87012,-2.2332742
388.30823,-7.812381
406.20908,-5.6377053
345.07343,29.276758
424.97006,-2.3733826
483.91214,-4.3363495
519.3809,-4.539527
510.4379,-6.3139944
535.34644,42.333416
549.0475,-1.670532
522.1312,-2.0056963
535.5862,-7.5114517
570.4017,-4.345365
551.3338,-1.7623603
575.17847,-2.7842448
588.96185,0.31854957
673.97577,-3.4740567
616.7805,3.6871805
712.34674,-3.677383
658.38245,-5.9077888
650.02924,-1.5128404
616.4086,-2.5080144
619.90765,-0.073798
665.1269,0.8457154
690.0235,-0.22668391
692.72595,-2.7140975
766.48834,-4.5214596
751.4363,-4.352555
778.32623,-1.1283904
766.8662,-3.9853156
770.0445,-5.9500337
742.2271,-4.8103557
751.68225,-1.0939314
729.01904,-4.3405967
775.9598,-8.75242
821.34564,-6.104186
840.5489,-5.000904
799.2051,-0.39462
866.3802,-0.6980449
859.58545,-5.4370613
823.4975,-5.8402867
833.3092,-5.109832
816.41046,18.214882
822.06665,0.6018579
843.44446,-4.7485533
893.25195,1.4879181
943.76227,1.2557209
934.5168,1.5162677
950.401,19.794777
947.18604,0.6233901
957.97015,2.2526832
962.6233,1.4579668
942.2177,0.64793974
989.05145,-3.124103
1012.91864,1.2823194
1028.3368,-0.24173409
1051.2798,1.7084181
926.7043,73.54956
975.0255,20.187124
1013.6983,3.054589
988.2571,2.7067213
1011.37427,-0.55499375
1020.34686,-0.47706068
1004.9107,-0.109001994
1045.2092,2.0560622
1064.5048,1.0887907
1093.0691,-1.4184787
1084.4146,41.644238
1153.5383,-1.5281886
1154.1753,2.4070592
1159.1602,3.6197157
1119.3453,0.0012665987
1108.2173,-1.5461445
1168.76,2.3794918
1164.711,1.552552
1199.422,-0.061914325
1231.8643,2.2052228
1216.1794,-0.8624047
1235.6313,11.019036
1239.3809,-2.3017824
1244.6843,-1.5184655
1231.5798,-2.0060687
1241.4131,1.8594414
1234.7701,0.78715384
1285.8948,2.059713
1252.927,-0.78350306
1294.2216,0.5598366
1282.4338,-2.4414062
1353.2689,-1.0465086
1348.4773,0.034049153
1339.4314,2.1953135
1325.9866,-0.68992376
1326.1143,-0.840202
1363.3792,1.090169
1379.6493,1.6697496
1410.6849,1.7474592
1417.6613,1.7473847
1401.8727,55.606403
1468.9246,-2.7495623
1477.8517,-1.0796636
1439.6992,-2.6932359
1474.5457,0.15206635
1509.8927,1.6770512
1504.0228,0.6913394
1503.059,0.30592084
1525.5543,-1.8202513
1528.309,-0.3055483
1470.4937,51.275158
1506.9358,9.619146
1553.0116,0.2590567
1541.4303,-0.58442354
1561.4918,-0.49896538
1542.8755,-3.5594776
1570.2057,-3.4034252
1582.7064,-4.4412165
1608.4612,-4.709028
1660.1583,-3.5776198
1601.9698,-2.5423617
1662.1292,-2.9192119
1626.038,-3.563836
1647.0669,-3.9754808
1662.7169,-4.7178564
1685.0483,-3.3999233
1693.554,-5.9293957
1688.3767,-3.262572
1676.3312,-4.147217
1708.1139,-2.5985389
1601.7031,6.3998995
1688.322,-5.3052607
1704.2643,-6.5677614
1714.4302,-5.178228
1727.8945,-6.0965867
1736.9733,-6.0848145
1726.1772,-7.1176887
1788.1644,-4.5821815
1773.7366,-4.791208
1777.1428,-7.1546435
1813.7217,-5.8378277
1807.5901,12.649
1816.7776,-10.262355
1822.9673,6.4180045
1849.8722,-5.2919984
1882.9625,-3.7659705
1876.197,-1.999773
1894.2778,-5.6240706
1889.8937,-7.8562274
1904.5958,-5.8727713
1799.6389,81.15288
1908.4182,-9.600371
1960.5535,-1.2564659
1944.8557,-7.3812904
1975.9922,1.4643371
1939.0327,-9.769201
1940.455,-7.911697
1935.3059,-5.211979
1945.5183,-7.3707104
1970.2162,-5.0132723
1934.6947,-10.065362
2017.037,-5.4752083
2019.0955,-7.028617
2024.5004,-3.7219377
2071.7603,0.107996166
2067.3232,-5.093068
2100.533,5.195439
2095.698,4.9792976
2084.812,-1.5602634
2116.8901,-0.7839501
2119.2004,-5.104914
2142.7192,-9.2756
2123.9192,-7.7528505
2194.4048,2.1229684
2184.7144,-3.9245188
2152.0615,-3.486611
2182.3574,-5.782731
2187.3997,-4.9253926
2197.7168,-4.7372284
2258.7197,3.1840057
2162.243,-4.9043818
2193.5427,0.40914863
2220.7627,1.4983863
2216.056,-2.021566
2241.3975,3.8501992
2224.0588,1.8440187
2232.4583,-0.9037554
2243.394,-2.3069978
2205.3276,-4.659258
2273.9993,3.1539798
2326.6897,-7.90935
2332.5566,-3.1885133
2366.33,-5.0392003
2410.5647,-0.8615479
2396.956,-4.098564
2403.19,0.013187528
2377.7783,-3.039427
2433.969,-1.0497868
2423.9666,3.8406997
2390.6982,-3.583245
2293.5427,34.034103
2361.0989,-3.4404545
2392.085,-8.207187
2424.361,-3.707856
2439.5261,-3.35183
2474.4521,4.3039026
2478.3533,3.1818078
2468.223,2.5436282
2451.6265,0.24966896
2463.5461,4.4107437
2377.0051,51.967464
2463.1038,-1.7289817
2520.8826,-0.37077814
2511.8872,-1.101829
2491.2795,-6.5230207
2500.744,-6.202944
2559.2922,-0.18425286
2527.1785,1.148507
2565.9116,3.9843843
2566.299,6.728657
2631.0464,-5.3977966
2637.0208,-4.8560276
2640.3926,-0.020600855
2667.2717,1.0104849
2705.7422,-0.26021153
2712.1682,6.6941977
2703.5276,4.1104107
2703.7087,-9.453185
2727.8135,-3.6915019
2743.2268,7.854402
2685.3784,0.55287033
2655.7893,-3.5608559
2689.2725,-6.7405405
2736.239,-4.7211723
2757.814,-1.8722564
2726.3157,-9.213909
2753.277,-4.753023
2763.8936,-2.7260556
2773.6116,-5.6976824
2797.7363,26.11816
2777.5747,-13.948791
2801.0085,-12.882463
2850.339,-12.520179
2856.1106,3.3424048
2862.4011,-4.87335
2838.3877,-8.991212
2905.042,-2.8432906
2881.9514,-10.339543
2883.8022,-9.279549
2885.166,-7.3543935
2816.967,-12.612343
2830.711,-12.516565
2863.2285,-8.62632
2893.5767,-6.059036
2902.602,14.723092
2933.096,19.346289
2893.6494,4.1466208
2904.988,11.544898
2920.71,11.228249
2964.263,1.1051073
3030.5674,1.7083436
3023.1956,-9.246767
3092.289,9.300895
3073.897,-2.5165453
3071.3374,-8.1995125
3059.4375,-5.035475
3053.7068,6.330162
3082.0737,-11.967793
3073.521,-12.412556
3101.6323,10.123998
3134.6296,8.220225
3106.1887,6.49035
3141.2585,-7.5003505
3165.974,3.5106392
3195.993,0.48711896
3191.8577,5.0128994
3198.7378,-11.229701
3228.508,5.3560734
3162.569,-7.373877
3204.2058,-4.04045
3152.9177,22.582336
3130.4688,-13.667643
3204.9705,-11.195764
3227.9612,0.37804246
3207.884,-7.021949
3234.184,6.8593025
3230.5002,-13.19766
3207.7432,-0.109001994
3224.404,13.266131
3223.701,-1.8571317
3181.1604,6.666407
3202.7446,4.511662
3277.8635,2.8768182
3267.263,4.9797444
3278.487,-0.93251467
3325.5667,-11.179373
3345.5396,10.901541
3338.2468,0.21480024
3321.3184,13.162867
3292.7317,14.068633
3458.1995,11.675358
3427.1987,-9.827614
3449.122,-11.821389
3440.2117,-9.495356
3519.1045,-11.982396
3532.0144,0.32179058
3522.493,-4.1386113
3543.7012,-0.49367547
3539.6855,-5.18173
3533.8413,-1.7293916
3519.9585,-10.226518
3512.3699,4.786253
3545.636,6.172657
3561.551,-9.916239
3591.6194,-11.724681
3599.8613,-10.598824
3645.2424,2.8174372
3572.9768,1.7100573
3593.7563,-7.2786956
3639.2393,-9.193868
3714.7864,1.6627088
3669.643,-3.1568856
3677.3955,-8.999146
3687.8562,1.6506016
3745.1943,-8.128137
3720.4363,-6.491989
3752.3005,-7.9979377
3730.453,-9.963698
3769.9666,-1.0565668
3769.827,9.001829
3783.8494,3.0808897
3750.616,-8.275583
3821.0234,-5.647689
3833.2842,-5.604401
3851.026,-9.267815
3847.8171,3.293827
3855.6575,-0.821501
3843.4744,-6.0029325
3844.8582,-10.761023
3866.1545,1.5142932
3851.175,-9.210669
3807.5664,-8.252263
3812.4182,8.76382
3848.8481,-9.271987
3863.568,0.9295717
3882.194,-7.858425
3852.1274,-2.9083343
3849.5127,0.975579
3869.4172,4.934892
3879.192,0.62309206
3912.537,13.51513
3884.1787,-11.493228
3894.3257,-8.559749
3880.849,-7.874146
3874.9055,-7.5823812
3907.557,-4.2083488
3932.842,-6.4969435
3934.851,4.5184417
3919.1292,-4.3117256
3889.772,1.943633
3998.9302,16.628988
3935.4243,1.2514367
3965.7483,16.694777
3994.1814,-8.059554
4020.5964,-11.456944
4048.4146,-4.0075183
4061.086,1.3105571
4045.1047,-6.328933
4049.6655,-5.2833557
4064.639,8.337535
4158.7935,-1.5361235
4107.1333,-3.0480697
4121.818,-10.36372
4121.3564,-0.88151544
4152.532,-10.218769
4151.026,3.6030636
4217.9756,-8.563399
4218.358,-1.8335507
4183.0693,-4.7138333
4231.2227,4.4707956
4366.1006,12.665987
4249.187,3.2930822
4270.771,7.444583
4284.813,-7.966459
4322.2593,-6.434806
4339.3774,-4.5938044
4367.3237,-9.892993
4331.281,-5.9685483
4317.172,-8.127541
4362.679,-7.974654
4483.9834,15.302971
4399.288,5.8392806
4467.317,1.6586854
4429.585,-5.897507
4407.5527,-2.8786063
4461.696,-9.062141
4461.8145,1.7191842
4447.1875,-0.19393861
4473.855,-2.357252
4486.1445,-6.550774
4491.182,2.2657216
4410.6724,-5.1304326
4464.4253,-4.7988443
4471.8135,-4.060492
4458.968,-5.384311
4540.9785,2.8162823
4548.408,-0.3932789
4529.7866,-6.131418
4557.176,-8.094534
4503.461,-5.933009
4586.5684,9.637289
4535.3594,37.18402
4539.4854,55.332035
4590.2363,11.31624
4613.2173,38.43997
4556.495,-5.1986055
4560.288,6.4343586
4537.2515,-0.12487173
4599.4404,-5.2777677
4625.172,-2.2125988
4676.4673,-3.0251966
4600.6826,-2.0937622
4623.457,25.129393
4639.8545,0.35639852
4638.733,-1.7211586
4704.5483,-3.1113997
4750.104,0.21304935
4769.0425,-0.4028529
4708.3047,13.437644
4728.9575,2.1712482
4844.485,1.5290453
4779.8496,4.347637
4781.5913,34.509823
4824.009,24.735407
4789.4863,-4.118122
4869.366,1.6562269
4838.09,4.7272444
4835.1587,1.0658429
4863.8154,26.123821
4868.711,0.48521906
4799.148,18.836185
4742.658,-1.8249824
4769.8013,-0.36545098
4821.6216,-1.619421
4853.3496,5.7053566
4824.302,10.156967
4859.084,11.146217
4855.037,4.635416
4858.8774,8.473173
4819.1587,-2.9483438
4909.0127,43.39341
4862.597,1.3600662
4935.655,19.40135
4940.0415,22.145212
4926.0483,35.694576
4959.102,35.08091
4969.637,64.747
4952.97,34.81768
4948.198,27.121826
4961.5415,56.074112
4955.925,51.783657
4946.1187,28.452948
4968.9453,111.14679
4938.744,42.63591
4946.343,25.46765
4965.8315,60.547962
4958.7417,38.422047
4972.905,77.469345
4993.1494,177.77394
4990.866,170.89914
4967.839,54.40969
4974.812,119.68397
4972.646,100.665504
4979.2524,131.40169
4975.959,159.34319
4976.236,117.18012
4986.2793,149.15016
4991.777,181.23634
4993.483,176.5278
4995.2837,185.76912
4991.4463,146.22192
4973.18,103.07143
4992.0747,184.86966
4997.263,201.68175
4975.9434,180.56728
4987.7354,162.93115
4989.612,166.62862
4998.821,212.70222
4998.6104,278.81534
4997.1714,252.67451
4994.749,242.30264
4989.325,342.3762
5002.2173,229.55463
5003.621,269.09296
5001.144,329.917
5001.9956,264.83435
5001.6465,339.25497
5004.399,368.68103
5003.4336,400.9031
5006.104,374.4551
4998.4766,413.93616
5004.508,313.43762
5006.512,383.73404
5003.7935,393.40573
5002.194,350.36288
5000.73,417.04938
5007.4204,478.26828
5009.055,458.44632
5005.528,414.5491
5006.47,424.9768
5000.6914,459.31757
4994.387,422.8804
5001.3726,430.7475
5007.252,484.2433
5005.5986,555.8268
5009.337,567.6733
5006.992,535.7821
5006.0444,549.5592
5006.2217,575.1285
5004.5376,570.1001
5012.336,672.8214
4990.5454,560.6484
4993.472,670.17926
5008.6387,614.96075
5008.5767,582.15576
5008.479,521.377
5012.3794,613.24384
5013.353,689.28076
5007.092,686.4217
5011.4453,638.6505
5002.952,719.4657
5011.0386,650.6264
5014.4224,727.06146
5011.5615,722.2041
5013.063,763.46466
5014.8516,766.3041
5008.7236,777.77057
5008.418,783.632
5013.5796,777.5737
5005.361,847.7823
5015.513,812.87085
5005.1616,738.02747
5015.5747,807.5662
5013.4204,863.58875
5014.7163,810.6702
5009.8164,795.8676
5010.805,874.25934
5012.0605,899.0508
5009.428,948.8093
5012.4385,947.2402
5007.718,1045.5068
5001.758,1012.5649
5009.2803,1051.2585
5011.305,982.4914
5006.4927,999.155
5004.3354,1010.411
5007.667,989.995
5006.54,996.4566
5009.9824,1048.1512
5009.2407,1075.6904
5006.91,992.6939
4985.3223,1007.449
5013.067,1008.3999
5002.924,994.78955
4996.6943,1061.9713
5013.0737,972.3258
5006.778,1012.93744
4987.9067,1014.6146
5010.4736,1059.6799
5012.213,1085.8748
5008.305,1033.9454
4999.1,1082.7716
4994.683,1055.1652
5011.3984,1083.3833
4997.541,1158.4175
5005.039,1154.5598
4977.135,1208.5499
5008.0327,1185.643
5010.111,1217.7563
5001.7856,1195.6313
5008.01,1208.7556
4992.2954,1266.2673
4995.0156,1297.5756
4969.271,1314.1166
4990.273,1304.4474
4994.24,1259.1652
5010.2837,1268.0464
4997.987,1336.43
5010.8022,1320.1046
4994.8384,1375.8707
5000.7085,1178.1177
4984.217,1244.2322
4978.3833,1297.3589
4937.5483,1285.2401
4990.543,1237.0568
4994.284,1255.9896
4957.3228,1354.0546
4957.8115,1347.3395
4983.029,1315.3988
4996.8965,1395.1791
5007.04,1381.2291
5002.604,1379.3188
5000.7017,1414.4999
4989.228,1412.3453
4998.32,1380.3792
5000.7075,1406.0885
5008.5796,1428.487
5004.585,1459.4608
5010.714,1484.7986
5010.5684,1548.0658
5011.241,1441.637
4953.8135,1458.3453
4951.8037,1495.0706
4951.0693,1476.3418
4932.2437,1540.0803
4975.962,1503.2583
4954.417,1566.6881
4962.446,1536.3107
5002.4287,1476.8529
4986.175,1539.5605
5006.83,1625.2958
4953.9155,1697.0089
4980.516,1619.6874
5004.2944,1622.4121
4965.6885,1683.9847
4983.2466,1621.6927
4994.3,1645.3416
4990.544,1658.6223
5007.9243,1648.8591
5009.617,1717.496
4995.819,1640.854
5010.505,1682.5565
5010.9917,1715.7787
4991.5947,1805.7799
5011.774,1737.405
5011.015,1750.1498
5004.445,1779.4573
4992.621,1795.0415
5011.0,1818.4089
4997.586,1811.3167
5009.024,1739.5869
4990.1,1727.4028
4990.7007,1792.7692
4999.353,1778.1758
4998.3345,1800.6783
4985.062,1799.7366
4978.8306,1854.1891
5001.739,1813.2443
4994.6777,1811.6954
5010.807,1844.6764
5002.273,1933.2787
5010.062,1989.1488
5004.5566,1994.2081
5007.13,1943.5165
5009.3813,2015.8944
5007.5825,1978.7046
5011.961,2048.4707
5006.369,2046.6167
5008.459,2087.7927
5004.439,2110.7717
5003.9023,2170.9377
5007.643,2148.23
5000.9517,2212.056
5011.094,2073.1636
5012.1187,2119.29
4987.882,2108.0005
4991.0967,2193.4033
4996.1006,2179.0784
5008.3643,2152.675
5005.3716,2149.9153
4998.5835,2089.8562
5000.4204,2160.639
4998.7207,2162.1338
4997.3423,2089.868
4978.8438,2150.8596
4991.1,2121.9785
4990.3027,2171.5374
4993.5454,2129.3691
5010.7173,2141.204
5010.3276,2179.544
5001.0664,2112.2393
5012.4224,2158.722
5001.2686,2150.3384
4995.6973,2177.7263
5002.7656,2184.5322
4994.228,2236.976
4995.4785,2250.129
4980.0103,2257.953
4977.0884,2311.122
4999.036,2321.0117
5008.0566,2350.734
5012.3916,2377.38
5011.8066,2339.1462
5012.1846,2359.1572
4992.1943,2407.2207
5004.3184,2345.4612
5004.429,2392.5615
5011.1787,2404.9622
5006.9995,2474.3628
5005.576,2483.442
4989.9233,2402.9087
5008.2607,2432.3486
5009.9814,2462.6235
5012.6636,2479.8525
5009.9355,2478.1768
5002.2734,2490.2415
5010.376,2483.038
5009.0293,2524.271
5003.044,2607.6565
5007.7837,2600.5884
5006.449,2583.361
5012.5493,2529.5557
5011.098,2559.858
4998.3286,2587.831
4995.111,2573.2695
5009.013,2546.7312
5012.0254,2554.4883
4995.769,2573.4114
5008.2095,2612.46
5009.0527,2615.8323
5003.9546,2597.5176
5002.1353,2642.594
5011.491,2631.7463
5001.766,2646.884
5010.9395,2624.5146
4980.7114,2686.4272
4993.7935,2646.36
5012.136,2657.3079
5000.815,2680.086
5007.5225,2690.4026
5010.406,2790.868
5004.4956,2664.7825
5008.345,2731.7002
5010.1387,2754.452
4994.9136,2749.1003
5006.458,2738.3584
4995.324,2753.6492
5010.609,2769.8506
5003.419,2803.9766
5009.115,2774.7131
5002.818,2838.3877
4996.1255,2905.6162
5003.0083,2862.5413
5004.7017,2807.641
4973.9316,2868.0503
4956.683,2904.17
4998.974,2841.4739
5010.885,2852.511
5005.985,2829.115
5006.1304,2872.1094
5004.2715,3000.2166
5002.6675,2902.9607
5002.4253,2912.9458
4991.2676,2984.9287
4962.3706,2998.6167
5001.8237,2971.7852
4991.6855,3022.956
4964.845,3015.1882
4971.0645,3053.7563
4987.2207,3106.7058
5003.3335,3066.2673
5010.072,3084.9246
5008.4097,3060.023
5009.1714,3089.7463
5004.6294,3058.0774
4983.6343,3106.3738
4984.171,3088.2734
5000.5747,3045.8982
5009.389,3051.3577
5005.1304,3098.0334
5010.2227,3254.1375
5007.5864,3257.5708
5001.9155,3186.061
5001.977,3207.1138
5005.042,3189.8906
5007.5347,3165.5273
5006.856,3211.4834
5005.566,3206.562
5000.7734,3232.692
4997.6304,3259.6619
5010.349,3205.7039
4981.451,3243.5522
5005.34,3118.5754
5007.829,3163.5315
5009.0615,3129.8462
5010.02,3175.3984
5008.562,3197.182
5009.717,3259.8418
5006.3267,3339.433
4970.8223,3371.4824
4991.718,3258.59
5004.5874,3353.7998
5005.112,3351.7385
5002.7393,3346.7688
5008.051,3359.1458
5009.7896,3337.595
5006.7134,3369.0222
4969.6743,3417.0625
5010.0786,3394.8335
5000.2427,3413.3582
4999.898,3421.0479
5000.0522,3464.9812
4994.404,3413.2205
5002.5625,3394.9563
5009.98,3466.7546
4978.365,3482.9604
4971.355,3502.285
5000.8296,3450.1072
5006.285,3476.726
5007.3276,3500.388
4992.2983,3550.0854
5001.4673,3634.4028
4998.81,3569.7197
4992.976,3516.358
5002.534,3587.4475
4999.593,3640.3452
5007.545,3600.3333
5007.826,3574.1292
5007.259,3576.7822
5001.306,3609.754
5005.4824,3660.755
5000.7754,3621.4404
4994.6885,3615.2751
5005.88,3643.7761
5001.922,3629.3079
5003.568,3580.4185
5003.3433,3591.9846
5000.529,3610.6104
5005.4175,3687.2703
5006.866,3687.0254
5005.665,3792.7012
5009.0015,3772.1687
4996.2954,3666.286
5001.8877,3741.5676
4999.657,3681.019
4999.8916,3713.531
5006.4023,3772.2966
5008.1523,3733.4978
5007.557,3786.0513
5005.953,3814.4297
5001.0596,3694.8635
4992.671,3715.1826
5002.9434,3771.5098
5006.77,3765.2454
5000.1914,3771.827
5008.9414,3814.1519
4956.281,3862.2644
4954.0854,3883.8604
4996.081,3831.2214
4984.827,3898.1345
4999.9995,3872.2783
4991.008,3886.2744
5005.8857,3978.4148
5006.5977,3991.359
5005.7676,3949.2744
5005.3535,3922.349
5006.797,3937.25
5013.133,3956.0122
5010.286,3991.8489
5001.5215,3971.7322
5011.154,4011.5288
4998.652,4033.1252
4990.758,4008.5361
4992.6294,3993.583
4992.9424,4036.031
5004.943,4037.4104
5007.5435,4073.255
5008.49,4024.8772
5013.1543,4070.7693
5009.1934,4113.429
5002.463,4138.1387
4996.5586,4148.8135
5001.6953,4163.666
4999.732,4184.5947
5010.871,4193.134
4998.3364,4231.5303
4996.4834,4219.6187
5002.412,4229.2695
4944.099,4315.953
4949.3413,4311.473
5012.0366,4153.324
5005.455,4233.561
4997.4814,4199.3423
5005.8945,4244.933
4982.8623,4329.132
5003.7217,4234.344
4971.8257,4309.542
4913.279,4336.146
5012.8833,4221.99
4991.005,4288.075
4966.8296,4486.4546
5005.425,4358.0205
4992.797,4355.9756
4985.343,4360.9346
4995.501,4377.3916
5018.2207,4357.3296
5007.254,4383.408
5007.267,4341.7603
5004.723,4399.3193
5014.8237,4364.7163
4988.676,4369.585
4985.79,4460.681
5006.8926,4433.513
5006.845,4423.345
5012.614,4367.7036
5011.631,4370.6284
4992.177,4387.761
4976.5234,4449.094
4963.6826,4516.99
4935.3184,4562.562
4985.1685,4530.3164
5007.939,4554.4126
4999.288,4617.0645
5027.315,4517.614
4996.8975,4563.684
4963.3364,4641.1216
4988.9736,4576.329
5007.661,4503.6226
5007.5947,4505.6777
4982.2617,4590.2715
4916.9253,4619.47
4982.118,4654.1904
4980.8774,4681.923
5024.635,4547.811
4995.2905,4672.7324
4995.1177,4627.5522
4953.1235,4703.0854
4946.0684,4696.091
4939.3354,4710.0337
4964.3716,4681.615
4894.888,4892.477
5006.053,4778.447
5015.74,4843.7686
5038.1235,4760.071
5014.8613,4828.744
4976.657,4843.1807
5007.3755,4762.007
5016.6094,4697.058
4983.8545,4792.757
4994.6543,4775.285
4975.078,4791.998
5017.193,4827.9854
5023.1177,4844.547
4997.2983,4924.8955
5027.529,4840.606
5014.2305,4848.8926
4990.5,4882.564
4968.265,4893.167
4992.9824,4831.6665
4997.095,4835.1104
4871.6323,4948.8677
5012.0254,4874.6113
4964.1357,5004.7495
5019.146,4892.5645
4996.916,4933.198
4956.5854,4948.4233
4946.4985,4964.544
4939.8633,4979.315
4908.9575,4988.0312
4914.6846,4971.6797
4997.966,4777.098
4946.6904,4995.115
4943.171,5034.8164
4943.457,5009.7666
4955.5933,5002.2837
4939.049,5003.395
4938.13,5011.411
4922.489,4983.5454
4914.7974,4977.656
4911.169,4976.9736
4640.192,5004.847
4868.829,4949.7944
4907.3354,4975.538
4926.7153,4917.9316
4851.785,4987.4365
4828.5537,4976.984
4847.5503,4965.7344
4730.5283,5020.914
4760.8916,5000.7236
4836.6763,4955.922
4807.3555,4857.7305
4769.639,5005.56
4905.0127,4936.5073
4884.333,4965.0723
4848.429,4993.522
4817.4526,4987.1035
4721.6694,5007.528
4707.826,5019.629
4702.0933,5015.607
4769.5415,4989.311
4568.2407,4997.424
4688.514,5017.593
4699.8804,5019.1953
4776.6216,4998.9424
4767.2715,4972.061
4748.6655,4970.4546
4724.7114,4973.638
4618.5835,5002.817
4619.69,5005.029
4630.906,5004.016
4483.0044,4993.648
4590.618,4969.4976
4548.863,4994.738
4548.2124,4989.2363
4516.974,4989.4585
4449.8945,4997.589
4427.1655,4998.0825
4408.119,5002.647
4428.843,5001.6396
4493.2744,4993.2573
4419.2266,4991.2134
4634.672,4860.219
4502.5034,4993.9727
4449.6104,5001.2324
4455.943,4996.472
4449.4463,4995.559
4386.0063,4998.3228
4383.651,4998.8613
4356.612,5003.3027
4378.821,5004.139
4482.4253,4990.216
4514.22,4999.826
4596.276,4957.218
4467.5654,5005.99
4462.5303,4999.9062
4441.932,4995.7065
4413.019,5001.367
4409.391,4999.382
4427.209,4998.3413
4377.0386,5008.378
4212.916,4996.2197
4274.869,5003.948
4322.433,4988.158
4280.2534,5002.4937
4270.641,5001.166
4215.872,5003.6675
4203.9136,5001.2095
4172.785,5006.4434
4204.955,4997.9116
4222.3145,4998.6104
4088.7312,5008.998
4189.9434,5004.8667
4208.6646,4996.0874
4159.0073,5003.609
4118.558,5001.991
4161.3486,4998.347
4097.1123,5006.0254
4070.377,5006.1416
4102.0166,5004.915
4125.111,5005.839
4076.4724,4997.7886
4122.9717,5000.0776
4151.6,5000.6675
4083.7124,5002.279
4027.6523,5000.666
4078.4985,4999.9287
4047.2422,5001.6953
4013.0085,5007.1333
4044.9778,5009.4263
4036.524,5010.1475
3956.9407,4995.3877
3984.1064,5000.4595
3957.1562,4999.4277
3944.6736,5003.3975
3890.4688,5007.193
3890.8723,5007.261
3869.2405,5008.632
3897.4417,5004.366
3907.8132,5007.766
3951.5303,5000.2344
3861.9375,5004.3374
3946.306,5001.599
3882.518,5004.871
3897.6892,5001.8394
3887.9812,5000.1484
3794.202,5003.827
3815.569,5002.828
3801.879,5003.693
3809.8518,5004.713
3854.5088,5005.676
3842.0337,4997.1504
3851.6536,5002.4585
3812.9214,5005.811
3771.9497,5006.4863
3813.595,5001.169
3743.4302,5001.8477
3764.9258,4999.2954
3758.913,5003.143
3753.3025,5004.141
3780.0845,5006.489
3666.1938,5003.1304
3685.9075,5007.3213
3659.0378,5003.495
3641.5586,5007.985
3623.7285,5003.112
3648.5994,4996.751
3656.8286,4997.4785
3635.8787,4999.502
3619.4197,5006.665
3657.235,5003.538
3617.8557,4996.187
3653.9575,4997.925
3629.8386,4999.8467
3582.6284,5000.6255
3569.1587,4997.1826
3549.9475,4997.8745
3542.0269,5001.289
3529.0881,5003.235
3540.924,5004.549
3564.9744,5006.6626
3450.7737,4997.0366
3488.0493,4996.9546
3431.1377,4998.202
3418.5977,4995.314
3390.0942,4992.8794
3334.025,4998.479
3379.234,5000.831
3396.4456,4997.6123
3396.5662,4999.2256
3407.8577,5000.086
3417.8945,4995.164
3398.9758,4996.475
3359.9805,5007.117
3338.9246,5004.778
3338.3015,5001.0396
3306.9917,5002.3164
3328.639,5000.613
3347.5122,5002.075
3339.629,5005.9087
3391.0361,5003.5464
3226.4546,5006.6973
3274.4624,5001.347
3278.6482,4994.5557
3283.7578,4992.4536
3262.87,4995.943
3236.8743,4993.797
3171.3743,5003.663
3192.074,4999.744
3221.6719,4999.114
3220.2446,5001.4316
3222.6362,4999.974
3197.0784,4999.1357
3156.5854,5000.4326
3140.6677,5000.58
3158.2249,4994.3984
3124.5806,4998.1973
3144.0938,4996.808
3139.3499,4995.769
3128.2214,5002.1553
3185.2058,4994.613
3077.4177,4996.0127
3073.198,4993.861
3071.085,4996.2983
3075.9526,4990.79
3024.7886,4996.505
3021.4055,4992.44
3019.1697,4998.867
2998.6506,5001.3237
3013.3352,5003.336
3047.3547,5001.7344
2977.3777,5003.882
2995.025,4999.8906
3007.081,4997.507
3028.6743,4992.5356
2995.8489,4994.787
2923.1382,4998.0176
2891.161,5004.896
2952.7134,4998.8633
2963.9456,4997.91
2968.6826,5000.577
2860.6538,4999.816
2839.5718,4999.9844
2860.7432,4992.8926
2803.3142,4998.403
2838.1643,4993.066
2799.3235,4992.8506
2817.0894,4994.9224
2785.9502,4998.476
2783.5754,5002.4067
2800.9773,5000.1836
2793.4985,4999.5454
2821.1338,4997.72
2760.6938,5000.891
2758.5,5004.4043
2688.7659,5006.284
2705.0415,5002.5767
2709.8962,5001.1025
2734.9463,5000.567
2757.5442,5000.109
2734.4058,5006.8257
2687.1772,5005.2017
2721.994,5002.3984
2737.49,5000.3594
2676.7935,5002.3896
2697.5867,4992.9595
2661.144,4995.1465
2636.9385,5002.2637
2615.7646,5006.867
2644.8398,5003.2344
2669.5454,5003.0015
2650.5718,4994.6714
2615.261,5002.414
2600.6729,4996.7104
2601.0144,4999.756
2522.7046,5007.3643
2534.6172,5003.992
2549.8733,5004.201
2555.821,5005.799
2553.7463,5006.162
2578.2725,5002.1553
2462.0457,5000.7183
2495.673,4995.7573
2444.802,5002.3086
2430.3196,5000.53
2402.8962,5001.436
2400.0159,5005.35
2374.1663,5001.8813
2373.0376,5005.791
2401.654,5004.6094
2422.3066,5002.772
2429.6218,4995.9443
2357.7864,5005.177
2355.6658,5001.1494
2360.5112,4999.6265
2363.1472,4993.234
2374.2961,4980.02
2279.6946,5000.83
2268.5732,5006.4463
2277.8694,5010.31
2359.11,4995.8555
2250.5337,4996.066
2221.6584,4997.3394
2286.8335,4974.0903
2186.6494,5000.053
2165.985,5004.6074
2166.3228,4998.821
2214.0112,4995.0986
2196.7224,5001.795
2185.5623,5001.355
2228.0361,5000.7017
2200.5293,4999.595
2145.46,5003.8857
2205.8735,4995.5874
2154.7827,5000.4883
2160.4365,4998.7324
2116.2068,4998.5244
2132.9558,4992.735
2121.6257,5001.0317
2111.7883,5002.1743
2155.7527,4998.992
2137.8335,4981.2256
2076.4863,4999.1084
2023.1804,5007.1265
2061.317,4999.5522
2026.0697,5000.406
2040.5972,4999.844
2061.5552,4997.4023
2089.5803,4985.0366
2086.286,4988.417
2082.266,4992.4326
1981.8745,5000.6104
2008.7036,4995.9985
1961.2876,5001.9424
1927.1539,5004.8
1935.5989,5004.042
1928.6051,5003.9126
1865.4901,5005.5884
1885.1483,5007.579
1910.4537,5002.565
2002.0414,4973.784
1828.5575,5001.5586
1843.0725,5000.9165
1808.2194,5004.9614
1845.3438,4998.936
1763.2828,5002.619
1797.238,5005.267
1825.9014,4998.6304
1761.3173,5003.591
1744.4767,5008.62
1799.9199,5001.6816
1751.1018,5002.245
1723.9528,5001.793
1790.3367,4993.6147
1763.1558,4997.77
1805.81,4992.7397
1693.4973,5001.5176
1775.4376,4997.2544
1683.4038,5004.8657
1703.5399,5000.476
1688.7678,5001.551
1649.2686,5000.23
1750.313,4957.748
1664.9502,4996.7505
1662.6725,4997.774
1678.2323,4995.9062
1625.0309,5005.1006
1630.6442,5003.4785
1619.2255,4999.4546
1642.3636,4997.074
1588.9913,5003.5024
1632.801,5000.0566
1560.5232,5009.2573
1591.7251,5004.23
1623.1998,4999.0146
1600.7372,4999.7607
1541.1476,5005.556
1530.483,5004.549
1507.5251,5008.689
1585.9622,4992.8467
1518.0942,5005.1396
1499.3528,5002.0605
1513.5762,4999.4673
1447.0765,5009.7188
1460.7766,5004.2427
1404.0458,5008.6875
1445.5037,5004.5137
1423.51,5005.7866
1457.8414,5003.883
1418.4839,5005.7793
1442.5863,5001.8096
1357.4374,5002.163
1371.3296,5001.405
1329.3873,5005.8525
1331.3031,5003.644
1304.8191,5006.9966
1268.3036,5006.9834
1244.5536,5011.2407
1303.8751,5001.8813
1315.2557,4999.583
1304.1547,4998.008
1260.097,5003.39
1297.1943,5000.4585
1288.6262,4999.394
1243.9716,5005.2495
1288.5938,5001.3066
1204.7651,5005.0117
1280.1161,4997.415
1296.3092,4989.2646
1195.2762,5002.26
1193.6112,5004.649
1118.7759,5004.415
1154.9719,4999.7134
1199.8093,4968.392
1145.333,5002.7656
1102.7833,5003.287
1136.6522,4997.558
1119.0675,4997.6377
1087.863,5002.2793
1096.7861,4999.874
1041.7041,5006.0435
1055.0239,4997.5767
1042.0237,4997.712
1030.0266,5001.488
1089.5057,4997.612
1099.5563,4977.5625
974.91235,5003.281
980.7837,5002.0347
995.0448,5001.769
933.0534,5005.685
1063.5635,4990.456
995.1448,5001.865
962.87964,5004.5415
974.82776,5007.167
981.8869,4999.629
955.34393,5000.087
896.3269,5004.844
913.7523,5006.2793
987.8621,4995.9756
930.2575,5002.696
909.1468,5001.2593
851.88007,4998.8794
844.95544,5004.8525
803.9734,5005.8716
885.721,4998.236
785.0439,5003.856
803.2185,5006.155
828.44385,5003.343
843.7173,4993.4756
771.377,5000.7456
810.3577,4996.913
809.9744,4985.124
838.1205,4991.6904
752.27844,4999.1895
734.30133,5001.4927
759.76404,5001.1646
707.46655,5005.958
763.1874,4998.36
753.3923,4997.405
717.3328,4996.1426
751.84247,4997.4263
769.15344,4993.0117
801.344,4954.053
759.8489,4996.9204
701.17065,5004.6646
730.4258,5000.9014
701.19763,5005.9326
676.8059,5009.8813
623.2474,5022.581
650.5932,5004.2803
659.2642,4993.1475
649.5168,4931.0947
547.0381,5013.7983
583.31793,4993.2017
590.44415,4984.034
562.283,5001.045
605.6893,5000.894
505.8611,5020.8135
521.55023,4995.616
536.8305,5006.669
515.9607,5008.8687
518.25507,4989.5527
467.6809,5012.299
505.25644,5017.4326
523.0827,5002.5835
538.4512,5000.924
471.5696,4997.716
445.20422,5012.4443
442.90088,4992.3574
380.2546,5020.7134
472.6688,4983.278
336.96854,5000.4844
412.69406,4985.247
323.38672,5003.505
380.23666,4982.642
329.82892,4995.916
325.9541,4999.749
305.4087,4999.3228
259.48672,5003.3496
296.7479,5001.5464
273.51834,4967.816
351.23257,5000.3027
371.99786,5002.003
355.0973,5008.9966
345.98322,5002.833
349.34305,5005.17
313.2751,5010.119
220.28864,5020.3823
253.17848,5004.2183
252.93433,4997.616
206.45537,5012.0586
190.92567,4957.866
173.7707,4983.831
185.29318,5006.7227
183.09764,4988.7134
205.3716,4998.4385
151.1556,5003.177
171.96864,4999.248
100.84987,4995.608
106.58063,5009.2666
152.05711,4975.5728
117.040794,4948.9897
85.420235,4955.406
76.06827,4990.0215
84.10044,4961.0654
50.56508,4998.33
104.6443,4888.5127
43.765755,4968.639
46.248062,4987.0776
61.669052,4910.757
56.142136,4950.272
49.524754,4919.0454
56.60713,4925.289
16.816408,4892.438
35.943836,4894.6514
41.322933,4848.917
36.999435,4859.2354
32.550766,4883.5386
10.30527,4830.212
19.442364,4876.518
12.468025,4850.448
32.508896,4843.749
56.212246,4898.947
47.34792,4937.096
46.78942,4951.436
39.269253,4967.1665
34.071205,4898.175
45.000984,4831.6807
43.462517,4836.874
0.26859343,4854.9595
34.52532,4834.682
-21.05847,4760.719
-15.857071,4817.6987
40.541367,4803.238
0.63717365,4862.208
-12.266114,4797.825
0.8958578,4786.311
-12.939498,4791.4023
11.002198,4775.6924
18.02489,4679.2705
-7.91125,4681.055
-20.874142,4692.8276
-22.202358,4721.191
-16.238615,4633.282
-17.329752,4687.876
-16.739517,4641.8276
-18.803776,4618.856
-21.338686,4624.1196
18.298477,4673.6343
-14.99109,4645.014
-18.700436,4544.23
2.0036101,4419.2104
14.986769,4453.1797
4.98116,4457.7007
10.989383,4506.46
-5.330965,4544.0425
-16.045124,4471.0024
7.9420953,4438.3823
24.200678,4413.02
-17.50484,4413.0913
9.73329,4436.226
-14.019757,4561.0107
5.145371,4555.378
-20.708517,4507.0835
6.424636,4570.66
5.2453575,4513.2285
-13.399273,4468.9404
-13.630465,4435.72
-8.656308,4482.925
-15.985743,4444.5146
-14.267862,4470.9424
-14.657751,4489.7627
-14.856309,4490.93
-22.992268,4431.46
-14.682487,4446.888
-20.468906,4421.7812
-12.048856,4484.0483
-10.477677,4420.725
1.0693818,4472.8975
58.523045,4301.496
-17.596632,4424.9404
4.4347343,4330.7705
7.684231,4279.576
2.8686225,4265.7827
16.012638,4253.0117
3.0168147,4234.378
-20.14719,4186.561
4.649311,4275.4585
2.7088075,4191.8276
16.884804,4227.7056
-14.995039,4169.7183
-9.994507,4104.085
-0.4196167,4165.13
-17.392859,4066.1436
16.615911,4108.6685
12.794584,4136.4604
-7.9610944,4055.002
12.969002,4065.075
32.094494,4108.223
-18.77807,3981.5308
4.7091393,4021.5334
0.48093498,4124.737
-14.904812,4134.9395
-10.4364,4145.7695
-7.8687816,4204.3794
-21.432713,4204.397
24.793222,4094.4355
-17.12747,4207.4644
-22.265837,4174.3096
4.6699495,4157.781
75.28238,3953.0676
-20.843967,4008.9028
-17.98436,3980.1145
11.15404,3992.7432
-5.567446,4050.5522
4.946217,3983.0508
-1.9811839,4008.0598
-2.0812452,3996.1987
11.84769,3945.8914
-10.904297,3874.8303
-20.47792,3864.6057
6.2861295,3760.7432
22.456348,3784.4702
12.947544,3780.3965
28.189644,3820.0603
5.600378,3719.4556
2.4986267,3780.819
-8.647293,3788.4722
27.176216,3770.2876
22.80034,3773.9187
-14.560371,3690.8706
10.486022,3691.7976
-1.9209087,3755.3906
6.8767366,3708.3381
-6.10739,3757.9922
-0.08560717,3719.0989
6.129593,3684.2815
2.3826213,3685.2407
-14.134869,3638.9277
3.6438556,3673.559
2.3970752,3687.0527
30.56772,3556.0518
20.740627,3548.4993
24.893284,3516.1514
29.391273,3562.174
42.071117,3576.8638
-1.3326854,3545.8545
-4.1972103,3569.1267
-3.3731012,3501.5137
15.286878,3503.9744
-4.4526157,3484.3354
-5.1628056,3551.7043
5.797744,3597.7024
16.380474,3577.574
-4.7980995,3567.9343
-2.2271276,3469.565
15.509501,3563.851
-6.5657496,3565.428
-0.6106496,3564.9255
-4.0359793,3491.2485
-3.6355853,3519.8474
-2.657175,3585.304
-1.007989,3519.4524
-0.68329275,3450.4116
-5.1703305,3525.3499
-6.330162,3530.9292
0.097975135,3395.9524
-4.4826417,3499.4219
-5.963892,3523.7876
-3.476441,3517.1736
-4.666522,3481.6023
-2.4563818,3342.709
-5.851388,3492.4233
-1.6915798,3298.9197
-5.1803885,3450.266
-5.1772594,3442.4143
-3.6092849,3305.3914
-5.2346287,3317.5164
-2.4139137,3232.242
-4.0658565,3291.587
-5.1230936,3313.134
-2.228096,3131.149
-3.857091,3201.355
-2.010241,3116.204
-3.797263,3265.671
-3.7327409,3217.1978
-4.476756,3199.5144
-2.481565,3113.1106
-1.180321,3109.9104
-2.028197,3195.5847
-2.5427341,3145.632
-0.7800758,3219.9788
0.3723055,3165.0315
-1.0825694,3187.968
-0.7728487,3160.549
-0.11354685,3078.6501
-4.3469667,3196.6921
-3.9948523,3126.7825
-4.3033066,3168.544
-3.8894267,3134.5464
1.1505932,3055.4937
-3.1031668,3058.8347
-2.297312,3094.4167
-3.7693977,3102.7573
-0.41358173,3048.259
5.071089,3024.769
0.90301037,3018.81
-0.57019293,3037.5945
1.0551512,2936.8662
-2.425164,2984.4634
-0.5443394,2976.559
-1.0447204,2972.0854
-1.9364059,2970.2417
-1.7936528,2909.8284
-2.3398547,2956.75
-2.0331888,2943.3074
-0.8364022,2876.0674
-2.3826213,2871.806
-2.0209699,2835.1196
-1.5512854,2895.0144
-1.630485,2905.0212
-0.86940825,2846.9128
-0.18909574,2791.2625
-0.7429719,2765.8137
-2.1494925,2891.673
-1.2008846,2952.3816
-1.3177097,2818.5342
-1.9283593,2873.931
0.63598156,2793.3052
-1.8196553,2814.9333
-1.9347668,2780.3635
-0.90159476,2833.7163
-0.230968,2762.936
-1.7065555,2790.5852
-0.89652836,2833.6108
-1.6378611,2809.6614
-1.4466792,2766.5835
-1.071766,2851.6768
-1.5416741,2763.1267
0.8738041,2688.1472
-1.4788657,2725.6345
-0.32179058,2770.205
-0.54098666,2702.2422
-1.1327118,2695.7805
-1.0550022,2674.163
-0.6107986,2747.1462
-0.34496188,2677.6343
-0.47698617,2701.7305
0.994578,2650.2747
0.21405518,2651.6348
2.4513154,2616.5813
-0.8845329,2650.7415
3.1167269,2520.479
0.3463775,2601.156
-0.18775463,2533.2102
-0.2989918,2542.6643
2.283901,2532.789
-0.32119453,2587.9395
1.7477572,2524.1194
-0.18142164,2578.4856
-0.3504008,2536.6116
0.21331012,2557.0688
1.2045354,2539.197
1.0059029,2499.069
0.6442517,2482.4607
1.603663,2359.1934
0.769943,2453.7776
0.3093481,2417.1267
0.4786998,2456.612
1.3112277,2409.105
2.7694554,2388.6995
1.930818,2256.217
2.643913,2358.469
2.3557246,2316.87
3.1208992,2346.055
1.6028434,2252.354
1.8691272,2324.8333
0.6122142,2233.1921
0.8776039,2224.5352
2.502203,2304.1836
0.13016164,2192.5312
1.0762364,2292.1943
2.2751837,2237.0793
1.4147162,2264.2852
0.9547919,2248.7615
2.835244,2308.0225
2.3075938,2260.9214
1.4100224,2228.2385
1.1924654,2228.4082
1.6442686,2245.5781
0.9459257,2248.8853
2.5483222,2301.8623
1.6888231,2169.223
1.0963529,2194.2542
-0.14349818,2132.2034
0.808388,2184.4712
1.0887533,2156.2546
0.26665628,2160.2368
0.551939,2166.62
0.35084784,2138.133
0.6150454,2126.8203
-1.2921542,2011.2941
-0.3132224,2071.0547
-1.097247,1992.9856
-0.23670495,2018.696
1.7025322,2085.9949
-0.50492585,2006.9033
0.6967038,2040.6625
-0.22672117,2009.8472
0.99428,2064.3835
-1.0184199,2008.7317
0.1912564,1889.531
8.469001,1912.9607
8.091107,1858.4996
7.913783,1896.9553
-0.47177076,1807.6521
4.8335643,1842.9559
13.525263,1922.2021
7.1264057,1866.6881
4.1689725,1851.2238
-0.7367879,1789.1407
0.96932054,2029.9437
-0.34190714,1991.3787
-1.0565668,1933.7418
-1.6638637,1896.6058
-0.5251914,1926.7294
-1.2836605,1854.6829
-0.5277246,1909.1741
-1.8961728,1828.1198
-1.4599413,1899.7883
-1.0762364,1910.1537
-4.019961,1712.6095
-1.956746,1837.3499
0.052452087,1832.8407
3.6429615,1813.6862
2.4867802,1788.6472
0.21204352,1762.2644
-0.46998262,1766.845
-3.196746,1713.2917
-0.6002933,1796.7576
-2.5967507,1713.4673
9.886995,1646.9198
8.330718,1659.1808
12.887046,1625.2155
17.092451,1655.4854
9.1449175,1597.7493
17.928406,1627.5829
16.729609,1639.773
-1.1623651,1533.5325
0.7516146,1557.759
-6.658435,1500.858
-0.89123845,1593.582
-0.40844083,1565.6411
7.8553705,1607.6898
4.0409713,1536.6206
6.0311704,1516.1124
2.1141024,1535.6603
0.4091859,1554.2197
1.0761619,1584.8431
-1.270175,1521.5632
-8.600056,1455.7299
-1.66893,1569.2395
-5.750954,1495.6993
-3.6624818,1438.2142
-3.3933668,1426.5835
-4.394799,1433.6086
-2.2733212,1435.8558
-9.762645,1328.4081
-5.1078944,1471.8837
-2.091825,1489.9442
-4.4965,1535.9841
7.6530128,1372.171
12.560264,1390.2446
11.994168,1366.3348
6.5791607,1346.5011
-1.4980882,1313.6235
8.233637,1324.4
10.923147,1316.6791
5.2725525,1372.1403
-0.72568655,1330.3674
1.2730807,1378.046
7.264912,1414.0928
-6.499216,1303.7812
-7.101968,1248.9579
-8.307993,1193.43
3.5588443,1135.4003
-3.3047795,1157.4607
-10.224655,1218.1522
-6.917715,1242.4893
7.519722,1324.2682
-1.7140061,1255.6077
13.898015,1124.3156
21.032692,1138.8916
-11.25209,1180.539
-0.5155057,1066.6226
-1.0477006,1181.1223
-9.437055,1090.064
6.9974365,1197.2234
3.5705419,1191.0238
-14.91189,1147.8922
-2.2833796,1116.7964
-15.119314,1136.9845
2.869442,1078.7028
-15.653149,1127.3988
2.8513372,1003.85486
8.200258,973.98755
-11.663437,1130.4545
-13.277754,1071.9226
-5.9310346,1057.2527
-17.00759,1125.4124
3.4635515,1050.0394
-24.98515,1039.1294
-23.306683,977.7304
-37.85886,941.40753
-48.5301,956.9957
-44.697075,920.4288
-15.244931,802.8739
-30.528605,904.32104
-7.4814262,813.0873
-13.621897,984.08124
-14.531836,976.23303
-0.2373755,798.77014
-2.1341443,898.0938
-0.17389655,753.7023
2.6415288,706.22314
-30.617119,859.51917
-30.514673,827.571
-38.982033,885.55505
-33.657475,919.5728
-9.064078,815.60114
32.107086,704.90405
12.997985,615.0024
1.7271936,749.11633
-10.390803,757.3876
-18.985643,762.9108
-29.352383,749.7535
-1.340583,619.1228
-5.2565336,675.3959
-10.471493,770.06726
-20.61695,845.8527
20.554214,732.1401
15.104264,611.05164
28.767586,602.1885
23.64643,563.1296
14.129058,518.1014
1.3393164,611.93524
-11.559427,671.04266
13.89362,493.08157
0.9765476,570.3937
32.80148,526.354
72.247536,489.87106
-4.897788,645.67676
20.969957,585.85864
13.743043,499.8357
16.267971,458.61484
6.845966,509.31827
-1.8086284,469.16956
-0.25004148,493.20377
14.571622,498.42798
22.154898,498.0614
15.272275,576.518
-28.204023,539.95215
-5.6782365,400.986
-37.18011,527.8701
-33.217148,414.0764
-16.802996,340.08554
-39.114506,421.13312
-15.919581,350.3184
8.794517,314.40564
-8.699968,405.75436
-2.2204967,431.7449
-10.016933,516.7554
20.189583,411.1462
5.3662806,381.8693
-0.20734966,343.23804
-14.785155,393.6551
-27.93394,494.2634
19.187256,274.43723
20.940975,256.4387
16.714855,323.61664
55.976955,275.16098
-8.8755045,321.0964
14.012754,304.51022
42.450203,129.88284
11.160895,158.7721
-17.430187,214.68565
-6.2285366,166.29152
-2.4069846,195.54802
-21.229462,245.04445
21.89055,151.7667
34.71397,171.11063
14.091507,73.02098
31.055435,78.00862
14.538616,73.05048
-8.985549,52.792282
-17.055496,88.94839
-9.307564,46.47404
-22.889973,96.61518
14.083088,9.271577
56.312977,42.41444
118.95441,-4.8813224
27.379469,99.5601
95.36967,71.22226
118.12418,-4.714392
36.011784,65.55751
26.011244,79.693344
21.92527,45.68994
11.029691,48.858078
29.962734,74.05534
63.662678,24.16171
115.8794,-4.5153127
