8.09963955106164,-2.832983298962811
17.911144611929856,-1.3618602895534906
27.902897697265818,-0.05240333039164824
36.6241303564541,-2.310117934018873
49.715565633053956,-0.5548085660620288
60.10703420383619,-2.710361930881813
70.0178668593637,-0.4718882273358034
80.98068852486244,-2.8741071611351003
90.02574267544449,-4.323411575406105
97.10932818126784,-1.943094626536471
109.99071180887366,-2.0198612572659442
120.2936835133442,-0.6126225082480659
127.40685737832983,-0.9656033841985661
137.0324870736404,-1.7157312158566072
147.23040773775472,-1.6348321051450512
158.07315154604217,-0.877044508338237
169.09752484045663,-3.3071644254986268
178.49724096911618,-0.08380998800943473
189.08555734880227,-2.3961282633038365
199.5803638602294,-1.2587974072616674
208.1007884423472,-0.2632637745027324
218.84800770779708,-0.8479634607066799
228.83401650392122,-1.2962410263796897
239.19481969359651,-0.6475611995590924
248.06140135975352,-0.9997506891559453
257.6789934652804,-1.6092384275540184
266.97394756696497,-2.638677276284753
277.490400921997,-1.8738571434098787
289.1010952376523,-1.496576210487163
296.59758743591726,-2.4070522431021004
309.5767760605331,-3.0417917224053355
319.1483780290529,-1.952564930060774
328.5295972372513,-1.405300006958413
337.27265317777517,0.15545888715735146
346.2199495416286,-1.3703437235698175
356.6308863571586,-1.279492711728011
370.8380110312196,-1.579212682544437
377.67969950146767,0.9359612282149499
387.5926742314589,-1.3170404710859316
400.617914018155,-0.2606721412696231
408.6643442642453,-1.3112687468147044
419.8046990362521,-0.7916987966482338
427.9974055442507,-0.35505620099070256
439.86946018487026,-1.613335929319959
448.3165864677442,-0.6601614307022317
461.3859150562668,-1.7304581904778331
468.2364833776514,-1.2539317567993749
476.97798159564934,-2.1886469212093687
487.69112911886003,-1.5536793072932369
501.10381421961426,-1.722598434702462
508.20202787687,-1.490753086635607
517.9956116015144,-2.0170222697564952
528.3752481824522,-2.8770609599654335
539.4241134072761,-1.5929735199991342
550.173612176493,-0.907427627854247
559.1024163817642,0.532551809655871
570.0036324763475,-1.010977058268196
579.7326867264753,-1.092360972141364
588.8192092362459,-3.3739032577000216
598.7718237856702,-0.5531167258187679
609.6525605516599,-3.27937964231603
619.2227062505538,-0.009853921130513754
629.8309871394449,-2.9958511870767097
636.6215586133383,-0.36370180151601517
650.3772901604802,-0.8078614121542955
659.6342647090707,-1.9949372018122062
669.1329516451051,-0.5034729835450094
679.2548550372965,-4.202492806192993
686.9212435910595,0.07174997348778334
697.4510453399514,-1.6313956690271425
707.1039571000747,-2.3542780885749153
719.165925329457,-0.8931115981896482
728.7893129976555,-2.182795804319028
737.3383044583898,0.6282359493897047
748.8759936357078,-1.1871907989075794
761.5355430501995,-2.9939038036036436
768.1791784915945,-0.10834635902187983
777.1392204813312,-1.750846781956966
788.6069865252875,0.33208495794292503
798.3567440705826,-2.250107456550154
807.6736091361456,-1.9341433993511714
819.8557795962402,-3.8947432097992873
828.0027125161793,-0.7363222216849863
838.2651097018588,-2.2363878792698983
848.3587179440817,0.012369558748844156
859.5283111666524,-0.8417900753837557
869.1734440221586,-0.22144654635894767
878.9191586559957,-2.0610533374419333
889.3221854288249,-3.9822080895391423
897.8085252890028,0.722878601300522
910.2940360239867,0.33058818638806997
919.6003517385651,-2.6845593706238446
929.080074206817,0.39414440565428777
938.2733796013504,-0.32292397326233413
950.629566057182,-3.445015809991503
958.1097570683049,-1.809225871721651
968.3680820461061,-2.7020971432731926
978.5766650200097,-0.14321688404317
989.0459792471444,-2.0047387175650897
998.7805653779627,-1.9529412619293112
1009.8830374241041,-0.6076459844436499
1018.8233335903321,-1.7762175184365105
1028.4031541248773,1.4655458029686201
1041.1992326617856,-2.6347108440571674
1048.9174332950063,-0.27505374572797336
1057.7436344201637,-1.8185640173209094
1068.65644581656,-1.5783918287194183
1079.5836808945578,0.470519113043963
1090.9576472792673,-1.2626565870646118
1099.021578667317,0.7907663367403757
1111.0916157980691,-2.198819996979239
1119.3347047072098,-1.0334006307210188
1128.5512538620244,0.6585708604258684
1137.4798243539221,-1.2329382276295178
1150.3127252983463,-1.0000909181257498
1159.7725423089223,-0.41000263291061856
1169.5873547120725,-1.200018763067419
1180.8225804218996,-1.3343535692622481
1190.412991011046,0.5724259186666814
1200.1348229553878,-2.5363043368866443
1207.9856645325417,-2.3372940234931434
1219.314856076506,-0.9495886846235635
1227.8815227926693,0.09980427869032837
1239.7905425775496,-1.9277792560265539
1248.6029804344128,-3.2545170765640705
1258.6410511397307,-0.6350577408475715
1269.5691500427129,-4.285478599940802
1277.0827113508542,-0.43421495144099254
1290.2418875549301,-0.844858464714207
1297.5652486336394,-0.7106490052772187
1308.6091691037323,0.49612236489565475
1319.3557798315683,1.4036683049131398
1327.904181577971,-0.8660216924535007
1340.1646595837883,-2.814571974864748
1349.8346492508558,-0.17666855869561005
1357.5920482866015,-0.6363036392067443
1370.9412828260874,-2.5077303925471597
1379.165067660047,-1.6171755610669152
1389.0270111980997,-0.3867844501309037
1401.0423936777536,-2.6577974814737217
1409.3906990841028,-1.0105004974791427
1419.2658917561625,-0.9505053355120481
1431.072512053494,-0.6078926756729288
1439.0515262578356,-0.2951390301140009
1449.611170732288,-3.1676889514671984
1459.8406639230466,-2.721912764353874
1467.711223249893,-1.8832135751423493
1480.1205876451045,0.6664834603885765
1491.5627676160652,-1.0941644783173388
1498.6615579592735,-3.3102892946150178
1509.8419084482757,-1.8919033031190793
1519.4794578973042,-0.6310419115470722
1529.0454128894062,-2.2278417802486956
1540.4846116817837,-1.0706848338146528
1549.8395687503316,0.647631518578919
1560.6771145909854,-0.3326757021529829
1568.6998757464946,0.37325378512844054
1580.65533845154,-2.023006418842556
1587.750975267938,0.0988942062034539
1599.408271265584,-4.361345283568767
1609.437090151867,-1.09811141451587
1617.7338630930712,-0.8371026344354959
1630.210257903324,0.30825196264254373
1639.1417530332812,-2.163933310177981
1649.5370120332245,1.3611605129840427
1658.7987958877352,-1.5168075454290602
1669.9592265022713,-0.9435631613656597
1679.6321987985793,-1.3780455448039675
1691.0944475722056,-2.1234956856118288
1700.3071207266717,0.4858526483259311
1709.1936971989117,-2.7686308543941323
1721.4525217826256,-2.5701545314599343
1730.893479488396,0.1505488970354918
1739.7437969688558,-0.7804757361494694
1749.896168614949,-2.346650517342482
1758.7891747305769,-1.0283681373680338
1769.4469397275998,-0.4293128822578183
1779.3067581031637,-3.2546374248423717
1789.5534261991031,-2.21182372931753
1801.994414140947,-1.5734177358535817
1810.1928565424464,-2.6711088232583506
1819.690263875849,-0.8271154547626338
1829.6030136701736,-4.1365807061874875
1838.3996880356517,-1.9422083184957728
1849.8521613920739,-2.5237734138437418
1858.1848684459364,0.9514085860987507
1869.7466170368446,-1.4478133546443814
1880.3302375261137,0.42840691318895097
1888.6727779661733,-1.3114835749997837
1900.9360915678083,-1.316233425642622
1910.7758250813276,-1.677688411988811
1921.0223450202002,-0.6608129962013436
1931.440325679239,-0.748899272690096
1938.9946769802427,-2.836524683684388
1950.0917896172623,1.007334579334156
1957.2978174362702,-0.3518082448641735
1969.1662718452787,-2.9266337102422995
1980.1831368029464,-3.371463514427319
1986.8883978144036,-1.523336504343888
1999.2411033003032,-2.0841115679518225
2010.7213681388341,-3.4841701090267634
2019.8233852026972,0.9449981872122635
2030.406835300697,-1.1611311563444815
2040.1844595175378,0.07909789240113696
2049.550713591212,-0.5115422129695162
2059.15335873402,-0.18075377920285973
2070.2084597532958,0.1363615749598921
2081.6725948697267,-1.114990143642558
2089.662735895823,-2.857141340302519
2097.863065524527,-1.8222179814507626
2108.5818058822747,-1.2738753929154427
2120.236584007657,-2.458278191805107
2130.8931053344013,-2.4979608705137935
2139.7305554187014,-0.0677592322607552
2149.3720151679436,-0.2910495614315778
2160.165203182676,-3.6588259368137415
2169.48589898897,-2.921220503390373
2180.605010567957,-1.5520426972934729
2190.818395149805,0.11690321931416747
2199.5283291592236,-1.301998585034653
2210.67838525855,-0.43146928786757144
2219.1692082822815,-2.4363124386139816
2230.872009765861,1.5829282713202701
2240.2257583030278,-2.1342802557355753
2250.511628291259,-1.5219039616767986
2260.29108623332,-1.597787117900225
2269.6036779406004,-2.8027385491791392
2281.2304386259984,-1.4337298490668218
2288.5735523138273,-1.4298809939467674
2299.5630950932273,-2.81958910630442
2311.856067768583,-2.385243493532016
2319.2766227323136,-3.301820486902784
2330.4892510039,-1.5892262460725988
2338.9562514377467,-1.9868692825908738
2350.7094431685764,1.1470593522121817
2360.7728190983703,-2.5769912613465067
2368.290185041881,-3.338787951734389
2379.534670994546,-1.8751003594226177
2389.869336690598,-1.62242933206619
2401.2986194476844,-1.4140203975737222
2410.8681425132263,-2.24592261331361
2419.185647380388,-1.4305479474890035
2430.760737510339,-0.5883684762407029
2438.7027696636396,-1.2325263389566317
2450.5408294659246,-1.0019767656641534
2459.214716225816,-0.20493745252372264
2470.132516041574,-1.829565822257905
2480.3884129987073,-3.950566398467572
2490.6514678891695,0.16637103333960113
2499.772950962365,-2.088993294397369
2509.6742664360972,-1.6267359215750048
2521.4632113151706,-2.6268131972731226
2530.18663727308,-1.3848937825008534
2539.43823649583,0.4390077164775903
2550.42757005872,-2.048538801559289
2558.43715414388,-1.1725230306880121
2568.2177173897426,-1.4655494373757847
2581.754254531677,-3.0744753339486124
2591.645698284813,-2.0496152620535213
2600.585594114439,-2.9213523750540844
2610.473639818608,1.5026814274972367
2617.897758129041,-1.2589539660741593
2629.793731878114,-2.5511606283128003
2639.728413054436,-0.22315493933433572
2650.2942481482364,1.3422286199311202
2661.7612118649804,-1.4243556448727759
2670.087343168489,-0.7376689578190962
2680.1516884941634,-0.6316833763255545
2689.651112050803,-0.8572899118596524
2701.5033472062078,-1.8707970379996368
2711.262521338395,-0.7080089881603726
2718.257435343202,-0.3291660496336135
2729.7483031421166,-0.6330422564576565
2740.3222441165035,0.8924678515054438
2750.4646450875803,-0.25101505663496937
2760.7577614038164,-2.4591106542802663
2770.3215989446535,-3.33067337373609
2779.498102452925,0.4918468353675962
2789.5495448372076,-1.9217384251928706
2800.083401480354,-3.699650370412428
2811.905447864007,-0.6069645931788727
2819.1380685434306,-0.5214455470470512
2829.776556102698,-2.4095809106304387
2841.4822021767604,1.1829363652680058
2849.270443214068,0.720274981253624
2859.1024136348124,-0.2751462989301672
2870.7749538197654,0.6522653278886992
2881.540295519837,-1.4389839915481843
2890.526495061561,0.2618154502681591
2899.1377294829235,-1.1631910609253282
2910.455269645415,-1.8104819305592628
2918.907494182243,-1.239145506301611
2930.080154622113,-0.5029939315172669
2940.074486472071,-0.26742570603937565
2948.8492518590706,-2.6564606710694534
2959.8318202116325,-4.230577725985995
2970.2774662868705,-1.5932618783040198
2981.617413235206,-2.4158510950871914
2991.7380882521848,-1.920777320840216
2999.473413405324,-0.5175056551679518
3010.3850727771014,0.8741345501437081
3020.37913913976,-0.3499938806201044
3029.781519614049,-2.109261083504407
3039.3151690458453,-1.7922171720426832
3048.8058615254895,-1.4124396125521343
3058.88869915381,0.15261902869815458
3070.011798499736,-0.7763834325978678
3079.1366191813568,-0.7332591424101338
3090.8273523534067,-0.43992016544916623
3100.683865903709,-0.06871906163132735
3109.815818305914,0.9108349660427848
3118.903659632425,0.17157273886346047
3129.145527797982,-2.035368381724311
3139.371543977457,-0.2069519044223398
3150.4955305794147,0.46788020158010113
3160.3664360897064,-1.8276800332644143
3168.0544090401118,-1.5797247121020064
3180.2304485394297,-0.09030832726170956
3190.5913468478448,-1.0430015434740199
3202.369905897416,-2.1375511255876063
3212.117717402556,-1.8741246893875996
3220.3503627416267,-2.6823885888427412
3231.665209545783,-2.782445293716819
3240.032882482663,-2.0072583048577144
3248.8105356289598,-1.787144134160826
3261.093728086341,-1.555619527455292
3269.477640897382,-0.4234578912446523
3281.3525829158343,-2.4406670134133037
3289.097095798944,-0.39610266176782716
3299.618996880701,-1.7121993255486814
3311.0091617654816,-3.4326707981354048
3321.264316432118,-2.6467417870089776
3330.89686510918,0.6826209030243717
3342.306767036881,-0.8727963599328632
3350.375663211953,-0.2937614804977784
3361.1655068537125,-3.6849150014822953
3370.326552646612,1.5823239139010639
3380.166332462478,0.1470776949638548
3389.6728052846447,-2.2517288538458615
3401.3108748866957,-1.296233729214464
3411.0326376943462,-0.23066430898529688
3419.4772182679512,-0.05966246115872309
3431.386768558266,0.5706714289310639
3440.9455365097697,0.5247054317578659
3449.7385536029096,-1.7801179126761326
3461.3932763980974,-2.2844610715624185
3471.4992279606913,0.801420410139599
3482.2821465158595,-1.5450914534465028
3491.3286789158533,-0.5904739677737325
3499.9086684462645,-1.847778310496551
3509.9183286929224,-2.6652058890608714
3518.853420693343,-0.07845960192639723
3532.11204594077,-0.16948422934524388
3541.330581420258,-1.1101096806135047
3550.643132960473,0.6244333219729015
3560.1706634246493,-1.4776910426439827
3568.5332517253414,-2.061717003441345
3581.321938895826,-1.9698681999527707
3591.0454747379513,0.4093038042144599
3600.249356612362,-2.0448788270036857
3609.532400748249,-1.4701598199037562
3621.5985089264964,-2.387222842026631
3629.605605365541,-1.730943900567354
3642.0243873076333,0.10922915403216393
3650.948827391271,-3.2201116111839383
3659.4836577907636,-2.581088771810073
3670.1423065509234,-2.0580746562673085
3680.838053907967,-3.6316879236348996
3688.746776846296,-0.6112591222727133
3701.277610171189,-1.3196174151844389
3709.380621566886,-0.8558087780761525
3722.5581937563365,-1.8698179123473437
3732.770467781297,-1.019032110653825
3740.7064620363235,-1.4766048610636062
3750.9573701697177,-0.5310941673549223
3761.542237145971,-2.7190887719768853
3769.2982168391704,0.40679328189230546
3778.723110955907,-1.688120754839474
3789.7143374272755,-2.0493618586410776
3799.10368302378,-0.16803002610686235
3812.7271745586777,-1.0893950405277337
3822.5056988300475,-0.4111865590157322
3830.6470511475895,-0.9638056726801096
3842.5616650611223,-1.5173118407544735
3852.148878911561,-2.88169865156965
3861.4633434607686,-2.9639703018494856
3871.424965662712,-2.5969269439140135
3880.9841278704494,0.02102805345680281
3893.7017191204745,-0.9754274043993973
3900.531375348667,1.0031363291757316
3909.6292710183498,-2.0468896365448472
3919.162077320849,-1.1062297168323312
3931.463814403277,-0.7800027548985327
3941.7268795650493,-2.239479525216211
3950.1606111083593,-0.6992710785439158
3961.5364439693376,-3.433199862978654
3972.102992120463,-0.03126515091480542
3982.387094122424,-0.08595850931146742
3990.7565088396573,-3.282716300099082
4000.1282325527795,-0.49814823606448044
4011.4944402083906,-2.525421693064118
4022.7671981823296,-2.0784713756115707
4031.417550179384,-3.5571048583231004
4041.6419619756985,-1.7105189747876466
4049.582372052303,-1.6224149604342983
4061.031855956259,0.31506924262657776
4071.727809957878,-3.772208849296476
4080.35372995731,-2.2973217198166367
4089.587813242017,0.7375366576043234
4101.301058736942,-1.7384084381126286
4111.4858476168065,-3.2041847500527183
4121.939604351506,-0.5050972764825019
4130.24713814401,-1.0582775856657918
4140.365157700803,-0.615449344523995
4152.966354866441,-2.7790416624870886
4162.510350741026,-0.7737753414394319
4170.5830257091975,-0.9519545503926565
4181.6953464302205,-2.7291821121245903
4193.450993410976,-0.17450233904105517
4202.852366640385,-0.8059591519570404
4211.982473035922,-2.514848499653226
4220.986931154397,-3.5944588914692304
4231.5193265088055,1.6756436213793222
4242.540024360258,-2.446646777744263
4252.872870718655,-2.1045227087026888
4262.2529226306,0.4421922098445066
4271.017282397577,-1.202233313131046
4282.151863125843,2.297089415239043
4291.14696300156,-2.5487735709320987
4302.057032498229,-2.824351612227929
4312.913374086037,-2.669997315071896
4321.467479257063,1.534357161323669
4330.701928629968,-0.41580813020368623
4343.754760218351,-0.5999397718828732
4350.852649120783,-4.278498621001063
4361.473651480899,-0.9794824068758317
4371.971709095888,-2.537604747122259
4380.778052019977,-3.222533944162251
4391.769834109824,-1.158512994575176
4401.298599183958,-0.47807279169455796
4408.885932528338,-1.642016332017647
4421.859196636672,-3.061739394501501
4431.31222595755,-0.4093229390155102
4441.168275554846,-1.7371722311665962
4450.979572348642,0.258474689979721
4460.701627339362,-3.225468527460407
4471.550161712408,-0.8389274097396537
4481.046532930509,0.6731191427356862
4492.073784408205,0.21384011085251586
4502.651114462482,-2.700784337951063
4511.749017080704,-0.7997841122682985
4521.970734315485,-0.8025778150256428
4530.388366351211,1.1173832813433364
4541.0963431745895,-2.06294617226672
4550.407340292652,0.3213296743954288
4560.355402593405,-2.2712677134493333
4571.689377643512,-1.9404062072146644
4581.949666406179,0.5141974579159978
4590.509754576045,-0.40012552835332826
4600.6794555762735,0.2245029543369128
4612.881836694454,-2.27334758615757
4620.362247663617,0.6472780696342397
4630.424690525155,-2.2398434860683665
4640.360903360441,0.5034608366859175
4650.219854470857,-1.0468307513549462
4660.773722585958,-4.547852491219373
4671.6941635166295,-1.5628211903692772
4681.443979163319,1.4764716819518071
4691.765222349059,1.243477969034302
4702.3117102823635,0.47856593461096963
4711.191715815378,-0.8344712544035247
4723.438975583197,-0.23233713427316616
4730.765688966524,-0.8777710996130281
4741.454643105267,-2.45521099223879
4752.677718300515,0.339954135340804
4763.307351817458,-1.3729749768810962
4771.50728448662,-2.0641908889199385
4780.213425226113,-3.4341404813035297
4789.862677509795,-2.4638492364940703
4801.699787714971,-2.518239820078179
4812.076654838458,1.8284584163948239
4821.281468214651,1.3511052461717554
4833.248735720727,-0.6977251591929416
4840.741002763827,-0.36084107862393466
4849.496849139656,-3.439647809539565
4862.238533117813,1.0611986930264266
4872.207263441112,-1.7319882864342162
4882.371060696556,-2.8297405556902504
4892.159221634746,-3.281722901591138
4898.652452332415,-2.0772927454197543
4912.033363918841,-0.5629706969471044
4924.441922881017,-1.4240328492235221
4932.518308472583,-2.62804480920272
4942.826131443983,-1.8096012680198328
4952.865070209143,-2.674018915211036
4963.739826179286,-1.4813097587448283
4969.058333499685,-0.6844930647318961
4984.412935471972,-1.1759892054365082
4991.480565005794,-0.3591999625580229
4998.761985791862,-1.8202357973125345
5001.794790317882,9.376909335143637
5001.442114469058,18.071746783103663
5001.002581739923,27.416580237368635
5002.914078957641,37.59619394841479
5001.288419590245,50.08862069479005
5003.594046243305,58.38317022389924
5002.514431653373,67.09195477757703
5000.217808780503,79.89801531486933
5001.597966383444,88.97935554658602
5000.234393288003,99.57012177753359
5000.104708692621,107.45873048099065
5001.8886100366835,118.04843803762697
5003.222777708457,129.46792230794654
5000.271873457508,138.30466732930995
5002.7500819719435,147.07081580240856
5000.508372311937,160.49208796285984
5001.663621670343,169.96661186934125
5000.080094195523,179.55221598373714
5000.620560536887,191.31693240950062
5000.08982062774,198.9713133046182
4999.8843218740585,207.89046939135847
5000.525408843985,218.81594568399987
5000.622298124694,230.12235581445475
5000.667984915873,240.3976206498753
5001.986435072973,249.54029971152067
5002.45349268256,258.6438864894078
5000.774012153697,265.2989442371279
5001.9405156744615,276.9094196057065
5001.2390324416465,287.5503256013551
5002.028533599952,297.0193689832822
5002.83376299412,308.962335124982
5003.96777166394,319.06637102403147
5002.0386627373155,330.28031832832175
5002.085925691921,338.1057401784776
5001.291412969677,346.487201203023
5002.761010303802,358.271088083359
5002.017753673112,369.0013540578393
5002.812022543436,381.870389027335
5000.9194169800985,385.8874571218623
5000.749981359003,399.01974661962277
4999.730965010143,408.69874679309464
5001.785774516701,419.6457708279181
5001.9244929041015,430.4430062746462
4999.652690741696,439.2209684961333
4999.600676624048,448.90052774862033
5001.305073408005,457.4779652425966
5000.714318394928,466.16320541240225
5001.897747667301,477.596580397224
5000.069645582227,488.53971350877873
5000.957047469504,499.0940943672683
5003.365867393337,508.2693604103015
5001.528653103484,516.9924554732174
5001.81874876204,531.7437304065616
5002.210298216753,538.8156299900011
5001.98816390725,546.8862411506418
5000.711655509609,560.6584431310444
5003.476408606331,570.4623417406742
5001.968731608669,576.803584166556
4999.038496752855,589.8391199114794
5002.12148730927,599.7208068037842
4998.756442502059,608.2494542736058
5002.5886846783405,621.9550674929139
5001.703538427132,631.7170415729393
5002.33446644968,638.9999003902128
5002.227481493059,648.8671344987961
5000.3374032872325,660.0607137461122
5003.73760785965,669.3345287358811
5003.028811521139,679.8549067671097
5000.151940826923,688.9441200185929
5002.329184039996,700.2915756890004
5001.043156325362,705.9615803684144
4999.262901831749,717.8631328836109
5001.8092734999755,726.3953469186442
5001.729694818084,741.4510107849103
5002.803021127755,747.4288499872496
5001.734741202314,760.3419787171065
5001.343446144754,771.1109140507735
5003.025077374767,780.2800748534887
5002.704660115401,791.3278607267969
5000.587884623328,798.3180046975547
5003.387807017187,810.1778444779543
5001.515501214225,821.6282160747264
5000.383050074062,831.0199074914897
5001.565318893414,838.4166851446137
5000.359263623767,849.5000056379747
4998.862117311747,859.3116330142745
5002.501044130075,866.6108338673685
5001.7528446260585,880.2403504925101
5000.418994641202,889.1730204692813
4999.164180353843,899.5336030394069
5003.742967671864,910.1854018946447
5001.984946418593,918.071670942411
5003.171977550855,929.814154137172
5000.59381155381,940.2725032202152
5000.582018008636,950.9660923961662
5001.959102523964,956.7978727697143
5004.39677777134,969.0453846384662
4999.321107957199,978.9479697150532
5001.569725169205,987.9639411386859
4999.469039038313,997.7764578102024
5000.23689418153,1007.7798808004536
4999.816931916494,1017.7090682385842
5002.025074430392,1029.4519901053782
5002.901524613153,1041.2378111703497
5000.474887119823,1049.5668256886688
4999.5018957583625,1059.4460904887173
5003.094607153289,1068.399258729655
5002.226701496053,1079.8680159250016
5001.907214940131,1091.6717943247822
5002.195380589752,1099.6913658233316
5001.354760460286,1110.3358871795954
5001.23456213843,1120.0802547640303
5002.540917447625,1129.611722368684
5003.191127915919,1137.6017556989486
5000.628366280596,1146.935584647736
5000.765604102958,1156.4294921724836
5001.286277712052,1167.329334295067
5001.276568282707,1177.1467192727546
5003.139664136201,1191.395616938551
5001.610007263703,1201.8772176219923
5001.296123518175,1209.4280934901794
5001.046384082427,1220.4432019207927
5001.324499743972,1227.0032383160033
5003.668728294174,1240.4574903837547
5002.245545300998,1248.375769758949
5000.03728276187,1259.3399189957627
5001.721234672859,1270.3849205771635
5000.363505486555,1278.8491765259587
5000.310064640018,1288.1574517287004
5000.360678392273,1297.4599749694264
5001.1935611417475,1308.8809514020004
5001.574213100488,1318.9598348700083
4998.995426919054,1329.8881265646246
5001.2669966717585,1341.6758549956207
5001.562780486688,1350.6463079874984
5003.764191658418,1360.4633484810774
5003.2782367815435,1368.8242544647896
5002.487433920697,1379.3588918893497
5002.052639560613,1388.2575384815743
5000.818155320052,1400.3452021950832
5000.754582156676,1408.4563809896936
5000.240030474315,1418.0930580371758
5001.271352849898,1431.5445401487746
5001.916948055329,1440.2106372868886
5002.188343410906,1450.8800189366075
4999.766298025739,1460.071640707802
5003.329862093581,1469.5827344542395
5002.0671285731505,1479.2555872917283
4999.657839710085,1490.3882563286209
5000.264865030393,1498.5817784942737
5000.996335937702,1508.6265036027512
5003.040220351311,1518.8848678283111
5003.329816409857,1529.8090152031432
5002.667066825519,1540.661516960558
5002.650293194168,1548.4861272930982
5000.606542537712,1557.348391698523
5000.274138981133,1567.6441879358385
5001.986656645018,1577.2209020313944
5001.195641387278,1591.5822146431744
5002.724230812854,1599.145067793983
5000.213196299627,1609.0588718933604
4999.537259811283,1619.8979463561882
5002.02988660358,1630.9468861257496
5001.783532151484,1638.3338147346958
5003.669467999785,1649.4023786144471
4998.922522373459,1658.9857599057418
5000.863463185595,1668.8644095011473
5003.209108110972,1679.430694979563
5002.485606507122,1689.0426771077491
5002.815145490435,1698.5436433664051
5000.714544659961,1708.6101033327382
4999.5896486726215,1719.9214476982536
5001.336291249934,1726.585948845947
5002.144693616192,1739.8919059622772
5000.361630326144,1751.812177938984
5001.413463996575,1761.5408512039273
5001.593901426674,1771.058797522765
5001.921753025208,1782.455221427456
5002.137958605879,1791.2708844048163
5002.053410213426,1802.8512181182348
5000.95339799449,1810.2482282844733
5000.510718283933,1818.32553813045
5001.593406419578,1828.498365528059
4999.581542754888,1837.642625707121
5002.937580244384,1850.0796130316858
5002.620450910532,1859.8006497465403
5000.624224666979,1870.601279266206
5002.055332174861,1882.0682037625638
4999.918975027046,1890.1224470698535
4999.8012284965735,1897.4288836898518
5001.633001016482,1908.1674001660901
4999.678059814318,1919.4982885506904
5003.635144553877,1929.352637520207
5001.9710625418975,1938.743359581963
4999.418257635998,1950.805838631657
5002.684331938846,1960.3958879752947
5001.939071410687,1968.6079830690912
4999.635298279636,1977.297760329774
5002.403024226138,1990.7431259158716
5003.25265934135,1999.4424168326964
5001.047199695502,2010.1342379388693
5000.978999557892,2020.1347306607522
5000.451419084684,2030.0731464338635
5001.203965051811,2039.4787283460525
5000.8211566074215,2052.552076821995
5000.025283197494,2058.5266712680027
5000.296581886254,2068.47426162789
5002.086647702899,2080.893923424488
5001.071990517759,2088.139655827225
5000.213783595372,2100.2574973310275
5001.883604959686,2108.016870384614
5000.500419092224,2120.400285347744
5001.433651425537,2131.4320681047157
5001.924027479217,2137.8809602967535
5000.168102053505,2150.36165791245
5002.628196235326,2158.8813074793284
5001.13586396604,2170.9535179263967
4999.581521228248,2178.811415180733
4999.185174409482,2189.137274962708
5003.1291625929,2200.8229834560225
5000.569599256723,2210.0737173505345
4998.68296996434,2219.574257847249
5000.801603159361,2229.202036629138
5002.326433229478,2237.489807846476
5000.200646670701,2249.949624353167
5001.54643190156,2260.544276715231
5001.8109812767725,2269.8427616400472
5004.684796995823,2279.9694815946386
5000.7661798637055,2290.776317687604
5001.0437107596545,2299.1955920000196
4999.641584355775,2310.2635221033115
5001.440670637634,2319.417183853938
4999.902247943646,2330.678421390548
5000.999590634978,2338.235754947478
5002.091685993337,2349.839117575335
5000.534949742161,2360.1430484805483
4998.998457540526,2369.37867135399
5001.6335226790015,2378.331137087397
5001.859819059922,2390.088555148425
5002.254917850795,2398.3410242019136
5000.775878533458,2407.4866314202163
4999.696035164336,2421.1665621216603
5002.4697578754485,2430.3920553345342
5000.262091942018,2437.9698300502087
4999.597870237434,2448.4389065938385
5000.906122052036,2458.9072749272755
5000.890706123315,2467.979759517657
4998.646051636504,2480.0098709856375
5001.206398168526,2491.213596214635
5001.2879372754805,2500.719007846494
5002.15924078824,2510.016342737732
5000.536017902341,2522.278994443178
5001.577386789875,2529.148901641577
4999.956127468689,2539.4296549728265
5001.102547168317,2550.856924370173
5002.436779254704,2561.8989913122946
5000.600477014268,2571.193416714036
5003.206863688447,2580.545780226891
5001.891537610122,2592.356766528759
5000.445660340862,2599.314337315408
4999.31649934047,2609.3571941345695
5000.979931149778,2620.2047106624586
5003.165748084059,2630.84150712055
5000.214800943149,2639.2079845500475
4999.930686986942,2649.5364493571624
5000.05934771306,2661.679072900185
5002.664956414407,2670.040482851001
4998.875684351329,2680.0441331770753
4999.2439041092675,2690.918787563988
5000.576769190289,2698.4372388054044
5003.212804211318,2710.328807770185
5001.010805649811,2719.930420397982
5001.3656257525945,2731.8297538672796
5001.1206481163035,2738.6402731906774
5002.343007039317,2752.161681266457
5001.287851295255,2761.195035018365
5000.7649154504625,2771.5738089750466
4998.84655352799,2779.2572823897135
4999.853163932914,2789.4493876934675
4999.890578003255,2798.3525730123592
5000.875343307777,2809.674167508473
4999.854427759028,2819.6483106188584
5002.9169790171345,2829.0931269131343
5001.891732823376,2840.9324294686726
5000.9327086499525,2850.9886953653267
5001.850663743912,2860.383490841393
4998.969775647469,2869.7583340680694
5001.483833194523,2879.296894705275
5002.215068710961,2892.4418492757495
5001.583386768607,2902.1700657435404
5002.863835590144,2910.7695574744466
5001.142505143919,2918.6733511273587
4999.909001913507,2930.051185826338
5001.591506060454,2941.3238868220706
5003.277446122029,2949.2260854263536
5001.709460257764,2961.593441823401
4999.053252105832,2969.3314289990685
5002.977926038808,2980.7022853826256
5001.059404092446,2988.5650126223745
5000.313533137894,3001.487240126522
5002.734271986505,3010.38599298175
5003.431684989655,3020.779114790811
5003.087578741464,3031.120325535202
5000.796742854243,3038.6783314940994
5001.086973922715,3052.2633881766633
5000.547122476988,3062.901108705174
5003.121391567498,3070.3169489670245
5001.420559710074,3080.9732034556296
5001.166415592221,3090.4043055431234
5002.624598422053,3101.7360954316955
4999.167286717917,3111.4887591099196
5000.337807720119,3120.1607892883144
5002.999759148585,3132.914558594917
5000.614406344021,3140.0183565869506
5003.8460521363395,3150.202427663141
5002.880640347104,3161.381015223628
5000.734739408247,3168.7767074326343
5001.65196632866,3182.0382796059375
5002.9632551139575,3192.9597988918654
4998.70667667323,3200.86308326526
5002.600217024903,3213.293128241352
5002.231911140996,3221.6171446377975
5002.743744141117,3229.4019340929744
5000.737553286288,3242.0301499453253
5000.171843831802,3248.4739982097094
5000.079573328749,3259.168005645056
5000.711516764795,3267.7658711074614
5002.485369859838,3280.4300146824535
5000.317693026983,3290.1774993709746
5002.598801425475,3298.1227538155617
5001.32836925534,3308.52789966166
5000.68945754882,3318.580485186091
5001.1657236329065,3328.0397497453696
5002.039977411894,3339.236094251084
5001.959592078492,3350.197479893671
5002.959069750553,3358.990867217448
5002.117958308522,3372.125827799975
5003.019286621459,3382.619167368086
5001.154445521837,3390.4540136886562
5001.800399668087,3398.7944790063843
5001.738242329839,3411.3500276283135
5002.127476961695,3420.9835434049564
4998.865373455266,3431.630872109783
5002.400996985049,3440.926284871745
5001.518122473082,3453.166883456487
5001.016429742948,3460.391109242136
5000.957638888206,3473.1664835860174
5002.705672342451,3480.7191874591813
5000.521659685151,3490.5861566022513
5004.094097747109,3500.071987165058
5001.24072330814,3509.9741304128497
5000.671751687115,3520.36777134815
5003.24953965838,3531.263793155503
5001.936164752717,3541.9403507528586
5001.263900720212,3553.256571063538
5003.498570252914,3560.818004531552
5001.9201460230015,3571.644966773363
5000.7974275207935,3578.970663164497
5003.277020634383,3589.1149060512853
4999.2502298152785,3599.763479166517
5001.734280316932,3609.213892173547
5002.451528802375,3620.4042826384384
5002.644970689784,3631.8222361257735
5002.317746891006,3641.1001650244625
5000.3924249737465,3650.3750732448084
4999.858328876852,3659.365068119027
5002.347014945611,3671.097942618433
5000.42933636883,3678.7837497923147
5000.990253818358,3692.4145150408594
5000.973229617487,3703.329953633808
5001.604921443928,3714.0956453147282
5001.9163317671,3722.5941301561907
5001.691079798463,3728.9417697446743
5001.385074083067,3738.082432928298
5003.282691272035,3749.5639390644938
5003.055535742658,3762.0886621156874
5002.214122965606,3772.032462069883
5000.237622466943,3778.4564447740677
5003.567959827859,3791.630057336659
5001.930502906506,3802.069904659466
4999.830396522722,3809.904841707679
5002.13194425885,3822.3586959354234
5000.750812492987,3829.287492686487
5000.991341374159,3837.6241765677705
5000.794998158638,3850.224114037219
5001.265646466716,3863.1175163976645
5001.556777515265,3872.2543871731973
5000.643283063877,3877.5093458826486
5001.206378728589,3888.048167818072
5000.839708645144,3900.3311184051204
5000.685891407888,3910.1356475454213
5000.734239302881,3920.5224506198947
5002.818741012474,3932.5467587120474
5001.611319778891,3942.7374285222722
5000.640367548653,3950.109123240876
4999.974318693908,3958.672015967717
5000.5928462166485,3970.5057913057244
4998.059469275904,3980.7119036831145
4999.446108023656,3989.8205311128495
5003.624196738248,4001.15688153435
5001.390905175726,4011.922643833071
5000.75008338238,4020.657985033006
5003.191387192259,4031.445335660626
5002.518886275456,4041.708216522626
5001.834382904368,4050.146317421244
5000.82401536741,4058.243337599575
4998.778348278187,4069.840968970758
5001.184514776688,4083.2314541048813
5003.126260747871,4090.628360558826
5001.373251818577,4099.546471784412
5000.264920524488,4110.863029083548
5000.985216360361,4118.725195756064
5001.062482145473,4129.872458546365
5000.523873387957,4137.939774628061
5003.408426656806,4151.048951484307
5000.663311251973,4159.432526609423
5001.667212452563,4174.15790034841
5001.542949268729,4181.258379008775
5001.681418205588,4193.110323631693
5002.345813352062,4198.626281551742
4999.926905103346,4209.373610167641
5000.151646419999,4223.525999016476
5000.682318846563,4229.385989277615
5000.51963102073,4242.199180932471
5003.421399327024,4252.166068855024
5000.4168214328965,4258.446786106768
5000.62936571468,4270.711527767248
4999.910162332968,4279.349348862816
4999.513443429596,4289.140418226862
5000.814263648059,4302.149226993448
5003.186179205604,4310.958126101464
5002.563367434086,4320.186240430492
5001.205976262623,4330.7298830623295
5001.815178115126,4342.378079913404
5002.878091304534,4350.931512911331
5001.022547866356,4360.941686138954
5002.413772413398,4370.598390721811
4999.664229400946,4382.220754728155
5000.899630540201,4391.5651513025505
4998.920794249867,4401.350251104505
5001.638129429765,4410.329167208946
5001.207477030579,4423.9057734540675
5000.695368404853,4429.138825633099
5002.676211945024,4441.862573765435
5001.143063265423,4450.276520405055
5001.317142678918,4464.010906671261
5001.458276055202,4472.229642000241
5003.257702868264,4482.628682500766
5001.040345152931,4490.932854193276
5001.254934327266,4501.274573541518
5000.126746854176,4509.720633125193
5001.876058686851,4524.732451045366
4998.590511072707,4532.091032117228
5001.0386220149885,4540.7832793546695
5000.132745520538,4552.899137698257
5000.461121190456,4558.537054502131
4999.651665783585,4571.922923248863
5003.25102626545,4581.871446437968
5002.715958894831,4591.660264807591
5002.337257496447,4600.592435581533
5002.163118170412,4611.463523109947
4999.196820417519,4622.354991686399
5000.418201739598,4633.098971810745
4999.331422501399,4639.98955009993
5001.048556049503,4648.243845115898
4999.914990341018,4660.038468280849
4998.119443477482,4670.70694469568
5001.792397780613,4679.695546758233
5001.220150120875,4692.041104631472
5000.522563728755,4700.156249004349
5001.9886756356045,4712.316039968956
5001.468104215876,4723.12242010867
5000.96184372399,4731.075911585897
5002.645499183475,4740.473972201531
5002.973373101191,4752.891054511751
5002.993846296478,4762.549358070021
5003.128320866892,4769.527199257847
5000.833654619545,4779.2795127908175
5001.292011560048,4788.77030909733
5000.684748281512,4798.393604961759
5001.977683645084,4810.143958623192
5000.082022137614,4823.41254915195
5001.255008973252,4828.807907472745
5004.529972320698,4840.496951092692
5002.771877055104,4851.872264061016
5000.7192785986645,4861.26272805946
5002.034909767302,4871.714433074234
5001.02976306386,4884.466652055373
5004.821307676001,4891.481897754651
5000.953170146618,4901.383896609751
5001.004981265189,4914.187019853454
5002.321966104373,4921.632540224915
5002.037225366131,4930.6189098022805
5002.474582508026,4940.952358132745
4999.759995995832,4951.542481787037
4999.804283048108,4962.079094681075
5001.403335634169,4971.771618151379
5000.172694243176,4978.34900243651
5000.995465532051,4992.702790339301
5002.324475553031,5002.985419823033
4993.279515719577,5001.929941630464
4982.002832516975,5003.509442542025
4970.810320317497,4998.786095150238
4961.714718598085,5000.130618174045
4949.0288247845,5002.91844931219
4941.686681429049,5003.343524848793
4929.465040806738,5000.911125354296
4919.219703457464,5003.392350257527
4911.427645685298,5003.948203920015
4902.374252057161,5003.52741086573
4891.490268321964,5000.8957324151515
4880.546757558752,4999.115589468303
4870.056609927298,5001.456313878873
4862.718876643838,4999.1537148852885
4851.156409551715,4999.5388576513005
4840.288077610292,5001.492119191762
4830.46758005266,5000.596651118996
4823.78341480575,5001.718399791622
4812.909529733305,5002.8829156641605
4803.280018094181,5003.723948902124
4793.5125319565195,5000.201890769728
4782.796578876034,5000.195794676152
4768.565749841236,5000.614061194831
4759.67250383238,5000.912678702929
4750.844438250938,5001.534792543725
4740.080285417805,5001.161293769507
4733.79382205926,5001.916039293346
4720.600714490163,5002.24143205228
4710.569536074177,5000.312849734691
4702.134160958336,4999.6836814908
4689.347266432873,5000.926959528315
4682.736620657985,5000.906628103465
4670.990146405032,5002.107378485214
4661.808635336839,5004.097239700031
4651.387164887179,5002.455422571133
4643.209635850003,5003.171279002858
4632.661227512635,5003.922970083155
4621.54966488334,4997.955682205484
4613.062031912895,5001.485475046122
4604.130062209677,5001.6708731852805
4591.592580006864,4998.324932364173
4582.086860008749,5001.330791785302
4571.777926907561,4999.619416043757
4561.564836624461,5002.800700132884
4550.825143064991,4999.716137690491
4541.202114049791,5000.905989717719
4527.480015996745,5001.257038976908
4520.614120726328,5001.74094098245
4509.227792960665,4999.038735238659
4502.1883592442355,4998.458701131631
4491.0609419147295,5001.427770619493
4480.4376709905,5001.246239485984
4471.207538934908,5003.697664536294
4459.831932023016,4999.321399050938
4449.796582929047,5000.645183553948
4444.132292988672,5001.507589516255
4430.911734814877,5001.537927878053
4421.331086978082,5000.950025407936
4408.362381062653,5001.904976272008
4401.525800760974,5003.295930102614
4393.1215266874815,5001.550039043831
4380.337164311964,5003.4704422030145
4370.9021146852265,5001.8389286398415
4360.259266719294,5000.264834801644
4351.318010758376,5003.531135302136
4339.722139672938,5003.190766670617
4330.0705020782025,5001.00955178256
4323.249530157873,5002.813496516106
4310.092808409687,5004.4930335486115
4299.553613779983,5003.343244019517
4291.1911286877985,5001.320041344901
4282.052666732905,5001.729838344303
4270.249118109093,4999.43582518654
4259.184004671195,5000.924876365152
4249.855938784849,5003.739165736639
4240.221065761958,5001.22747854991
4229.632899752497,4999.864285473532
4220.4556564833565,5000.927407834755
4210.323819261915,4999.700104912346
4198.157744442828,5002.404083248477
4188.940355051114,4999.518036936087
4180.189450452508,5000.55491499772
4171.510466552689,5000.058508159464
4161.830272715779,5001.684107306266
4150.189959649469,5003.210951144325
4140.740262313613,4999.329815509904
4129.751965625598,5002.743688723779
4122.73743471181,4999.768319871975
4108.858347553271,5000.817017042715
4100.510685483211,5002.879171694134
4092.5484105510604,5002.479042437023
4080.8019535336334,5004.485259100612
4072.018603660532,4999.47166636534
4061.840527017531,5000.81892309345
4050.5585246557694,5002.937437325563
4040.435738813171,5002.012034295558
4030.8840767345537,4998.320663905198
4020.059434404927,5000.008828465362
4012.5443417366596,4999.582082049048
4002.557631534638,5000.665478965152
3993.2203673510285,5000.879787272638
3979.2933360843617,5000.3165400853595
3972.005102793155,5000.592682792831
3958.77882020194,5002.904452799932
3951.3819359953336,5002.180116072624
3940.4554860296757,4998.992847645846
3929.549609512602,5001.175364589301
3919.519571667465,5001.258002042857
3912.6442251664607,5000.814371555201
3903.609605180408,5001.5749857022
3889.061752634521,5000.396408677954
3881.0706276876704,5002.862509199729
3872.034565826632,5003.7489299695735
3859.385914669087,5000.323174304907
3850.9607926860963,5003.671088771559
3842.8112468212153,5002.221626920195
3831.0267309054475,5000.34862274157
3819.4025832968177,5001.320269828111
3812.4475356725798,5002.647136171344
3801.6526538614808,5000.552624703679
3791.2649776878225,5001.033595932331
3781.2454637955907,4999.250117887432
3773.0649213018105,5001.6487461768065
3759.5736141411294,5003.920816909788
3751.6874731154185,5002.855932779913
3739.696052510474,5002.524196368464
3732.9582713932277,5002.419942731439
3721.0922865280777,5002.409941363295
3710.753204845517,5001.3624657730925
3700.0509439052867,5001.970418742015
3692.650557134365,5003.4336382845195
3678.9819454761237,5000.902455518982
3672.944416606032,5001.536854084947
3661.6723529085507,5001.310199704776
3650.3192276383115,5002.004362667247
3640.76253531937,5001.865699833492
3630.423095532886,5001.9455280667735
3620.1669356048733,5002.80617577011
3609.313620717411,5002.675134283047
3601.1712973941503,5000.823429016744
3589.9286941705077,5003.329007947272
3578.376426976273,5001.2422471184
3571.233346485673,5002.762420059887
3560.580608711377,4999.946369887854
3549.0823688723804,5000.160038726075
3541.679380276564,5001.994007360065
3530.081495889648,4998.975117864712
3520.2070077109483,4998.521832264841
3508.558143304217,5002.070015627972
3500.8301267104994,5003.696402318486
3491.9928255863665,5000.960491487239
3482.180333021795,5001.879451509951
3467.629332561367,5001.6035923342
3460.3251302252584,5001.735724275695
3451.5509922559586,5001.340638898773
3441.0667254990267,5002.914650402718
3429.105549044745,5001.256754285381
3419.959629057315,5002.783110077111
3410.3808946992813,4998.8643835646435
3402.2903374617363,5000.267129849174
3388.987562750721,5000.837302916994
3377.9934360064385,5001.151936159136
3370.5880701311044,5003.423249454938
3358.1229366890075,5001.070206624612
3350.804878324245,5002.7858607211265
3342.7491031558993,5002.019594040638
3332.602078388526,5002.070118725005
3318.2867616549497,5001.826657584844
3311.6237366543364,5000.236217168724
3303.2775044082737,5000.9237369497505
3290.746779090251,5000.595032264296
3281.1384776005084,5000.898064896778
3269.732089899767,5001.100890151896
3260.4004618754725,5000.171317314508
3252.035145902876,5001.470010316447
3237.872139736772,5000.892883487161
3229.6580042934256,5002.813489122651
3222.512167353362,5002.105626924849
3212.692779730361,5001.040260017333
3200.007152258094,5002.27533361819
3191.241446005154,5002.991533715538
3180.4183261972767,4999.3998445593925
3167.9667003675777,4999.79321655212
3159.5356724660255,5000.9221225712845
3151.239955492938,5001.921894983657
3141.3346945120556,5002.67417329826
3130.2473786545565,5003.638399987237
3118.698468185289,4999.634032047372
3110.115396558489,4999.445195088867
3099.5174613317936,5001.950657972424
3090.200407999827,5002.251899823931
3079.311926283533,4999.784356746322
3071.4581416419705,5002.848106151391
3060.070599976624,5001.037034706695
3049.3755855192994,5002.739416156286
3040.046389594041,5002.727615512724
3031.333938909741,5000.498544685322
3020.5711357841665,4998.790818889141
3012.140900699693,5000.993272381494
2999.841705377606,4998.503479843688
2993.143281949154,5001.946084407401
2979.2760867874904,5000.958301569859
2971.8833656045053,5000.738116560875
2962.631732647514,5001.470881364222
2950.4543123534895,5000.432682334717
2940.0066950392224,4999.436508856701
2929.98404210566,5002.047283057243
2918.2409873990605,5001.214849211047
2912.450504725132,5002.22896116622
2900.7362404929645,5003.096673488075
2889.027465137804,5002.028540695005
2880.140089307481,4998.889772674813
2868.9439545057276,4999.935405052699
2861.2130927126627,5000.188578832814
2849.1473717746685,5000.974042388222
2837.5511811063366,5001.156193701878
2829.6234399653517,5000.326801233702
2820.220921637023,5002.164769456331
2813.1538712168294,5002.258295511933
2798.7589271441043,5001.955483883738
2787.643504845645,5001.571743420362
2779.968173767177,5001.829648474785
2769.659070535611,5000.147804046253
2758.3848971168372,5000.0246075234445
2752.6848670281033,5001.925628342149
2738.6738448819456,5000.425394791659
2727.9697945132266,5000.202668836375
2720.1916445351753,5003.002575473691
2711.3455889283305,5002.1766108806805
2700.0003533882827,5000.715745369944
2688.869869287996,5000.71885428192
2679.7447724007848,5003.21594565747
2669.2168648728803,5001.00297361515
2660.5206613764935,4998.760874186457
2651.4592264492385,5002.909048136324
2640.913038869029,5001.906017316152
2630.186292527572,5002.518626569879
2619.3062329259287,5001.852176226084
2608.3229224375564,4999.57105620646
2599.7060769099835,5001.975725462566
2588.7818297853887,5001.15923842906
2580.9677506833505,5003.382899681595
2567.361326458892,5001.523926133915
2559.4983640611554,5002.0010476027055
2549.0813771552516,5003.5686416361605
2541.794620828052,5001.737012672116
2528.6799528745937,5002.326858970636
2520.6741822198596,5000.713202252026
2510.3012374890905,5002.0705305026695
2499.7100707376117,5002.809717790802
2491.128970454105,4999.694141770469
2480.700270836666,5000.972870578399
2468.2362623997024,5001.235498787671
2459.1477530024576,5001.26622117497
2447.548286010399,5002.280128918155
2440.84318565152,5000.598772046233
2428.397322757002,5001.707600057329
2419.906004402182,5002.817470929564
2411.077148976068,5000.3369622272685
2400.301586123781,5000.847119070268
2390.2084969955167,5002.695078998465
2382.157708790117,5001.459465679229
2370.608848905529,5002.133528302065
2357.1355181574218,5000.85719755741
2350.7410308067683,5000.338465523713
2340.48950821498,5000.914333128639
2329.3796976891817,5000.579596394598
2320.6912629692547,4999.09242028406
2307.681159918284,5001.642183045065
2297.897542537059,5001.372741322593
2292.6404364332625,5000.890944900186
2280.5853018370435,5002.8964534472925
2269.604900746715,5001.980072784192
2260.368710060385,5001.975227440496
2249.9319152712424,4998.903781805686
2239.111560819216,5001.232887960079
2231.690676320335,5002.047793663692
2217.0047282694077,5001.789527817498
2210.8952047477283,5001.088562978524
2198.464900999135,5000.395103931531
2187.7350878686366,5000.494736208873
2178.0680661781607,5002.06445913001
2167.6749091094434,5001.552796577001
2157.7219885083296,5001.056258001462
2148.808000303426,5001.098844312963
2140.6144086429094,5000.710867205267
2133.67390863744,5001.720636622746
2120.4590152827755,5002.031886253455
2110.127413438675,5002.359371316687
2101.975342236783,5002.538320871827
2089.4138998663525,5002.474990042712
2078.210096658472,5000.906104353124
2068.20527487455,4999.983129766946
2058.484331264712,5000.721393010546
2048.0537386566034,5002.250488915002
2041.050313828241,5003.054337778012
2032.3537116454102,5001.971978686686
2019.4216660832178,4999.646425032181
2008.620867119664,5001.712601067311
1996.8331913745694,5000.426517410484
1989.8142312112593,5003.014581223189
1981.5535604030194,5003.511313324398
1969.276829435934,5004.274084117575
1959.2922327057158,4999.292729584757
1949.0990695851767,5000.0153067952515
1936.8216070738492,5001.042140208683
1931.0836446882051,5000.1548860170515
1922.2372037297741,5001.934003471897
1909.5810176388802,5000.871435785539
1901.0386747383895,5002.4668363650035
1889.2736642534478,5000.104502736745
1879.9892951381019,5000.740743411154
1871.569200812672,5001.603947576424
1861.3195784615666,5000.610511046365
1850.3347133020231,5003.153647325269
1837.8945557262643,5001.380358784158
1827.582402548324,5001.213088074608
1817.8787642301147,5001.642463194743
1808.4043068012736,5001.445834633443
1799.6894667349766,5003.59499512874
1789.7831592858968,5002.703433696324
1778.8719017518324,5001.871799331942
1770.5539118638642,5003.391426470914
1761.8527360516637,5001.080358024758
1749.5431037636574,5004.089144760169
1739.0983153541526,5003.483342596101
1728.7325021749039,4999.647594376969
1719.103142457527,5001.943684861392
1710.0187739896328,5004.157872582904
1700.3169585736573,5002.87599779596
1689.35760714184,4998.802115022612
1678.1929381220607,5001.9817531334975
1669.7910883345476,4999.288824278184
1659.1427729206193,5001.955784517499
1647.6771692467462,5000.332806970048
1640.0042717237714,4999.195565468473
1627.9083153263136,5001.335843696679
1620.5740877242501,5001.927345845733
1610.8284702143978,5001.2239374199025
1599.7969200227471,5002.676034820957
1587.9036663346965,5001.135315146881
1577.9076585392065,5000.685885422385
1568.6066080316666,5002.537217994679
1560.8516824374938,5000.17646274775
1548.4798293178094,5002.825296561686
1537.2870065752109,5001.03436561889
1530.046322133863,5000.555465975915
1517.3010428271539,5000.922275831721
1510.5804988729312,5000.882830382862
1500.1029570186802,5003.45777392199
1488.390449323539,5001.278374245907
1479.2312581319968,5001.8434088473205
1469.4925618697002,5000.375856424504
1460.7326768140333,5001.019432889766
1449.5714925823208,5002.716407892292
1439.4717064797467,5000.954910083623
1426.4295577956595,4999.844572520884
1420.3813380855622,5000.747201908887
1410.8656523293473,5001.985484789573
1398.3329126331723,5001.795376709051
1389.998807858778,5001.0668665941985
1377.845594753338,5000.207298418957
1367.0240604481437,5002.589693489832
1359.740011323988,5000.3646220397895
1349.5484898468608,5002.427921119539
1340.9853385723195,5002.81562516826
1330.8489617530308,5000.396305674517
1318.928622743114,5001.240222692812
1310.6062126190686,5002.065746588103
1299.0486071280916,5002.658111788821
1288.3007184460853,5002.574869061476
1276.249481426365,5001.103036334404
1268.159578240871,5002.091836397165
1261.0881580598723,5001.954859110473
1250.5603570242447,4999.378017063909
1240.1007363336087,5001.588083557279
1227.8814381114662,5000.624850124084
1216.8775010054796,5002.30014210215
1208.7055539226164,5003.0246529865
1198.229690879959,4999.402181087473
1187.6189696897263,5001.078581998196
1177.2424864832637,5000.551003186722
1166.7433308970733,4999.771967330784
1157.73862969324,5002.148595182667
1151.2279779345245,5002.579110477622
1139.4106501774663,5001.24762554571
1130.37772009545,5001.0338444928275
1121.1834399207241,5000.313998547491
1112.3245022840438,5002.188799173371
1099.209434209754,5004.229682111593
1089.7031687092137,4999.897818227617
1078.961290541385,5003.2831619642375
1066.933337302388,5001.874791376331
1058.9924743269853,5000.434056526301
1051.8695848932289,5002.1743572474425
1039.6841076453525,5003.37577962586
1028.367581108635,5002.553842355464
1020.8167947422633,5000.781354179375
1010.1148145688446,5002.0528450454385
1000.3663740843795,5001.098986700945
989.9697942876055,5000.461318541438
979.5425230689593,5002.13896137238
967.8620797545682,5000.887924791835
959.4432775387322,5000.552333000371
949.5789306922695,5003.229695110407
937.5267714292327,4999.168812135755
931.0568256714573,5000.480703482444
919.3849970114875,5000.583948173466
908.7809288568851,5000.708550375891
898.5541794679805,5003.536249559311
887.4644947791799,5000.560209398751
878.7251771802371,5001.260088447788
869.2911497565733,5003.076830170821
860.0982917732636,5000.746288550373
848.6712696142188,4999.353682478946
837.4334447891422,5000.191705592872
829.6973016539503,5000.364035461665
820.1603353798641,4999.328263127307
807.803972815351,4999.611773624794
801.2272806149003,5000.346364183367
788.7499197032776,5003.692712260832
778.7722471077491,4999.057222752237
768.736312036963,4998.963470756455
757.2131145402502,4999.029663893894
750.6167539620312,5000.933388266218
738.4308020209642,5001.965346025223
730.6793277568809,5002.702333516812
719.8352308091689,5002.357059220579
706.6305384245743,5001.57728425952
700.6501815439401,5001.096325106732
689.3345349536935,5000.029425644458
679.9511356824141,5002.628302953511
667.408511253049,5000.7854961427865
660.7443646566471,5000.593176088441
648.8785385756053,5002.684286312949
639.1798330532113,5000.559211833415
629.6631294843623,5002.048337354225
619.3657216345944,5000.237869690642
610.6576534149156,5000.114784742852
601.651493209569,5001.669175225441
588.0452576064922,5003.009032002391
579.569506468835,5004.315473246728
568.2181196765291,5001.231755505669
561.2828245830469,5001.306474924701
548.5728283913511,4999.483793159461
539.1342310333405,5003.620637135687
529.4372195090796,5003.398145418596
521.2471823009539,5001.633577693981
505.73087591955436,5001.413485687264
499.16651056654155,4999.616298016109
487.78166212152064,5001.546924252686
481.989497476063,5002.624776736343
468.8993717469225,5000.628294204698
459.9360758676612,5001.47130938702
449.0063387134787,5001.81432152658
437.30861822020665,5000.760002616631
426.14761161672345,5000.594675005891
416.4648062376857,5000.280037689766
407.7558093049729,5001.508987708091
400.60601252943366,5002.584152720897
389.6941882518249,4999.580176163605
379.67752578316504,5001.7988272011335
370.1359765944976,5003.782166597861
357.3707277532005,5001.767557775855
347.22811622598033,5002.537295675875
337.08636267227166,5002.439974213103
326.9227347048982,5000.995683042664
317.5514325332713,5001.746460873713
308.90536825450727,5001.951496464179
297.3434331865674,5002.362300183742
291.48437036502264,5001.237087977411
279.748177729236,5003.409440263051
268.0824243395207,5001.877322335633
257.9500094487739,5003.656656389065
250.13008435333245,5001.215435867856
240.10677904709587,5001.244021925771
230.08513395145974,5001.956923408487
218.43850455393112,5002.937776147735
208.71367570376287,4998.964871235537
195.86795464431793,5001.736268157349
188.36111100852804,5002.034444597515
180.94377514310486,5001.310277325409
170.19168597402995,5000.572139587281
160.67152983834467,5002.336459474373
150.19337692647605,5002.020183892108
136.3594067574238,5002.039527756688
129.05804061343224,5003.197813429446
117.53392883858828,4999.278005706934
107.3681781594396,5002.869074665501
99.80374683737409,5001.260204945562
86.73852897090501,5002.24630385421
80.99143599663444,5002.1499950987745
67.93249642967567,5002.698662572913
57.68992367674423,5001.0802439876
48.29175509310994,5002.265029926464
38.572652326586194,5001.147922283277
25.94472650785633,5001.15265995304
19.591513271173653,5001.614653302058
9.558291680284128,5003.130092353813
-2.4536030675865277,4999.71891017712
1.2602530651429333,4992.027760012341
-1.1979839517262008,4983.061294967412
-0.6043986032202611,4970.046301523373
-1.8374245637680815,4961.798993981709
0.9794080666524678,4951.126746318734
-1.8777679930312843,4938.413136507681
2.0920784334323344,4931.86038983795
-3.2645063257718903,4921.617352830783
-1.3591540392833394,4913.461246711821
-1.8449176579331379,4900.270479755372
-2.1059120912209437,4890.679391313899
-2.013515999761239,4883.20473188412
-2.726335610864453,4870.985479839511
-1.8002001971017307,4861.498939955798
-2.2075007076907696,4849.44825714891
2.401262878393254,4841.808520284147
-1.1724742790918299,4832.220659997881
-3.504091352547448,4821.004491978074
-1.7973367394499746,4812.638706725818
-0.8929574531262006,4799.336073751249
-0.33474773628154253,4791.168513618332
-0.31818548731121155,4779.161291728369
-2.1505638701235057,4772.146663450746
-3.740530674994261,4760.76816225493
-4.031959949623797,4750.034369556095
-1.2053432905904629,4741.769919499516
-3.1981155549829055,4730.084245280645
-2.2355290047348717,4721.392531199602
-0.8421411666374752,4710.6029772557295
1.2611870325836207,4702.225838262881
-2.1839353209945784,4690.499284467451
-0.21393250460141644,4679.468419916139
-1.079389403224468,4670.07518646941
-2.0123432781404063,4659.612715214427
-0.8378979448302744,4650.855228190839
-2.1224607168176135,4640.267543579893
-2.421969270751333,4631.770846078938
-1.5439200669311504,4619.9706570541675
0.5343867643939575,4611.377570165978
-0.29728155676320966,4603.27093684944
-1.158425274957608,4592.833376998882
-0.6981761734152769,4579.057046159547
-0.38280583625032705,4570.701810980141
1.021254225182247,4562.437952278279
-3.3326858133384576,4550.323604149235
0.4429761396131653,4540.504232443336
0.744553380762909,4531.642231172313
-2.8066989815647503,4522.587988509563
-2.1577952002696748,4510.747238125685
-2.5964303709881733,4501.872282854969
-2.0050157843165834,4493.50370810315
0.11330965258957804,4483.642592663909
-0.4808707313920877,4472.833604848615
0.16380446742005006,4461.2699320396805
0.36352473093620574,4449.882655849314
-3.405364060150987,4440.937009107975
0.4481845814489134,4431.490585783883
0.5853853019809776,4420.644942401734
-1.3672828469100295,4411.757669202187
1.1642342517498037,4401.945830863257
-2.5191116118210175,4392.513596854363
-1.8404005945128574,4381.679153345096
-2.4238763422085867,4371.1554134164135
1.0488481478153062,4361.112110070411
-1.621032710674399,4353.117776218757
1.2375669563391511,4341.096127946183
0.7469442776334745,4330.711655909094
-0.5995022441334186,4320.9067178695705
-0.792567089956492,4311.767433109591
-0.5502177636030865,4300.509612167106
-2.37203129851855,4291.059729490076
-2.592443818654374,4282.0959465669675
-2.8834327081742686,4271.35322008694
-0.4973029020845843,4262.860737032555
-1.2661070511830985,4250.931294353117
-3.2635439085686357,4240.632239426931
-1.4364603447045283,4228.333824199379
-0.013877642492843734,4219.964288458734
0.7253666434348816,4211.0899179600165
-1.333340709722279,4202.780915386158
-1.1482271397571822,4190.431648154684
1.1442340919945764,4181.40472408325
-2.9574722142681367,4172.495573594637
0.2613782056259879,4163.099928837965
-2.3326076286446096,4151.865450370002
-2.2621446522625774,4142.0475193625925
-1.4234818064505816,4129.259838977503
0.02029623337875819,4120.1867166529955
-0.32072509241424996,4109.546967150945
-1.7526608239172674,4101.164074353083
-2.247973810331814,4092.9515451979605
-1.6686779771284819,4082.1196531252576
-0.08685325686087708,4071.2635411992574
-0.38720744328611545,4062.2000854854186
-1.7260748412390967,4048.4819553192374
-2.852593920190202,4039.7212163069457
-1.73802577815718,4029.7541838436546
-2.8089804382941566,4022.428225662722
-1.8228614685813227,4010.679057239382
0.13415662743159373,4000.2352755213956
-1.5161609307292565,3990.008978978937
1.4028458944510476,3980.8848998808344
-1.409112064351575,3972.218279896342
-0.8993651388766466,3960.5255843609325
-2.6328927312476935,3949.762440226254
-0.4413592855908064,3938.872719610228
-1.6014698501437579,3932.13723612867
0.18968824466469414,3921.086597541106
-1.166085707836828,3910.017989449019
-0.7118691320745256,3903.0059491915617
0.6833017265785202,3890.424150452233
-1.278543859253432,3880.030698229259
-2.0808977342612707,3869.5847380871555
1.525433621795628,3861.219057482942
-0.11198568081135818,3849.114998700944
-1.2877473808850937,3841.552857853215
0.473531077245525,3829.984378105797
-0.22367035183265216,3820.8321871037906
-0.9294541244823904,3811.832113687329
-0.4806218500259547,3799.8039325744053
-2.902843845671896,3792.4089309054275
-2.635410670168085,3780.4788016055536
-0.3302253241190556,3769.6294240163616
-1.4468076200269024,3762.0869441999894
-0.4027888064624676,3750.5250840033323
-2.3156257268085483,3739.854583478468
-1.1492119133051801,3732.2867907044224
-3.197894045030125,3722.2293543038263
-0.8801462136107148,3709.4818646965177
-1.663573712824018,3698.4382511342674
0.09836968702279592,3689.735092031826
-2.8179639493594095,3682.494750101485
-3.6394408590849707,3669.912643229245
-1.9799061375451856,3661.3712203519312
1.1688583900411231,3650.983617263791
-1.9848739964172637,3640.5946137509513
-0.24713844897246418,3630.36551814931
-3.715692732937441,3620.7257246656036
-3.48608985878127,3610.485876165627
-3.5152926355719956,3600.8894282532356
-1.5779009254529228,3588.9984767181686
-2.26710835452036,3581.7705814994956
-3.1854206821242315,3570.7147801939673
-3.5281652411122195,3561.639769238349
0.8428496213173275,3550.20489954242
-2.367894397752707,3540.5342989061683
-0.4037753604707177,3531.5718997444965
0.10616068084868857,3521.6392694257033
-1.737935830745755,3508.7570588550016
0.8911709114277073,3500.915584859652
-2.500866325105335,3491.5769085253337
-1.0914514545922884,3483.2470537055847
-3.2881690601223,3470.7744854606494
-1.8267610874929687,3461.1863565273343
-3.030499398194479,3451.254908857293
-2.1442867632815705,3442.0310741961944
0.2221232535107447,3432.501723839422
-1.3392082542168282,3419.588879662714
-0.0706987459263928,3411.5895463816346
-1.8374167074828165,3399.6243652010244
0.41242870988503455,3389.602243510826
-3.855639943382812,3380.534870283454
-0.8609394880022592,3367.903093896255
-3.054057854709299,3360.873592996707
-2.2308981174289784,3350.423487303729
-2.142766963618442,3340.971256302225
-2.2423725478643064,3331.5689319931635
0.33421794429386864,3320.4226161250417
-2.5863557439522538,3311.0011748296547
-2.9648031540486954,3300.1733713398403
1.7940334009565504,3291.0677666817483
-1.3170618101535183,3281.009623128465
-1.2693795533173216,3272.0302829685465
-2.5548285649790614,3260.475078961824
-1.1091065286927915,3249.5383866691454
-1.2598478560501007,3238.0061560616523
-0.36232459549205487,3231.6075993454197
-2.537810692038647,3220.664185456673
-0.7758940040296238,3209.31111767952
-2.0747591128517797,3200.4630729477303
-1.593560765117445,3191.038635252178
-1.1526528342935762,3180.697482349908
-0.3504673924023791,3169.950732299725
-1.4912067455088618,3160.283624412995
-1.8845342949073256,3150.892681785839
0.2322216746815684,3139.730945796312
-1.5088712841265988,3130.403398311635
-3.2338518570327324,3121.026826419817
-2.0916259440507474,3109.527426518008
-3.709676524831366,3099.7915028152725
-0.6973599476150412,3091.2544824685724
1.2521716917653976,3080.654832567627
-2.3984954388106416,3070.7976148030166
-0.4898679519076268,3061.465823794507
-2.861582790203329,3051.094582168273
-1.3632029800171495,3042.389666001921
-3.052126097428072,3030.551827091954
-1.6214219604926257,3020.659958602636
-2.3605063726713524,3008.6781864371396
-1.0499275439183293,3000.955021963333
-2.7382122738790713,2991.23724830002
-0.3624249404842885,2980.649927011556
-2.3114618273064025,2970.9871486919637
-0.995858655667007,2960.4101083092846
-2.702630104264699,2951.395538075889
-2.893419104358145,2939.795251637456
-0.4073940282703461,2930.0552646478145
0.19120840677032902,2920.352086441923
-2.0769944540659253,2911.2719802227807
-3.511246815106915,2899.785018069101
-4.231964344103517,2889.914197372944
-2.526331441845514,2880.1503679562907
-0.11031668653367888,2868.477216434211
-0.39860554588449304,2861.0890765389117
-2.1222900074737936,2849.9895475872945
0.47802060774233723,2839.4254654412953
-1.5719268981335972,2828.811170445302
-0.9902085161565992,2821.6729747722684
-2.8716291898483632,2809.9328902940815
-2.6368862843985426,2800.9649148325143
-0.48420254052939526,2790.434239861706
0.47044234683926334,2779.8588995928126
-0.38849418087170307,2769.009139381998
-0.7215662917287773,2759.404800506188
-1.8920322816463795,2751.262080853362
0.8965737878093023,2740.6818228628053
-3.692189176482998,2730.0843764395627
-0.9775316060704426,2719.4178874332115
-0.5621535051639057,2709.976100900858
-2.53347901478719,2698.361148131505
-2.1595261345346444,2690.2473767236893
-2.4418110406777487,2679.7925673070245
-1.8188935825423869,2668.4198928215715
-1.9815687766576957,2661.972616544736
0.11181314352847949,2650.485887666441
-2.4179771471794993,2640.9471110684826
-3.9801625451591462,2630.5642790551537
0.11565334232909663,2621.5620733265923
-0.5185624287983046,2609.239777968699
-2.62050384302529,2599.292550857709
-4.365379468006495,2589.642900104279
-2.135913364179032,2581.22128292644
-0.12935085406547842,2568.788207550099
-1.5443993890501133,2562.355666668972
-3.218687797773441,2549.17715748748
-1.1267877302693705,2539.072515380093
-1.2747866289975036,2530.5058695145
-1.8566587234016652,2521.1163742712915
-1.971592556933956,2508.0926663524288
-1.359551053157361,2501.237889615076
-2.553845532488822,2489.6526684969604
-2.0220180244715493,2481.833726335891
-1.1533868504146767,2471.757438557231
-1.8006458951755349,2459.2198683473443
-0.3140802184406084,2449.7531595027467
-1.9372742908224154,2438.034896047503
-3.0458203793933762,2429.28360086466
-1.2057777021695983,2418.8470583063595
-2.723846557881757,2411.4959530134047
-1.9828674139131408,2401.202722060438
-2.6704473119999648,2390.2055440231497
-1.7263974127814663,2379.1023406910645
-0.5550275848999036,2369.183715099201
-1.0137381291542624,2358.738441753213
-1.1378269672944725,2349.297468874536
-0.7459683146555562,2337.528934083952
0.6408862137179767,2330.0111276595544
-0.03432119376202536,2319.868689935612
-2.0680598887782935,2311.191910267507
-0.017514278807084338,2299.3146863943066
-2.3597548152509944,2291.2892280080296
-2.01252853985045,2279.0748919713196
-3.584449110828132,2269.933528752146
-0.9654837566562264,2261.0236318262014
0.7355740794026815,2249.752729581901
-1.4478872193972165,2240.156513225943
0.2071847272902687,2229.5504102601044
1.5958318852108277,2220.199319019384
-1.8059647712070728,2208.7085474089845
0.015018916233202617,2199.3866572559737
-2.9420653736308395,2191.32842390312
0.6973406640915982,2178.9468070571284
0.8400436695137614,2169.194767221631
-1.4847003128792267,2158.9880030087634
0.9829881694184905,2149.2045972726664
-1.8375037882572087,2140.301300148064
-1.5142526406167462,2129.1985817387013
1.6631998086968451,2119.595797728447
-0.5063035678913366,2108.7233827777773
-0.9906036573866004,2100.5393481633228
-1.6079565994432414,2090.9682402183703
0.03473573234248306,2079.343338663425
-0.8918363933186129,2070.85367712026
-1.3531235794408758,2060.704960946524
-2.9695159612512043,2050.314737339684
-0.3738926614325919,2038.6047994484152
-1.7612944412906018,2029.1269853971698
-3.0255434828425223,2020.3816828965455
0.7871811499700243,2009.237379777691
-3.8680959002936106,1999.7955141283005
-2.9901456840177616,1989.9876421632084
-1.7517198331125883,1979.7565472449862
-1.2874266515317458,1966.819174186887
-1.5005492620557561,1957.8312113841348
-1.962214414342725,1949.3098749641272
-1.630418552871106,1937.3503402543095
-3.4993191317505534,1928.7417277511413
-2.4977602291669427,1919.5669507967714
-0.28377796363372454,1909.2009024739307
-0.4033629698877803,1897.1044968634837
1.5120007829308406,1889.6096946313062
-1.9703368938919539,1878.2433632247673
-1.6406081291949022,1870.1095063810208
-2.1847451025975033,1857.2995568774568
-3.840037829442508,1848.9071974053402
-1.5180704613748048,1840.4069973380451
-1.6544474065509576,1830.9396736027356
0.38422701035096907,1820.6647877015812
-1.0147266489528874,1809.115985435001
-2.9020314858573784,1799.0078037516412
-0.5667789949447979,1788.580108337846
-0.04722106071187682,1780.5443453033117
-1.173805348910605,1771.1053503607968
-0.8441187789176183,1757.9249439058126
-3.507868861384736,1750.1352494443877
-1.1093604703195297,1738.5701180994179
0.8114703911162451,1728.8807100897188
-2.1135345123210527,1718.7192411378246
-2.402898484252205,1709.3634832673226
0.741913033448327,1699.9774426425097
-2.0599706320354016,1690.1778802163758
-1.690213163063845,1678.2534728190553
0.4443677732396054,1668.9358737081386
0.2404674127222961,1659.5210777018601
-0.44971538338813843,1647.8753120825727
-1.4661343877446598,1638.1398618525473
-1.7333076812261652,1630.7659889346733
-1.7790384263082615,1621.6555331436434
-0.09132273002069269,1608.8850470371544
-0.7414947918271082,1600.2308751644746
-2.233224791044563,1589.8283263337755
-3.302188416807553,1579.5974032891181
-0.06885900778900123,1569.6226509129524
-2.5845107755924346,1559.6950456318573
1.3703104363756893,1549.4071511492457
-2.519829378617601,1538.9414546747416
-0.5400461258658424,1530.2942355594462
-0.7485589129327082,1519.0044444403588
-0.2552166227978887,1510.8326054294819
-3.0192704130856782,1501.4069873460312
-0.9626103579520304,1487.0815707715199
0.8920312150712562,1480.1905013840042
-0.09264308125534626,1469.1420520346037
-1.7285658103093056,1459.0693322586267
-2.299931761587004,1449.4649414826708
-0.20729901475488077,1439.6725203178817
-2.459195238061625,1428.9974424841485
-0.8356189223475212,1418.1024982352974
-3.061869335763049,1410.1859322539558
-0.3998095534203685,1399.4319119119032
-2.0129391901004965,1390.4114883784937
-0.5665399430091611,1378.328567549716
-0.4423688031886286,1369.3552027482958
-0.12172133326748735,1360.3229765487865
-0.5313068796250491,1348.6424557110163
-0.08491145295067781,1338.2147023039688
-1.3162228514152048,1329.2669678526117
-2.126886965868266,1320.641593454323
-0.8920360949878159,1307.5946116887565
-2.3042355179840115,1300.1679675367936
-2.259631781735834,1289.6872606841494
-1.0225240469077335,1281.0604316751687
-3.0527117438681444,1270.040836789453
-0.26464751738717496,1260.0356072892523
-2.800073999532003,1248.994163693339
-2.542718410393036,1241.059249354601
-2.505214503068146,1229.8384929208955
-2.0772230123009194,1220.977890831728
-2.014653556026815,1208.124119509776
-1.9694062014810356,1198.149606157663
-0.7856401177002112,1190.7563882250574
-1.4554978632590974,1179.9789616290666
-0.9502916156399124,1169.6873052562153
-0.8842093153311907,1160.7133375406208
0.42061746531425115,1147.9554867527047
-2.137777738419402,1139.3545819131698
-2.1636187929229322,1129.4277001467115
-1.1481009980981298,1119.1626367564068
-0.590826973603555,1108.3158471893094
-1.6267079407894585,1100.786238049905
-1.504254700190586,1090.8041860313601
-0.591874556444111,1079.2609990732449
-3.1919352846722973,1067.7925159372044
-0.31938656579018243,1059.3781346162837
-2.6724439881533613,1048.658591151747
-3.1811016155049288,1038.8622533916575
-1.9477923140404982,1028.8456286936196
-2.4744424985086653,1018.3492303115617
-0.6830437518168537,1009.5356353947684
-3.1164850055932902,998.4619947693144
-0.2611288972303214,990.8557799050963
-1.846118455757562,978.3108180686384
-2.166420290336589,971.1897849542997
-1.5115934085140452,961.2456422943249
-1.130951187890389,948.9625298364477
-2.773148303538278,938.7020006962603
-3.460807602989405,928.1707833890296
-1.6598403393882677,919.6753860268556
0.3121350827270817,908.6197992264509
-4.187758913545338,899.8222179052278
0.0041280439970137195,887.8801730352227
-1.3862779550942719,879.498937251171
-3.8284668873590135,869.1147437651235
-2.5311235720760124,860.3877879157842
-1.4677067663380967,851.132951452106
-0.46387002977911607,837.5783064436432
-1.8686295186897155,830.2826977774994
-0.8978552786249452,819.1258183125158
-1.0082013568730304,808.8003281117966
0.2280055901123319,799.006763559725
-1.1765110560804715,788.3608510894481
-1.9125028594825153,778.5102779299717
-2.4192410468948538,768.2447653853746
0.3000851541530096,757.4448612637145
-1.7034225249728365,749.1125483568967
-3.565396584423979,737.9296846243471
-2.066597286949161,728.3634085935316
-1.759455965092343,717.3184687017883
-0.9003540170729138,706.5040401184594
-1.8855501590250583,697.5325659958829
-1.8733102151177263,688.1170343833373
-0.5034368291227906,676.6988499146306
-4.1766742499497695,668.2123975944469
-2.2562447143674262,657.9797809523332
-0.8315035710487564,648.3900240893784
-1.673045887963184,640.537286108626
-1.1188590760617672,627.2040468997017
-1.7426763475473876,620.4970500776593
-1.4446922497458559,606.9843804260014
-1.6162079164241163,598.3669398331434
-0.3733167737942722,588.0150597264967
-2.7572022679910333,578.0678971823918
-3.626171603891464,569.1274617279082
-1.2413377156297543,560.3198265358096
-1.5446262096596968,551.2615657248502
-1.114964771255643,539.5064525612706
-2.322454796066154,527.1009150322736
-2.0603560252853583,518.6173636310253
-0.3413016769320052,509.4495477196952
-0.41250473977589763,498.38697266860004
-2.352041968288262,488.5859557679808
0.37376698523812024,477.53318709443755
0.00539947530239715,468.8961084572532
-1.4694593141864516,458.4263840673693
-1.7168959006659463,449.6603221102138
-0.5186958948604001,438.9304484423812
-2.669397908079304,429.1197127727377
-3.4334188474198015,417.97092045471464
-0.23434821552984886,409.6823148646037
-1.4990527050924243,399.20829711395095
-2.836825764324317,389.613010561094
-1.4711697954685121,376.0115676768338
-1.993720848224001,369.12959367844576
-1.236128646534297,360.5984472361104
-1.1491669913891371,349.1849539632949
-0.296873358437324,338.57856557529135
-3.1495543282064205,329.1495655338558
-0.32297886533133635,319.9858835074747
-1.7636829642270442,307.4203838360131
-2.6767925046497822,298.8276591836365
0.011849084335409543,288.89244632294185
0.657708421754478,277.98635899029136
-2.6649945189479496,269.66039773229437
-0.17198840502516077,257.3255736657494
-0.19682396648124723,246.36059969903113
-1.9471623863550747,237.53216406226122
-3.7684341305673428,228.81546010076204
-3.312780897339522,219.80704035414504
-1.5156258165985435,207.88489736524286
-2.3103606721544168,196.96061098590593
-1.47083318058948,188.06939933651668
-2.05667865909777,177.3383710284815
-3.272813572398803,167.22637059612254
0.020665281471245578,158.85000163653098
-3.3351943891180653,149.08640851565747
-1.5212594923191247,137.5389352513989
-2.4587437697018046,127.64054808345072
0.4178951300944007,117.72243770087384
-0.8118247814391211,109.46547260466204
-3.763368804536732,98.34225431881012
-1.4284910202934498,86.73251169346072
-0.7651407208213215,75.62235576576334
-1.3015924009937478,70.27799288235647
1.4794478160127795,57.89336721311949
-2.4890310717517075,47.92072964439788
-3.4465341561277842,40.00769916731404
-2.568052315465806,28.47657358740611
-1.0714046712112983,19.19467044970778
-1.6744382241082096,9.350365502853318
-2.443234500246433,1.1306744195579863
