30.91,16.88391
42.80783,13.492703
40.78217,2.9983373
48.504173,0.821501
59.943645,-1.2583286
70.86202,-3.797002
81.40065,-3.7454069
92.06184,-8.271597
102.02944,-9.747818
110.313225,-7.958934
134.10204,5.440749
146.88574,1.2883172
145.01729,-13.239868
154.23082,-13.799146
162.28862,-14.791862
173.15916,-13.497845
182.88277,-15.60133
193.5418,-13.742298
203.10484,-15.359074
212.13255,-15.790165
234.14671,0.97617507
246.53159,-5.968511
243.58698,-16.591213
253.15173,-16.181543
261.07928,-16.423315
270.42142,-16.583466
281.18335,-16.676262
290.8104,-16.27773
301.83792,-17.069391
310.18182,-17.473959
333.0822,-1.598373
344.5895,-8.426644
343.18604,-17.490274
351.5351,-16.814991
359.7947,-17.022825
370.74915,-16.851797
384.18875,-18.762463
392.02393,-17.12434
402.40906,-18.811934
414.82843,-17.831772
431.70535,-2.1465123
446.57587,-8.499622
446.11328,-18.978268
455.93887,-19.299538
464.38046,-18.970966
477.10852,-20.546988
486.31244,-20.145998
494.05612,-21.013468
505.30545,-21.018013
518.98553,-20.902828
532.5514,-3.2753496
547.91565,-11.059902
549.43274,-21.262989
559.50616,-21.145046
571.0652,-22.496283
580.8967,-21.005497
592.59796,-21.464415
602.67065,-22.861511
611.91766,-23.047104
623.0009,-23.030489
638.28265,-5.2936
653.20636,-13.025999
657.3525,-24.16171
663.9221,-23.117512
677.7326,-23.271404
687.9827,-25.667921
698.4868,-24.113432
708.7565,-26.487038
718.7415,-23.392216
729.83997,-24.897232
740.78406,-6.5589695
757.7335,-14.623404
760.77686,-24.518372
767.3425,-23.527294
778.64087,-23.994148
789.2041,-25.237986
797.06274,-22.10915
805.0503,-23.55635
816.0556,-22.09112
824.6731,-24.377964
833.6757,-3.4058838
850.02435,-14.850199
853.44867,-22.164099
862.801,-21.65459
872.43463,-21.231398
883.00867,-21.833628
891.74786,-21.757633
901.529,-22.496841
910.5266,-23.103878
919.2437,-20.55727
929.21204,-1.1023879
945.19476,-12.055859
949.9199,-20.428411
958.5489,-19.759686
968.63965,-22.565908
978.12006,-20.31248
986.9722,-20.7486
996.97345,-19.169264
1007.7801,-19.744709
1016.686,-19.352808
1022.8889,-1.3219192
1040.0747,-9.524077
1046.5577,-17.803387
1057.2576,-20.422115
1065.9003,-19.091219
1074.7631,-18.269978
1085.2502,-18.707811
1095.3193,-17.443747
1106.6425,-19.08116
1115.3063,-17.005056
1118.674,-1.1076405
1137.0713,-8.670613
1144.5178,-17.004982
1153.0009,-17.009377
1164.2937,-18.62999
1175.0162,-17.6052
1183.7196,-18.221773
1195.0723,-17.741247
1205.2106,-16.599222
1214.3839,-18.61967
1213.3973,0.968948
1235.3682,-8.898526
1243.5417,-15.824884
1254.6271,-17.992779
1262.2666,-17.90192
1272.8348,-16.74898
1282.8525,-19.074678
1291.6201,-15.938059
1304.129,-16.94575
1311.8683,-16.36941
1312.2988,1.6333163
1334.4243,-6.6941233
1343.1533,-16.369299
1354.2804,-18.07969
1364.8236,-15.819594
1372.4387,-16.748793
1384.8278,-17.84891
1394.3705,-16.999096
1404.868,-15.570894
1416.3053,-17.833635
1411.9559,0.95531344
1434.3607,-7.547289
1446.8008,-16.402714
1455.429,-16.518793
1465.3055,-17.96361
1475.7592,-17.7899
1484.2611,-16.238913
1496.9851,-15.372485
1508.6636,-17.04082
1515.8716,-18.519163
1512.2235,0.06958842
1534.7025,-9.572916
1547.9028,-17.153471
1558.1366,-17.111525
1569.2078,-15.4821205
1580.2218,-16.146898
1588.6315,-15.830472
1600.2664,-18.508211
1608.3878,-16.150103
1619.3264,-19.320362
1614.4001,0.33602118
1636.2119,-8.788593
1651.7672,-15.977547
1661.5415,-17.69498
1672.6093,-15.7623
1682.2617,-17.513783
1693.2031,-17.267242
1703.0793,-17.448515
1714.5881,-19.434093
1725.4147,-16.624107
1715.8893,-3.529638
1741.7991,-11.901595
1757.0793,-16.961657
1766.2719,-18.099398
1777.3694,-19.042976
1786.9127,-17.30159
1797.2341,-17.846115
1807.532,-19.955374
1819.1388,-19.846521
1831.2523,-19.903257
1820.1876,-5.0470977
1844.5128,-12.043491
1860.1113,-21.34621
1869.7006,-20.102337
1882.6583,-20.590052
1891.979,-19.551664
1902.6279,-21.124073
1912.8209,-20.443947
1920.7325,-21.556467
1931.7731,-21.717325
1923.8788,-9.582117
1945.6443,-15.460663
1960.783,-21.244585
1967.8748,-22.463686
1979.5004,-19.245073
1986.7653,-19.539297
1996.6361,-21.209307
2007.3632,-21.170527
2014.3524,-19.771717
2025.6227,-20.805
2018.404,-8.747615
2039.8077,-12.253038
2055.8975,-19.448399
2065.623,-18.715897
2074.9424,-18.859655
2083.7786,-18.134974
2094.5671,-18.04471
2105.522,-18.716604
2112.879,-19.20715
2121.521,-17.637163
2112.109,-5.9267135
2134.9949,-13.328865
2152.5366,-18.805637
2162.6704,-16.465485
2171.5486,-17.037205
2181.4949,-18.323734
2190.4365,-17.907917
2202.0713,-17.22917
2211.7468,-15.815049
2220.7537,-15.987121
2210.3086,-5.872659
2230.6482,-11.229813
2251.303,-13.682283
2259.8508,-17.032436
2269.371,-16.793459
2279.0906,-16.227848
2288.3416,-16.693548
2299.5117,-16.210266
2307.7039,-15.296004
2317.9736,-16.212725
2307.4475,-6.4041095
2327.6536,-11.696257
2347.6345,-15.649944
2356.4539,-14.89196
2368.865,-13.468936
2377.388,-16.509146
2385.1567,-15.871376
2396.155,-14.777109
2407.0076,-14.6306305
2417.603,-15.056729
2403.96,-6.563179
2425.0137,-10.077916
2446.7874,-13.710633
2455.2756,-14.106258
2466.6895,-13.582632
2475.5476,-12.999177
2486.1013,-14.307835
2495.5623,-15.569255
2506.3083,-13.235397
2515.0134,-15.132316
2501.9666,-5.4013357
2524.4792,-10.877177
2544.972,-13.300069
2554.9924,-12.777596
2565.1995,-14.886446
2573.4304,-13.375022
2583.2373,-13.482719
2595.536,-15.357807
2605.698,-14.829784
2614.3167,-15.369728
2602.0435,-4.750788
2620.5962,-8.72653
2643.4243,-14.552474
2654.2407,-13.142414
2665.3354,-12.094826
2675.6543,-14.226884
2684.5852,-12.974403
2694.213,-13.208687
2703.857,-13.215467
2715.3213,-14.726259
2701.0693,-7.332973
2719.6348,-8.967892
2743.1184,-13.25991
2754.5662,-12.815222
2764.66,-12.83329
2774.545,-14.988668
2783.6091,-15.563108
2793.779,-12.678951
2803.364,-14.654249
2812.9797,-15.966818
2801.1965,-8.407645
2819.6497,-9.199381
2842.783,-14.796331
2855.4905,-12.715719
2863.1953,-13.888143
2873.002,-14.334731
2885.0046,-13.075061
2895.254,-14.76869
2904.4333,-14.156401
2912.8433,-14.777258
2899.4373,-10.605343
2918.3125,-10.884963
2943.9268,-13.558902
2953.742,-14.613122
2962.5576,-15.853829
2973.0098,-16.826689
2984.156,-14.771596
2995.3965,-15.737675
3005.9817,-14.5553055
3014.2163,-13.222173
3001.3245,-8.838922
3019.895,-10.160022
3043.9302,-14.161468
3053.6875,-14.825277
3063.5205,-14.14232
3074.1477,-13.012998
3084.7397,-14.597625
3094.1055,-13.957024
3105.8362,-13.94134
3116.2043,-13.241395
3101.6865,-9.417087
3118.8967,-9.691342
3144.3696,-13.831854
3154.878,-13.347194
3166.5405,-12.8286705
3175.7852,-14.818907
3183.8545,-13.9170885
3196.446,-12.782067
3206.6448,-13.7766075
3217.9924,-15.355759
3204.2012,-12.480318
3219.906,-11.623949
3247.4563,-14.4365425
3256.3098,-14.271959
3265.2234,-14.447458
3277.6428,-14.336258
3286.5754,-13.348423
3297.9534,-15.03963
3306.0845,-14.084726
3316.6072,-14.679655
3304.5234,-14.130995
3321.266,-11.881441
3348.4536,-12.72481
3359.6978,-14.852546
3367.9946,-14.5265465
3378.1152,-16.904734
3388.61,-12.962744
3398.4348,-13.981313
3407.3677,-15.827529
3419.1743,-15.276112
3407.1963,-13.651475
3420.439,-11.515096
3450.153,-13.060644
3459.7656,-14.103241
3468.177,-15.878007
3479.8047,-15.949384
3490.5776,-14.37664
3501.108,-15.897155
3510.342,-15.397966
3518.7576,-16.371124
3507.3115,-16.60198
3520.2434,-12.2696905
3551.437,-15.154928
3560.5833,-16.344114
3570.4275,-15.315041
3579.686,-16.730875
3588.0632,-16.788729
3600.8552,-16.920492
3611.1145,-15.718341
3619.8293,-17.951504
3609.326,-17.763489
3622.7068,-15.613362
3649.4917,-16.917213
3662.2336,-16.887001
3670.6296,-19.453651
3679.386,-18.699392
3690.3677,-18.212275
3700.5903,-20.054691
3709.3816,-17.356352
3721.6816,-18.62228
3711.3733,-19.579903
3724.0535,-16.842709
3753.6348,-17.893053
3761.658,-18.720924
3772.456,-17.482191
3782.3462,-20.167456
3791.143,-16.942099
3800.298,-18.652678
3811.3098,-18.935875
3821.061,-18.035248
3816.4167,-21.70302
3825.2634,-15.532039
3853.001,-17.318838
3864.558,-19.204245
3874.1265,-19.448698
3883.305,-19.882246
3893.5916,-19.699038
3904.1458,-16.953238
3916.3503,-18.962994
3923.85,-17.160326
3915.7424,-23.043453
3922.5334,-16.199648
3954.7375,-17.690882
3964.6057,-20.056702
3973.5823,-18.628613
3984.5063,-20.32183
3995.8176,-18.006489
4006.091,-18.333868
4013.8875,-20.570978
4023.8909,-18.791258
4019.0706,-25.48106
4026.049,-17.92647
4054.688,-20.401701
4065.2495,-19.888506
4073.2163,-19.783527
4085.2537,-18.292814
4095.079,-21.289438
4103.755,-20.314157
4113.942,-18.026606
4125.087,-20.692759
4120.9487,-27.429163
4125.7183,-16.757847
4154.8687,-18.222853
4164.6626,-19.110628
4176.833,-20.439625
4186.7354,-18.806755
4194.9717,-19.281134
4205.5703,-21.011345
4218.107,-18.197819
4227.563,-18.865242
4224.0645,-27.29766
4224.201,-18.872358
4257.3438,-15.129484
4266.741,-19.623041
4277.0327,-19.08563
4287.541,-16.922094
4295.798,-18.38237
4307.8027,-15.289299
4315.6157,-18.939526
4326.0757,-19.47768
4327.1216,-27.427227
4325.712,-13.57384
4355.7993,-16.158447
4368.075,-17.651804
4374.337,-20.451025
4385.9873,-17.344131
4395.953,-18.617958
4404.4497,-19.319729
4415.9644,-16.808956
4425.7666,-17.123371
4425.5264,-26.687422
4424.115,-17.096773
4455.541,-15.616976
4464.9946,-18.087254
4475.0396,-15.913546
4483.742,-18.894152
4495.1753,-16.660019
4504.63,-15.295036
4515.5635,-16.040989
4525.186,-18.688292
4529.086,-27.188883
4523.7554,-14.4891815
4553.8584,-14.688521
4563.468,-17.965212
4572.6387,-15.350841
4582.0933,-17.681494
4593.3027,-17.463974
4603.8936,-15.661716
4612.444,-16.316847
4621.9985,-15.400499
4629.9395,-29.258207
4620.3003,-13.135597
4651.7803,-15.885457
4661.0317,-13.749264
4670.2637,-14.799386
4679.7803,-17.817356
4691.7285,-15.018657
4701.8896,-12.198128
4711.6514,-12.527108
4722.1304,-12.377128
4728.846,-26.903004
4720.795,-11.029914
4749.696,-11.90722
4759.3228,-14.053173
4770.818,-11.64861
4780.7534,-12.901574
4788.407,-12.887791
4796.5938,-13.661161
4805.8877,-12.613162
4817.5176,-12.924969
4829.975,-23.83478
4816.036,-7.6851993
4848.655,-10.067373
4854.9966,-10.014661
4862.9893,-12.353584
4876.6084,-8.097142
4884.867,-10.975189
4894.335,-11.768415
4903.8667,-11.63274
4910.3306,-10.128096
4926.859,-25.059582
4913.0327,-7.8807774
4942.9043,-9.420291
4951.522,-8.959025
4961.1045,-9.794198
4971.512,-8.45857
4976.2905,-6.5318866
4987.503,-4.7503786
4991.753,-2.6977806
4996.524,-1.8256531
5005.486,-10.682978
4984.961,12.829751
5000.596,25.139526
5001.3506,33.24192
5000.988,44.377373
5003.0986,51.373318
5002.6484,58.987923
5002.08,70.31262
5003.597,78.46534
5003.093,87.77492
5012.3228,79.10889
4992.3203,100.82282
5006.212,116.1433
5004.742,121.5869
5006.724,130.2573
5005.742,142.92638
5006.5605,151.07652
5006.06,159.66281
5006.793,170.61227
5007.3076,176.67004
5018.389,173.54185
4995.866,191.51749
5008.916,206.92316
5008.9116,215.55606
5009.692,224.45508
5010.1616,233.64343
5009.0986,238.96443
5010.106,251.07112
5009.228,261.647
5009.922,271.6417
5023.9917,274.06696
4999.1606,290.73303
5010.343,305.65652
5010.0537,311.83145
5010.267,319.86923
5011.1157,332.43704
5010.2563,343.15515
5010.9204,356.56815
5010.3003,358.36597
5009.8687,373.0629
5025.1855,377.12057
4999.3257,390.23575
5011.3364,406.14224
5009.7656,412.5561
5009.951,422.8687
5011.124,431.26834
5011.0186,439.65512
5011.486,452.146
5010.8965,462.76434
5011.808,473.57202
5029.788,481.01303
5000.568,488.05258
5012.575,508.99084
5012.7734,513.656
5012.9224,521.50836
5011.745,536.68713
5013.9443,546.591
5013.6187,551.96094
5011.8213,565.60754
5013.966,576.19116
5030.4346,584.95264
5003.303,596.88055
5014.4253,610.3594
5014.7114,616.2671
5014.7725,626.7284
5013.917,637.74335
5016.3857,647.9077
5015.7954,658.6947
5014.5005,667.677
5016.172,679.54004
5035.439,689.04114
5003.963,694.23346
5016.949,706.81244
5016.5005,722.608
5018.1265,727.5964
5017.063,741.82965
5017.255,752.97284
5018.589,762.77496
5018.514,774.0091
5017.765,780.5113
5040.8423,800.58014
5008.2227,803.40204
5018.4316,816.06506
5019.421,823.0004
5019.271,834.44586
5018.5,844.4125
5021.5674,852.1841
5020.657,867.3713
5020.922,875.91534
5020.273,886.28455
5042.667,904.80597
5012.45,903.393
5022.961,920.1258
5021.1997,928.6773
5020.55,939.0942
5021.8574,943.9276
5022.061,956.60895
5019.196,965.75244
5020.2817,974.34717
5018.7485,983.36066
5037.983,999.56915
5010.069,1002.7729
5018.5073,1015.49506
5018.627,1025.899
5017.367,1033.7355
5016.2534,1043.6827
5017.934,1052.153
5016.9136,1063.1129
5016.1855,1075.0172
5016.4683,1082.3794
5035.7407,1101.723
5007.3037,1101.8474
5015.9253,1111.9908
5015.963,1118.7225
5014.3267,1127.275
5014.0957,1137.179
5014.1226,1147.6853
5013.8066,1156.7169
5013.781,1172.1769
5012.9067,1181.9553
5033.4556,1199.711
5004.6597,1200.3435
5012.812,1206.0935
5012.8345,1220.2349
5012.096,1226.534
5010.4775,1238.3546
5011.3296,1248.5343
5010.419,1256.4763
5010.298,1265.6888
5010.317,1274.6394
5031.3335,1298.7593
5003.2173,1296.8403
5008.5024,1307.4252
5009.148,1319.3071
5009.0605,1327.8142
5010.1064,1337.8257
5010.0366,1345.5128
5009.0894,1356.175
5009.129,1363.9691
5007.503,1377.3904
5029.695,1398.1802
5000.8228,1394.1309
5007.371,1408.6738
5008.1875,1415.6323
5007.7505,1426.6642
5006.6055,1436.0444
5008.2397,1445.2955
5007.4155,1455.1741
5005.9272,1465.6571
5006.6924,1473.4727
5028.8135,1499.2532
5001.3306,1495.0543
5007.6997,1505.1228
5006.5337,1516.4108
5006.758,1523.4069
5006.0464,1531.8368
5005.6367,1542.9557
5006.5767,1552.0327
5005.21,1567.1157
5006.427,1574.487
5027.8677,1601.3995
4998.8423,1595.7999
5005.4688,1607.1483
5006.3027,1612.8828
5006.412,1624.8584
5004.0693,1634.084
5004.874,1644.3634
5006.2944,1654.4423
5005.6387,1663.6543
5005.858,1673.3704
5027.866,1702.0286
4998.8013,1696.6719
5005.691,1701.5454
5005.4766,1715.8312
5004.21,1727.278
5004.8696,1737.81
5004.7407,1746.9854
5005.2964,1758.3602
5005.6006,1767.1373
5005.301,1779.0562
5028.015,1805.9608
5000.3647,1795.4972
5005.9443,1803.9567
5004.697,1813.4114
5006.103,1826.438
5006.378,1835.9503
5005.0146,1846.6968
5005.3833,1859.6273
5004.935,1866.8043
5005.736,1872.7678
5029.4883,1905.787
5000.5635,1898.3081
5007.4224,1906.2793
5006.3623,1915.6417
5005.415,1928.2455
5007.018,1937.9241
5007.203,1945.5653
5006.2764,1953.6084
5007.1484,1968.441
5007.8535,1976.9814
5029.838,2008.7505
5002.3774,2000.3679
5006.8643,2007.9026
5007.2056,2017.3016
5006.178,2030.4128
5006.354,2035.7427
5006.862,2045.6299
5006.5806,2059.129
5007.7974,2064.7207
5006.7373,2077.391
5030.525,2107.7292
5002.161,2101.6162
5007.021,2108.5002
5007.8545,2114.7903
5006.511,2128.733
5007.864,2135.534
5006.4736,2149.0925
5006.1064,2155.4692
5006.0117,2165.8435
5007.534,2177.8208
5028.3354,2209.7612
5001.5073,2199.7476
5007.0073,2205.4631
5007.5986,2214.1704
5005.6885,2227.1724
5006.477,2237.832
5006.885,2245.481
5007.9067,2257.118
5005.2666,2267.235
5006.427,2274.683
5026.3535,2309.959
5002.4336,2299.355
5004.6255,2306.5876
5005.96,2313.2024
5006.009,2325.2837
5004.699,2335.3694
5003.8296,2344.9478
5005.32,2353.6218
5005.0537,2365.2158
5004.904,2373.9756
5025.669,2406.1987
4999.861,2401.9902
5005.1816,2405.4985
5004.33,2412.4312
5003.1797,2423.3086
5003.4146,2434.4602
5004.546,2442.743
5002.318,2454.5667
5003.033,2467.3367
5003.9585,2475.269
5024.285,2509.0916
4999.5254,2502.715
5004.399,2502.8079
5003.231,2514.1675
5003.245,2525.4905
5003.871,2536.3005
5003.0493,2545.4873
5003.8457,2555.5266
5002.9204,2566.5063
5003.6104,2572.634
5022.899,2607.223
5000.457,2601.6277
5004.459,2604.875
5003.6978,2612.4382
5003.187,2623.515
5002.331,2635.6558
5004.3853,2642.8174
5002.1274,2653.801
5002.7593,2664.4424
5003.753,2671.6116
5023.863,2708.2024
5001.723,2699.7764
5003.612,2705.567
5004.3857,2711.8677
5004.48,2725.0347
5003.827,2733.4333
5003.085,2744.42
5003.0293,2751.8982
5003.501,2763.2034
5004.059,2770.7112
5021.5576,2808.3904
5001.471,2800.8435
5004.8564,2802.478
5003.683,2814.959
5002.4004,2826.1033
5002.9707,2835.0615
5001.786,2844.3772
5002.947,2854.4116
5002.495,2868.4575
5002.08,2877.431
5020.2217,2910.1243
5001.29,2901.907
5001.5464,2906.3577
5001.635,2917.2874
5003.5166,2925.6492
5001.5645,2938.3071
5000.708,2946.0017
5002.102,2958.5288
5002.436,2964.2417
5000.369,2979.5752
5018.29,3012.7964
5001.6777,3007.786
5002.4233,3009.1565
5001.339,3016.7297
5001.056,3030.7898
5000.856,3041.4197
5002.1426,3048.8428
5001.0986,3059.4792
5000.756,3069.5232
5001.7896,3080.6526
5015.933,3113.9312
5000.6865,3110.2986
5001.5693,3113.2397
5001.8423,3118.9712
5002.9814,3130.4854
5001.7017,3141.929
5001.823,3148.2502
5000.823,3162.6067
5001.509,3174.8923
5000.9014,3181.0308
5016.18,3217.4268
5001.4336,3213.9937
5003.2754,3209.6367
5001.6074,3222.7861
5002.6187,3228.8184
5002.4595,3240.1143
5002.7817,3248.0889
5003.031,3262.5232
5002.426,3270.7878
5003.863,3279.6707
5016.9272,3311.456
5003.535,3311.1934
5004.192,3308.2717
5004.03,3320.7761
5003.962,3331.0857
5004.871,3341.2908
5004.095,3353.6343
5003.7637,3366.3557
5005.097,3371.4946
5004.9585,3381.3196
5017.628,3413.3896
5004.993,3417.481
5004.5293,3412.6243
5005.656,3424.3784
5004.927,3435.727
5006.2925,3441.1511
5004.991,3455.5312
5006.9517,3462.415
5006.498,3473.2815
5007.9775,3482.139
5018.1084,3510.4182
5008.154,3516.5151
5008.6914,3512.3384
5006.7734,3525.1426
5007.87,3536.344
5009.725,3543.1853
5008.777,3553.8
5010.1475,3559.9402
5010.6455,3571.2585
5008.852,3581.9238
5020.5493,3607.8079
5012.2876,3617.3284
5011.8804,3612.8057
5012.222,3622.2915
5010.763,3631.6035
5011.542,3640.9536
5013.6787,3651.4375
5012.62,3659.8792
5012.332,3672.7175
5012.9355,3684.7473
5022.2915,3708.6863
5015.454,3719.8333
5015.5747,3707.7234
5015.3477,3717.7974
5016.488,3729.5654
5017.0205,3741.4338
5015.3677,3752.4268
5017.614,3756.3208
5017.867,3771.8682
5018.1616,3780.0083
5024.6836,3800.461
5020.9277,3818.4014
5019.948,3804.9338
5020.2407,3815.5603
5020.3857,3827.6204
5019.9854,3841.4614
5020.7617,3849.7893
5022.367,3853.446
5022.7607,3864.3506
5022.076,3876.7368
5029.2163,3895.9995
5025.761,3915.849
5024.482,3907.968
5024.519,3919.1135
5025.419,3924.797
5026.1187,3932.664
5027.1113,3943.9246
5025.6367,3954.0889
5028.208,3962.3225
5028.5034,3973.774
5032.6245,3991.5957
5031.4683,4013.5603
5031.13,4003.505
5030.7505,4011.968
5031.6196,4019.7498
5032.943,4028.5945
5031.966,4039.3457
5032.9624,4052.6584
5034.836,4058.411
5033.8237,4069.5234
5036.8633,4082.4272
5033.372,4111.1694
5032.9546,4100.019
5031.722,4108.7188
5030.576,4123.982
5028.738,4133.114
5026.8965,4148.8135
5026.755,4156.5854
5025.476,4169.6807
5028.7007,4172.812
5027.723,4184.0615
5022.997,4225.203
5026.4595,4204.981
5021.9214,4221.532
5023.2954,4230.94
5024.6294,4235.8896
5022.8047,4249.567
5020.612,4259.28
5021.23,4268.3257
5019.3647,4284.266
5022.5674,4285.9365
5021.3135,4327.6104
5019.285,4311.9834
5019.632,4323.37
5017.7725,4333.1465
5016.4824,4344.793
5018.0757,4351.918
5015.7295,4365.4824
5015.913,4375.281
5014.1235,4384.1934
5015.4263,4384.032
5014.452,4435.066
5015.475,4411.0464
5013.538,4426.962
5013.4,4434.255
5011.1406,4449.118
5012.286,4457.189
5013.4062,4466.326
5012.603,4473.598
5009.941,4487.726
5010.511,4481.2583
5010.5137,4539.565
5011.165,4514.1685
5010.97,4523.6445
5008.561,4538.094
5010.7036,4542.09
5008.3916,4556.6245
5009.4883,4566.7817
5008.9077,4575.7266
5009.6045,4583.6294
5006.249,4577.0605
5008.1084,4634.609
5008.861,4615.074
5008.216,4622.9897
5008.8467,4630.405
5008.483,4640.658
5006.046,4651.556
5008.491,4659.4736
5007.32,4672.524
5007.835,4679.9673
4999.4985,4674.025
5007.406,4734.495
5008.8125,4706.7983
5006.138,4719.329
5005.2417,4733.114
5007.2896,4738.9707
5008.8213,4746.0366
5006.1367,4757.2266
5007.0264,4764.502
5007.2734,4772.3735
4999.7515,4760.6406
5005.882,4829.002
5008.8,4798.148
5007.2666,4812.0205
5006.5117,4821.663
5003.9453,4833.1216
5004.145,4843.209
5003.797,4853.6836
5006.7383,4857.735
5004.5967,4867.881
4995.7847,4851.927
5008.8984,4917.082
5006.89,4891.998
5006.4277,4902.112
5003.163,4913.402
5003.154,4922.4653
5003.775,4931.52
5006.7896,4933.969
5002.318,4950.6323
5005.73,4956.613
4986.481,4929.022
4986.8057,4998.4453
4980.31,4958.46
4969.87,4965.313
4957.055,4972.536
4949.6895,4974.6113
4939.8013,4975.1636
4928.311,4979.6777
4918.4116,4979.6353
4910.4893,4980.429
4891.1343,4950.879
4893.441,5005.7314
4881.147,4978.286
4872.8887,4976.857
4862.592,4978.879
4850.35,4980.1465
4842.928,4978.402
4831.7344,4981.2163
4819.0845,4984.136
4809.0156,4984.3223
4792.813,4955.3037
4793.875,5006.9985
4783.0137,4979.7305
4771.6416,4980.4863
4759.652,4983.0156
4751.997,4981.8174
4740.54,4983.583
4728.62,4984.36
4722.7393,4981.1177
4711.598,4982.3677
4689.265,4958.961
4693.415,5007.921
4683.0986,4983.3164
4669.582,4987.188
4661.1216,4984.996
4649.078,4988.029
4638.392,4987.388
4633.1533,4981.9165
4622.386,4984.6553
4611.7656,4985.9126
4590.3867,4959.556
4591.23,5010.352
4582.9375,4982.2075
4570.544,4984.9053
4562.3135,4982.8213
4550.5825,4983.8657
4538.6895,4984.8643
4530.3066,4985.687
4521.147,4981.9287
4511.9473,4982.502
4486.261,4965.38
4488.5205,5009.0933
4479.7417,4987.4023
4471.281,4983.232
4458.5,4986.3613
4450.5615,4985.56
4440.2627,4984.157
4429.164,4985.864
4418.3867,4986.048
4407.732,4988.4043
4388.8145,4967.309
4388.285,5008.162
4379.1113,4986.2437
4368.7793,4985.67
4358.3936,4986.29
4346.4165,4987.179
4337.8584,4985.2373
4329.357,4987.6143
4316.6567,4988.908
4307.1973,4986.666
4284.687,4970.553
4289.966,5006.6025
4280.6055,4983.217
4267.894,4984.572
4256.5513,4987.352
4249.9097,4983.3022
4238.2476,4984.364
4229.5166,4983.421
4217.4736,4984.908
4206.6636,4986.8853
4185.8926,4968.908
4190.539,5003.1514
4181.578,4983.7114
4166.982,4987.4287
4157.553,4986.679
4149.606,4982.631
4136.8325,4987.0806
4130.7095,4983.707
4117.9795,4984.584
4108.519,4985.9014
4084.2644,4974.5283
4087.6213,5004.615
4081.7908,4983.4033
4070.6519,4983.845
4058.7974,4985.5347
4049.569,4984.6797
4040.7512,4981.5576
4028.0994,4984.5527
4021.5146,4983.3
4011.384,4983.6816
3987.4075,4973.6616
3989.3298,4999.353
3981.8994,4983.4697
3967.0867,4985.5767
3960.4482,4983.5693
3952.1467,4981.641
3938.905,4983.879
3929.1284,4984.763
3921.9614,4984.0796
3912.1704,4984.772
3886.213,4975.076
3890.5964,5000.2837
3881.547,4986.0522
3873.0278,4980.8965
3859.2812,4986.515
3851.085,4985.496
3841.2263,4983.22
3832.0073,4983.2876
3821.9116,4985.6123
3812.697,4982.972
3788.5723,4976.395
3795.5479,4995.2754
3784.8076,4983.2983
3771.1062,4985.1943
3762.2202,4985.7188
3752.3423,4984.3027
3743.0825,4985.1255
3734.2205,4984.3984
3726.2893,4981.7495
3715.1829,4982.3643
3689.3567,4980.7734
3696.9424,4994.0386
3686.5588,4982.738
3674.8665,4983.9316
3664.5886,4983.8154
3658.1328,4980.7744
3646.5679,4983.5483
3635.4878,4983.4766
3626.9211,4983.643
3618.619,4982.0405
3591.7031,4981.138
3598.2456,4993.212
3590.777,4981.4277
3580.3672,4980.6562
3568.1711,4981.2183
3561.6726,4981.856
3552.6458,4978.6816
3541.5415,4979.4463
3529.7427,4982.14
3521.558,4983.1343
3499.035,4979.081
3503.4644,4993.636
3493.1145,4980.4707
3484.812,4980.43
3470.8616,4982.791
3460.1487,4984.0586
3450.8113,4980.5977
3439.9644,4983.2905
3432.0132,4979.0117
3421.267,4979.9697
3389.7632,4982.656
3399.584,4989.749
3387.2446,4983.6484
3377.02,4981.736
3366.3457,4984.094
3357.173,4983.775
3346.1228,4983.1904
3334.0183,4982.836
3326.8872,4980.916
3316.3604,4982.6494
3287.4922,4983.204
3296.561,4989.2847
3285.6768,4981.4756
3274.747,4981.28
3262.5974,4984.3164
3252.7175,4981.7017
3240.0837,4984.093
3231.1084,4985.1714
3221.487,4984.434
3209.0215,4984.67
3182.5906,4988.1284
3192.1816,4990.027
3180.5947,4980.9585
3169.1838,4983.7515
3158.3735,4985.8003
3148.3057,4985.973
3137.2634,4986.466
3129.1453,4981.189
3118.2522,4982.485
3107.7102,4984.2695
3080.9768,4988.4497
3091.039,4988.605
3075.7097,4986.597
3066.7246,4984.2407
3054.773,4986.155
3048.0083,4984.8984
3035.939,4985.9795
3027.2224,4983.117
3017.5784,4984.7695
3007.3657,4982.1787
2979.8362,4991.838
2987.2021,4991.2954
2977.4692,4985.202
2967.4253,4985.5166
2954.81,4986.2734
2947.2178,4984.1304
2937.5078,4985.37
2926.0684,4984.4175
2914.6526,4988.1685
2904.6338,4987.956
2878.4744,4992.678
2889.0432,4988.4536
2875.6638,4985.166
2866.2043,4986.236
2856.903,4985.8794
2845.2039,4985.843
2835.666,4985.9546
2827.234,4986.425
2817.2773,4989.002
2806.4873,4986.2227
2777.5493,4994.262
2789.8782,4989.9595
2779.2422,4984.5303
2769.8137,4983.8374
2759.7192,4987.9165
2749.2524,4985.096
2737.2966,4986.032
2729.3293,4987.413
2718.2815,4988.898
2710.4456,4986.555
2683.0378,4995.003
2690.0876,4992.911
2679.424,4988.448
2673.2322,4984.8228
2661.339,4989.7915
2650.6055,4990.1577
2642.8438,4988.8296
2631.592,4988.729
2623.3408,4985.8765
2613.4685,4988.5054
2586.4092,4996.5435
2594.7075,4994.443
2584.3457,4987.989
2574.5386,4989.1943
2564.9783,4990.4067
2556.583,4990.446
2547.5483,4988.529
2536.2578,4989.567
2530.016,4987.4253
2518.077,4989.6494
2494.8044,4996.225
2501.7422,4991.07
2492.7874,4986.3433
2480.4446,4988.004
2467.5786,4988.988
2461.4124,4987.215
2448.5933,4987.171
2439.409,4988.238
2428.3564,4987.751
2414.828,4988.689
2386.3843,4999.007
2397.4355,4991.0503
2386.2002,4988.0654
2374.1746,4985.749
2362.1025,4988.598
2355.1736,4986.855
2340.8953,4988.194
2333.758,4986.129
2319.533,4987.525
2310.445,4986.493
2285.0579,4996.8945
2291.1587,4990.5615
2280.7559,4987.3022
2271.2734,4987.147
2260.2092,4984.89
2248.9255,4987.1753
2240.1294,4987.637
2226.0928,4987.09
2218.8047,4986.1416
2206.0295,4986.539
2181.5952,4994.3574
2187.447,4988.257
2176.904,4985.632
2166.7234,4984.9854
2155.7844,4986.17
2146.7698,4986.538
2138.614,4987.486
2126.3328,4986.8296
2117.4724,4985.7173
2105.5674,4988.397
2080.7668,4995.9644
2084.4575,4987.3896
2077.0515,4983.253
2066.6675,4983.9414
2054.6226,4986.2744
2046.5311,4987.6177
2036.4388,4987.333
2025.2031,4985.0234
2016.1688,4985.7407
2006.3931,4983.1846
1982.5428,4995.523
1987.0645,4989.046
1975.5739,4987.906
1967.3198,4983.2227
1958.1757,4983.392
1947.0796,4983.363
1938.9075,4984.7217
1930.6063,4985.2583
1920.1904,4983.093
1910.3059,4985.1016
1887.2548,4991.355
1890.5577,4984.1445
1880.6141,4985.31
1871.3945,4984.026
1861.2925,4985.466
1852.8142,4982.704
1840.7723,4983.4297
1833.663,4982.0806
1823.4277,4983.355
1813.3303,4985.5703
1794.0352,4991.699
1795.8206,4983.843
1785.6168,4985.2754
1778.0933,4983.239
1766.0314,4985.081
1755.5951,4983.934
1744.779,4982.2075
1732.5077,4985.289
1723.6206,4986.5273
1714.8036,4984.5977
1690.0295,4991.019
1690.7528,4986.3545
1681.5386,4983.981
1668.3654,4987.1763
1660.5339,4984.167
1651.2114,4984.3447
1639.6454,4984.956
1627.942,4988.4297
1616.3816,4989.4614
1608.8997,4987.564
1587.6285,4993.8184
1586.5111,4987.9946
1576.9762,4988.2666
1567.199,4988.455
1555.6499,4989.5645
1545.8962,4988.3574
1536.9382,4989.1074
1526.1421,4988.03
1516.852,4989.551
1503.7977,4993.3477
1485.1078,4997.5537
1485.2684,4991.2075
1476.8887,4989.55
1466.7126,4991.165
1455.1299,4992.7314
1443.773,4992.712
1436.525,4988.713
1424.5647,4993.67
1416.6969,4993.5176
1404.5372,4993.5596
1389.699,4998.6265
1387.6014,4991.179
1375.3059,4994.3687
1368.905,4992.277
1356.7955,4995.011
1348.2336,4996.034
1338.5167,4994.1455
1326.838,4995.397
1319.1521,4996.209
1310.3783,4994.8784
1291.8931,5001.777
1290.2397,4993.8247
1280.5303,4996.111
1270.5374,4997.8076
1262.8608,4994.8975
1251.8903,4997.698
1244.1138,4994.3945
1232.1484,4997.2637
1223.5244,4998.2593
1214.9873,4995.3887
1202.1862,4999.5938
1197.7261,4994.8916
1188.8864,4994.0376
1178.4681,4996.6367
1167.6122,4999.609
1160.6063,4994.247
1147.7611,4996.1235
1139.6085,4993.5303
1129.2177,4996.0854
1118.6985,4995.2007
1106.1744,4994.0186
1099.0555,4992.294
1085.3773,4992.162
1074.3198,4992.2837
1064.5083,4995.3105
1054.5867,4994.033
1044.3667,4991.9385
1033.3448,4992.3813
1022.58124,4993.1665
1011.3192,4992.9165
999.39435,4994.3145
988.7779,4994.31
980.2715,4990.4673
969.62006,4991.1904
957.8952,4994.94
947.7626,4989.271
938.25024,4992.239
927.52295,4991.4277
917.3593,4991.087
906.87885,4993.032
894.21436,4992.975
884.62054,4993.3047
877.1356,4992.305
864.18634,4993.1816
854.8331,4990.413
843.86914,4990.7563
835.2235,4991.578
825.6532,4990.119
812.5305,4991.2666
806.3865,4991.3315
798.3781,4992.045
783.1381,4991.2495
773.7787,4990.3843
764.1499,4988.9727
755.92786,4991.911
746.32074,4991.011
736.43494,4993.4106
726.46515,4992.3315
716.49097,4989.737
708.46765,4990.4453
702.7703,4986.9165
690.2032,4990.933
677.4363,4988.7383
666.509,4991.523
655.6291,4992.0938
645.4647,4990.6494
635.15784,4991.878
624.1633,4990.924
615.05927,4990.4326
603.3016,4993.911
599.1006,4988.1514
585.9985,4992.7075
570.7806,4992.6147
561.3284,4994.0083
550.26843,4990.9375
542.2987,4993.1743
531.07745,4993.743
520.2472,4993.4956
506.49207,4991.7983
497.65796,4991.5195
495.25336,4986.374
478.52902,4996.012
466.9086,4991.592
457.1621,4992.9053
446.19827,4993.2134
435.57047,4990.7974
422.47952,4992.2344
413.43976,4991.168
404.3744,4992.405
395.08865,4995.265
391.99814,4986.1304
377.25717,4992.689
365.02823,4995.9087
355.32617,4991.2144
345.11453,4992.1685
334.97638,4992.0312
322.8702,4992.5356
313.2049,4993.3774
306.13846,4992.414
296.36002,4991.2954
296.1994,4985.2393
278.65094,4994.414
267.61002,4991.31
258.54953,4992.1
249.40498,4991.241
238.75795,4992.2715
230.94691,4991.1865
220.44908,4991.5703
209.48865,4989.183
200.63959,4989.2246
201.29688,4981.781
185.31029,4991.25
175.22052,4988.9824
167.55872,4989.563
157.17607,4989.656
146.85161,4987.6055
141.65514,4987.1367
129.81079,4984.4126
121.78168,4986.939
114.88673,4985.029
114.65613,4973.5474
99.121704,4986.979
89.13592,4983.522
78.57412,4983.151
72.0134,4982.467
63.042717,4981.5127
54.55643,4978.9766
48.705788,4979.608
40.602386,4980.3027
30.472427,4976.393
39.4696,4960.5225
30.770897,4963.102
27.026535,4951.7617
26.341192,4943.2744
24.437569,4936.6836
21.711252,4924.2207
25.460274,4917.541
22.032856,4906.29
22.90681,4898.8643
19.675978,4888.45
25.721268,4868.499
22.386461,4871.718
16.697943,4861.314
17.49575,4851.71
14.205426,4842.592
17.980858,4835.0786
14.270842,4826.1104
13.973266,4813.135
13.823882,4806.4517
11.155605,4796.287
17.818659,4776.4146
14.717094,4776.67
11.457502,4767.717
10.548867,4755.6626
9.8101425,4745.339
9.979531,4739.2715
8.885376,4726.721
8.717813,4719.022
9.14909,4708.826
10.2877245,4701.1177
8.673408,4680.369
11.362135,4679.8486
7.5194983,4669.192
5.804114,4659.4077
6.6218524,4650.7236
6.1469526,4639.317
6.741509,4629.914
5.394407,4619.936
6.3100085,4612.102
8.194595,4601.347
4.8414617,4583.953
7.966794,4581.167
5.269125,4570.893
7.203147,4561.843
4.023947,4548.6836
6.498769,4539.6655
6.9773197,4530.412
7.324591,4517.7583
6.5540895,4507.0205
4.8579273,4499.172
2.852194,4481.866
10.591298,4482.5146
6.7349524,4469.3545
6.726645,4458.0264
7.4000654,4445.929
7.0048122,4434.1865
6.8829207,4428.0615
7.2562695,4416.9004
6.6673384,4406.7847
8.831247,4397.115
-0.35077333,4380.5244
11.14916,4377.7163
8.418858,4363.728
7.814616,4357.153
8.699372,4345.897
8.510873,4336.5806
8.925125,4325.4546
9.779483,4313.6743
7.906854,4306.104
8.221492,4294.6626
-0.69089234,4277.754
11.634641,4277.734
5.963817,4265.806
10.310374,4255.33
6.7616997,4246.168
5.9296937,4234.687
7.576309,4222.4424
7.987432,4214.8594
9.157881,4205.474
9.903759,4194.7856
-3.558323,4179.059
13.355799,4178.9004
7.9865007,4164.7495
9.839386,4156.433
9.500161,4143.0938
9.16738,4133.7666
8.399189,4122.127
9.143427,4113.79
8.808374,4102.895
8.774214,4093.165
-3.2202153,4078.0132
15.923418,4074.8801
12.314878,4061.5293
11.083632,4053.2974
10.416508,4038.699
9.96422,4029.2834
11.447072,4018.7678
11.34336,4010.3499
11.671446,3999.244
10.793209,3991.178
-3.9889665,3974.3457
19.136816,3973.4707
13.174526,3960.025
10.197163,3951.3916
9.372197,3939.9473
10.48185,3930.1523
10.735765,3921.86
10.484084,3912.6602
8.142702,3902.643
10.615476,3893.51
-5.873777,3877.1611
13.347753,3875.9565
7.4452534,3861.5054
11.435896,3853.0913
9.118915,3841.5408
8.484758,3833.1995
9.556897,3822.2764
8.303039,3813.8452
9.1799345,3803.3508
8.57763,3792.2231
-9.064116,3776.7842
14.680512,3774.145
9.277836,3761.2595
9.832382,3752.086
8.593984,3742.476
8.687414,3730.282
10.459945,3721.9536
6.778501,3713.58
7.719025,3701.8108
6.3585863,3691.1982
-7.620044,3673.8696
13.805702,3676.3557
7.1007013,3659.9717
9.166598,3651.4736
11.728742,3641.183
8.2908945,3630.8977
10.486953,3620.4407
6.1599913,3611.1184
7.2668867,3600.0374
8.33299,3590.1973
-11.845976,3574.7534
15.0403385,3576.1084
8.835569,3560.259
7.1167574,3552.8105
10.075718,3542.202
8.282438,3531.7737
9.330958,3523.4802
10.48252,3513.7644
7.1986017,3502.146
10.808483,3493.9255
-8.045249,3473.9363
18.73292,3478.0383
7.910281,3462.6648
9.196326,3454.3171
9.2715025,3442.945
10.227151,3433.6802
12.990459,3424.1953
10.204352,3412.8562
11.778921,3404.2039
9.796843,3392.8696
-4.7665834,3372.8787
16.451328,3377.3413
10.755658,3361.983
9.961501,3353.5676
10.432489,3343.7363
11.915975,3332.244
10.185093,3324.504
12.964383,3313.466
10.653511,3302.2383
8.616,3293.1611
-3.311746,3273.5054
19.227192,3276.78
12.177229,3263.7878
10.767765,3252.7861
10.905787,3243.1758
10.172836,3232.0088
13.736189,3222.8708
11.13005,3212.2102
9.301752,3204.3489
10.340214,3193.593
-5.3427367,3172.5725
20.566507,3177.0815
11.685453,3163.0063
10.756552,3153.9138
11.82355,3143.3035
12.520552,3133.9595
10.25647,3124.2798
9.116009,3114.135
9.971634,3103.4878
9.530783,3092.458
-5.507469,3073.7195
22.283867,3079.34
11.983029,3063.5378
13.606623,3053.685
11.2061205,3044.0098
13.398006,3034.0115
10.729059,3023.3508
10.292456,3014.8586
10.117851,3002.6877
12.554974,2993.502
-4.006848,2971.1548
21.638498,2978.6936
11.565201,2963.496
11.572763,2954.4731
10.978878,2943.4631
9.973571,2933.3647
11.5950775,2923.7402
11.666268,2914.6694
11.715629,2904.909
11.562109,2892.212
-5.0473585,2870.3376
20.443275,2879.392
14.206544,2863.4077
14.516264,2854.2275
11.611506,2845.2957
14.066919,2834.0596
10.789782,2825.1697
13.611727,2815.843
13.280697,2804.0562
12.361929,2795.5623
1.3690442,2771.4795
24.32838,2780.67
14.781729,2765.1736
11.990518,2756.7217
13.019182,2746.315
16.930103,2735.9902
11.530966,2726.0044
13.770088,2715.8162
14.669598,2705.444
12.11293,2695.654
3.706254,2669.7625
22.185818,2683.3215
14.372282,2665.322
14.048815,2658.4878
15.729405,2647.1685
15.429333,2636.807
11.374988,2627.7847
16.79361,2618.4065
13.723001,2607.9165
13.09663,2596.9795
1.5404075,2569.7385
25.125965,2583.3882
15.598312,2565.9043
15.423745,2557.7354
11.989884,2546.0576
14.455877,2535.6084
12.549125,2527.446
14.703348,2517.145
11.1074,2506.5105
13.596937,2497.198
5.90533,2467.3545
24.034456,2484.2378
14.737174,2467.2722
12.665838,2456.0674
13.921521,2445.594
12.313425,2434.8018
10.382869,2425.803
11.413545,2416.1365
12.259931,2406.1338
12.997277,2396.7114
7.0020556,2366.571
22.798738,2381.2788
15.068949,2363.2815
14.528669,2354.111
14.473945,2343.9307
13.466329,2333.1812
13.857595,2326.0793
14.985874,2313.9216
12.346655,2305.8628
14.124252,2292.9924
8.662083,2266.2852
22.982397,2280.3345
10.1975355,2264.5273
14.941245,2253.8484
15.200898,2243.638
12.498871,2234.6807
14.040955,2224.5776
15.490465,2214.446
13.692826,2202.5398
13.145953,2193.2996
7.970631,2165.1353
25.79689,2178.9954
15.812553,2162.8582
12.95507,2151.708
14.050081,2142.7026
11.099987,2135.0256
12.262948,2121.4321
16.015022,2112.3582
13.106354,2101.977
11.566207,2094.415
12.786463,2062.4236
25.81235,2078.9624
14.01458,2062.5789
11.53551,2052.8787
10.978691,2042.3726
13.630576,2032.0148
10.268614,2022.627
9.610504,2012.9874
14.145077,2001.6575
9.016096,1992.2001
13.046004,1961.5421
25.499723,1978.7809
12.9654255,1959.8252
11.223592,1950.5802
10.41472,1942.3237
10.744259,1930.4777
9.780153,1920.9373
12.538992,1911.0978
11.853203,1903.1882
12.749844,1890.7163
19.443855,1861.8584
23.711733,1878.2552
13.019331,1861.2214
11.112913,1849.5414
9.135305,1841.2897
9.654649,1833.1862
10.729246,1823.6405
12.59964,1813.669
10.75618,1803.6914
9.292849,1791.3446
17.842613,1763.0336
25.672838,1780.5105
11.915602,1762.9471
12.158789,1750.955
9.620413,1743.2126
9.374842,1732.7964
12.66431,1721.2803
8.362905,1712.6692
10.727644,1702.041
13.75366,1693.0627
17.93053,1667.3389
22.858791,1681.6509
15.137493,1663.9373
13.457685,1654.9645
13.097748,1645.8807
10.666512,1636.618
10.459908,1627.5746
12.66066,1618.7632
13.637654,1608.4442
12.432114,1599.156
21.82722,1567.9857
22.364594,1588.3636
15.004463,1567.4594
11.746064,1556.8035
15.050992,1547.4591
11.002607,1537.0887
11.721253,1528.2231
12.264066,1516.2319
12.6492605,1508.4111
10.996535,1497.8984
23.868568,1464.6461
27.101822,1483.0029
13.910905,1464.2375
12.462437,1452.863
12.9333515,1443.6307
13.182052,1435.3052
11.920669,1421.847
12.323446,1412.4158
10.80282,1403.2343
13.592243,1392.0763
25.238619,1362.5743
25.84964,1378.8894
14.38681,1361.606
13.489016,1352.5707
14.595874,1339.4692
14.080256,1330.2463
12.509376,1320.9077
11.272505,1311.3442
14.24022,1298.4019
11.669845,1291.4839
27.19473,1261.9949
27.459822,1277.9999
14.231652,1259.4197
13.812333,1251.0476
13.584309,1237.7537
12.029409,1229.3826
12.316294,1218.7559
12.665651,1208.938
12.977794,1196.6558
12.672022,1188.337
29.127934,1162.7814
27.014017,1176.1521
16.212389,1155.3246
14.498308,1148.4154
15.751682,1136.626
12.574569,1126.3378
12.274757,1118.6361
14.002137,1107.3374
12.840964,1096.3713
13.035983,1088.6605
28.34417,1064.0867
26.364773,1076.9143
14.046095,1055.074
14.860742,1045.5824
12.651719,1036.2375
11.993572,1025.8651
11.177323,1017.23047
11.492148,1006.6614
13.474375,997.03345
10.448917,987.13696
30.194372,966.95544
26.820711,976.1518
13.413765,957.9687
12.665018,948.462
12.634173,937.72614
11.742823,927.7831
10.809042,917.4142
12.494288,908.8371
15.306696,897.00726
9.967759,889.90027
31.842365,866.51056
26.467852,876.56195
11.960305,858.029
11.519268,850.8042
12.008659,840.62994
12.339987,827.7708
12.328922,819.9856
11.86315,810.4555
13.14111,799.48083
13.889931,788.5869
29.930212,773.06494
24.320148,781.5545
13.507269,759.46985
13.676919,749.3638
9.803549,742.0024
10.083057,730.59125
11.501834,720.8742
11.4749,710.3368
12.589916,698.6222
11.878498,688.7311
29.157772,676.6565
27.452484,679.61334
12.957827,657.6509
11.846572,648.5008
15.099346,635.1677
14.570281,628.8171
14.625565,615.6217
14.429316,606.3661
16.495064,594.08563
16.588644,582.8034
35.76048,572.3268
30.24958,575.9612
17.261654,554.93396
18.144474,544.9284
17.85636,534.4175
17.745644,523.427
19.086674,510.47812
19.695833,499.39124
21.01168,489.4458
21.325722,477.9029
37.55972,471.69177
36.026237,469.93317
25.23169,447.09845
20.965412,438.16046
21.62598,429.2059
23.394451,417.73633
21.638573,409.8925
20.291508,397.85193
21.750704,389.34738
21.415054,379.42447
35.101173,373.07355
34.436954,368.30582
22.786781,347.7767
20.527468,339.66476
20.500793,325.6639
20.359308,316.97302
17.011911,308.502
19.822344,299.04056
18.269495,287.6011
17.879978,278.69702
33.86818,275.6721
33.2205,268.81848
19.21676,246.84265
19.060299,235.72704
18.671005,225.45505
17.441288,216.9972
14.350414,208.85724
15.533939,199.9271
17.228052,187.3471
17.57957,177.70993
30.384584,179.56137
29.036104,172.18448
17.291605,148.27773
17.376692,141.08391
14.283135,133.0495
15.421137,123.44412
13.943985,114.35095
16.191303,104.46675
14.817492,95.73024
12.037381,88.39779
25.468544,91.45364
27.18769,81.12714
14.817789,61.990505
14.432446,51.71403
9.931028,44.107437
9.162873,38.560516
9.447411,28.572603
11.6121025,20.291433
9.100884,14.429837
8.349046,7.110387
