-10.759309,202.6184
22.630915,0.2709031
17.415098,-57.210476
47.34844,-53.727478
9.878948,40.430946
57.26207,15.51345
74.60426,-69.40037
65.985954,-19.211992
75.296906,98.69985
74.2143,38.644073
63.657463,-80.54391
47.68867,158.08821
77.2232,98.917336
145.18146,109.78967
85.420235,-66.26859
24.026707,49.47588
73.69434,23.065508
103.3137,37.845375
54.431187,49.319416
51.75356,29.209555
307.94485,-108.88189
210.40855,104.67231
61.37207,79.85264
352.95688,-18.53928
226.92773,38.681477
110.48533,-0.5824119
65.04074,30.817688
262.3862,-20.156502
187.73001,11.799038
157.63727,144.66971
365.24496,8.699372
82.35864,160.11708
94.58542,-55.792854
143.66808,17.953514
229.02017,162.48099
319.30225,-4.8068166
364.77142,-28.265863
319.97626,41.59011
302.91977,-98.461655
139.5257,154.6976
250.42024,-30.691252
509.00058,79.13768
312.57883,153.8761
352.4861,35.109222
359.5766,-98.34155
513.60095,9.34586
278.5463,157.71776
568.2884,17.698631
437.81967,-11.448413
471.8305,17.971546
441.45584,-135.32892
413.43472,311.07993
501.20865,36.846848
627.7396,36.590992
589.6409,-98.72258
553.45935,68.94246
432.8885,64.578575
646.0406,26.288181
514.0925,90.75224
596.8915,58.071316
650.7148,30.000061
746.07825,69.77558
624.98517,-41.198284
622.55927,119.40271
616.3314,24.629234
459.40912,104.559586
671.9839,155.14984
743.6227,90.56509
596.0434,1.854822
776.75,30.994787
875.2608,-60.96542
666.48627,133.3122
787.7486,2.957806
852.72437,-38.639008
771.59656,10.362119
817.97595,116.26303
653.1862,-39.174706
743.0467,-152.22125
919.13275,-7.8329444
741.8679,6.6629796
740.46204,-18.926859
871.5175,75.49197
776.8021,-41.55725
795.59955,-55.225418
851.79425,-5.105138
816.3489,234.2856
816.79095,55.0963
864.21655,-76.0749
963.7572,116.078255
954.861,101.87097
1039.2742,-74.71308
968.4363,262.27332
951.6397,53.04262
925.71765,1.3638288
1024.4065,62.002987
830.24854,95.131546
988.72253,-192.8377
1078.0442,129.81937
1076.5913,121.08542
1046.6974,-6.045401
968.76825,193.79556
890.7299,157.98264
1028.3281,-74.36663
1034.2384,-16.186983
1090.6035,-120.51701
1123.4027,-98.20819
1020.7825,-93.40316
1119.9323,55.95155
1164.6002,57.0821
1124.6475,209.7141
1151.4412,173.78613
1164.3314,108.58797
1132.2637,-102.5819
1123.4061,-92.06489
1063.5986,93.48802
982.1893,129.06
1268.748,-90.66477
1128.0048,-15.560537
1223.1643,73.74332
1243.0687,-57.780666
1373.3878,77.55086
1282.078,219.72679
1248.6549,101.66109
1336.9806,55.036022
1179.0071,109.60534
1175.6368,-115.83649
1148.0415,0.8414686
1357.42,-58.035404
1100.0404,73.90782
1184.3154,14.264584
1339.6537,3.7439167
1520.1337,49.23582
1433.0837,-2.5667996
1371.5912,-128.38953
1293.7645,84.47855
1341.3489,22.787899
1412.5803,-58.477966
1346.1034,-65.42973
1449.0894,-70.577415
1378.4019,-56.402237
1485.4222,201.39418
1455.9287,25.13662
1487.3374,-36.913456
1330.0337,70.24385
1522.0981,-97.317696
1619.9556,-120.71341
1543.1339,-63.484535
1418.6615,-41.71699
1506.5709,69.05921
1460.673,-71.28395
1536.9988,189.34206
1425.815,159.75304
1524.421,-181.54927
1419.5588,-11.317879
1534.4879,-41.91622
1443.7225,128.25601
1553.1849,65.38019
1539.3588,126.47018
1606.8134,108.94619
1744.8932,60.003548
1579.9674,-119.75385
1728.3442,41.107906
1496.2634,41.61328
1632.3749,37.806778
1719.0078,86.0665
1727.7983,-0.65118074
1721.4102,152.85536
1663.3523,-81.43179
1596.2258,36.548897
1643.7921,-8.778795
1542.3315,35.97595
1756.7506,85.915474
1686.6348,140.27089
1703.3282,30.02204
1735.0242,97.782166
1694.1738,64.535736
1595.008,97.82203
1883.4128,2.1919608
1702.4698,17.884373
1700.2883,133.7681
1845.4164,-95.99589
1830.0289,276.7975
1709.9681,47.865585
1814.9761,214.51965
1745.4355,-37.082882
1906.5768,12.997016
1822.2654,-43.577477
1921.7208,87.169785
1874.181,125.097115
1864.0846,85.95772
1848.2777,278.63702
1941.2568,39.57197
1996.8307,-75.36344
1959.6401,142.63995
1893.6906,-116.616936
1841.5663,195.42725
1826.1812,50.54213
1884.1776,159.87836
1891.745,54.82346
1886.1213,85.839775
1869.8448,22.825523
2032.71,84.06639
1960.3103,68.104416
1976.4283,-34.904182
2155.8147,-57.107807
2100.8855,127.44188
2041.8215,-199.10663
2007.9407,-109.6566
2084.3347,39.81076
2200.6687,42.839127
2159.2698,59.26065
2123.4224,92.13276
1987.2937,19.46941
2207.746,-148.51079
2199.9788,65.80681
2118.1038,188.9772
2140.8633,39.97795
2116.9617,50.08824
2208.3804,47.38383
2313.357,-76.508446
2141.3433,-69.45818
2144.9458,-77.74972
2217.6353,-79.50001
2228.7246,29.119476
2176.267,-164.55576
2143.8215,-71.26994
2232.1987,1.1081994
2306.5208,12.904554
2167.7249,75.57467
2387.703,-81.15798
2372.7322,-24.878607
2365.1997,-32.13942
2435.114,107.6521
2476.9795,-22.65297
2362.8853,52.013844
2382.7354,-100.36953
2318.2102,47.343597
2514.265,22.040234
2348.8838,-156.084
2325.4124,155.0439
2226.6724,100.60355
2414.4949,90.70173
2430.466,92.18529
2475.1772,9.230002
2436.344,13.349875
2468.1687,-143.54512
2493.2866,-59.20783
2410.3894,-72.48953
2442.3486,1.6462803
2413.1218,-92.65959
2396.698,177.84729
2484.1223,-92.897415
2603.0884,12.270883
2461.636,-23.142323
2434.3013,129.64792
2442.9438,85.687485
2528.156,-55.376442
2459.0034,-62.14723
2625.133,-36.220474
2615.7202,22.048578
2543.2837,-125.09033
2538.967,32.612682
2623.562,182.28143
2569.506,-70.74878
2768.7642,54.742916
2741.8384,-11.68482
2700.88,10.840595
2639.9097,172.51953
2779.9243,71.98162
2866.4058,17.562359
2701.2256,-86.70524
2531.2979,190.53503
2652.2283,135.20062
2761.358,24.483427
2811.1,67.06722
2604.0803,98.20789
2788.283,82.57255
2786.3215,119.92
2772.6597,111.66133
2853.1433,-165.25507
2662.769,-16.268566
2771.308,135.69824
2954.0093,144.381
2839.6738,-4.463792
2780.3525,96.33876
2643.9402,66.03003
3007.394,58.67578
2844.206,161.98055
2912.6707,111.67966
2873.0215,143.96117
2819.423,25.130808
2829.642,132.7128
2853.7488,112.25119
2937.9219,88.30629
2861.1523,-123.10989
2959.0872,-121.83823
2800.844,66.19699
2873.894,-30.990242
2921.4304,35.003647
3141.4192,185.89124
3058.244,-130.01204
3067.6716,134.56918
3180.5574,-59.919804
3015.445,98.55278
2941.3127,78.38607
2949.1875,209.86014
2992.5535,243.68346
3101.772,100.722015
3110.5757,128.40227
3148.0232,-114.735664
3156.5745,79.640076
3109.6885,213.2883
3108.205,-15.248209
3176.459,-72.65299
3214.7363,80.35347
3155.039,7.497072
3210.7776,231.73668
3254.314,-61.093643
2994.8523,132.6096
3210.7986,102.087036
3167.9773,188.68059
3132.542,59.350132
3290.0466,156.02722
3367.995,-51.821472
3110.5632,99.64436
3213.5693,-68.9017
3138.934,243.41948
3192.054,-17.338842
3239.5432,-105.83073
3180.3096,202.21674
3097.4775,80.444214
3281.0503,176.97864
3453.1084,-85.10813
3313.9097,9.444803
3254.6372,68.70575
3432.694,279.96167
3440.5574,-155.42775
3322.795,142.12102
3342.262,-106.13002
3214.171,-14.148876
3457.1978,106.67093
3372.9353,57.53815
3352.4321,35.479813
3393.4282,56.932716
3594.2114,167.98116
3607.6301,-47.46355
3546.5,87.61406
3603.3486,-26.965364
3562.2227,68.804695
3493.0078,42.75523
3441.0464,-60.28682
3582.0974,248.0799
3585.5735,210.36505
3510.881,23.710281
3601.8525,67.24924
3625.077,110.131355
3737.7947,-60.234146
3551.051,23.845137
3580.5881,129.22719
3667.314,113.99135
3704.992,22.748037
3714.2842,102.15878
3611.7468,17.227978
3596.2588,175.65877
3779.2332,67.0287
3783.628,2.2345037
3735.1677,45.701416
3742.6375,51.19197
3852.678,23.22793
3814.9011,-51.519127
3664.5266,37.845074
3856.6477,58.002098
3926.0637,-22.095144
3811.358,161.0665
3876.3213,-21.421612
3874.2114,-83.89548
3898.6028,43.727757
3850.3113,112.75187
3863.4983,160.21431
3914.1316,-1.2795627
3867.3062,-35.100876
3742.8364,-2.5983155
3807.3857,234.1076
3895.061,43.974445
3942.9187,245.99135
3876.0352,-1.8404424
3851.304,52.8346
3835.3535,-34.96565
3883.372,-36.397278
3945.1077,127.352325
3925.2346,-243.63298
4023.046,204.16208
3852.6575,54.056942
3835.0452,52.880123
3770.5386,127.45477
3901.5237,163.85027
3967.2666,118.13492
4038.6355,-145.10625
3929.847,125.976425
3868.8242,9.722561
3966.9502,119.86919
3845.654,58.542564
3941.1438,220.4793
4045.0996,27.653202
3917.585,56.31797
4072.461,-8.08984
4216.184,-19.958168
4079.3513,101.86389
4025.94,51.1045
4154.2227,-110.694695
4019.139,-149.77902
4170.362,-35.156384
4193.0874,151.66864
4159.762,-78.83042
4114.7734,129.95526
4143.5103,227.01927
4366.375,-0.25838614
4190.9795,-51.534027
4207.3877,87.01928
4315.815,-53.073986
4329.6875,-211.51822
4181.442,256.63696
4254.204,146.0921
4312.7817,-39.22485
4388.679,22.779554
4392.204,-12.957231
4425.842,95.18079
4344.923,38.369446
4250.6646,98.038536
4347.803,80.20043
4463.795,155.48549
4430.238,-0.41626394
4540.7153,72.378
4397.4893,-99.46503
4258.9585,-74.73103
4369.645,18.838346
4432.2993,146.94043
4526.3813,89.754684
4509.466,98.79209
4517.334,-10.501369
4359.7607,-152.67574
4441.472,137.17569
4526.4614,-18.190666
4517.798,153.48651
4486.6235,69.29196
4652.6753,-121.6723
4693.587,-63.43629
4473.934,78.66889
4560.1035,-15.602782
4372.6147,97.08911
4481.3174,72.86064
4583.646,205.01912
4533.925,244.93375
4691.3613,92.84608
4612.115,231.51302
4487.8535,-88.8497
4547.221,-259.82745
4438.033,-12.818128
4662.525,60.718506
4617.004,-112.36921
4488.2603,-145.59389
4577.119,77.18548
4561.904,178.65672
4627.96,12.685284
4630.7666,-186.66826
4780.4985,5.8238955
4799.042,107.79046
4787.8535,4.8363953
4590.406,121.40349
4818.0444,44.64358
4693.235,-25.14854
4812.7393,1.2950599
4703.8657,147.39468
4828.3643,62.607227
4734.9834,-39.10042
4924.7974,-0.17546117
4699.8735,85.81854
4795.6123,44.877903
4803.0435,173.48528
4810.7393,-52.709618
4678.884,-250.1135
4721.24,103.962944
4747.673,-126.12835
4881.135,45.082493
4963.7144,143.05063
4923.858,-214.64575
4799.045,-123.66999
4776.846,-9.888336
4789.377,101.5865
4840.0356,4.5588613
4862.3315,-131.51445
4873.5244,68.83815
4983.455,80.83656
4993.0767,-25.821327
4965.2646,-148.22208
5010.3916,49.810856
4998.2334,-11.309088
4802.237,46.49967
4927.0,55.583717
4839.0923,115.45606
4834.8975,-144.74146
4945.477,82.560036
4930.208,283.4913
4926.533,50.802677
4884.7085,-117.37268
4925.053,77.798
4982.9624,-3.3056736
5003.5435,0.15459955
5015.8955,301.4169
4972.936,253.55026
4768.908,-115.22118
5000.756,264.03873
4926.223,65.35478
4962.1323,238.48451
4819.542,238.67197
4927.068,79.319405
5041.107,117.57396
4959.244,316.5914
4942.0674,56.975334
4999.5254,238.1163
4931.109,62.472897
4982.8,83.82372
4956.266,302.20837
4929.5625,222.3678
4788.891,215.74364
4969.793,85.21296
4904.532,94.97613
4970.667,178.46927
5063.876,349.15903
4958.9927,156.8535
4882.2124,103.54869
4902.6055,506.38348
4874.942,61.912685
4918.665,347.12344
4973.076,322.8019
4919.4126,166.40506
4882.034,459.5218
5021.767,458.67078
4961.538,372.44916
4913.6133,434.89948
5016.68,452.23407
5022.4966,262.92072
4919.2656,415.28278
5016.676,388.76346
4880.8457,240.13437
5011.3286,414.36673
4867.1304,604.33356
4871.3345,501.66278
4905.076,329.92108
4783.0034,447.89865
4891.3076,396.13516
4884.5093,438.47443
5067.7466,391.01898
4980.08,581.2232
5032.956,571.6838
5046.5264,617.6971
4897.849,424.2675
4996.817,454.64835
5001.815,465.99603
4912.665,487.02292
4930.0337,748.8096
4930.9375,590.7112
4876.9453,831.3316
5020.2305,629.79736
4975.589,481.5832
4929.474,399.34143
4941.3516,760.2135
4916.1094,830.9823
4914.2764,692.1842
4931.375,507.6935
4959.379,616.6759
4955.7085,531.50354
4954.3516,773.7185
5022.632,696.27704
4921.359,747.28503
4892.318,813.7511
5105.1074,731.99744
4988.679,751.5922
4831.2593,681.9154
5094.0435,819.7863
4767.374,781.45026
4946.896,651.26154
4986.6025,828.4493
5045.6245,932.06494
4929.8936,701.118
4881.6167,756.55566
5056.392,908.0851
4978.5356,835.5403
5043.845,970.5336
4889.761,898.52295
4953.8496,1146.5746
5038.9224,1116.3926
5093.252,1112.5471
5007.1353,892.1323
5023.6934,1027.2633
4988.0547,934.69617
4897.505,852.66486
4905.8687,886.734
4916.1094,1091.6345
4945.2305,1084.1581
4923.5005,1015.2979
4878.0107,1035.7434
5040.934,1035.2772
4924.4995,1037.0084
4893.0474,1171.4679
5027.3613,902.1698
4836.464,1027.2195
4824.1396,1077.4089
5020.153,1144.2211
4948.9194,1092.0544
4775.7046,949.55096
4970.7373,1118.7439
4934.3433,1117.5996
5006.954,1126.1353
5012.3257,1299.893
5031.5464,1151.1025
4820.615,1274.005
5108.6045,1132.263
4992.0737,1173.0216
4766.177,1160.8507
4773.2427,1118.133
4963.5195,1335.1375
4996.7144,1368.2227
4897.8037,1356.5461
4934.376,1319.962
4862.652,1146.7579
4997.111,1237.9172
4942.3174,1411.6624
4945.2983,1270.6077
4910.6567,1412.5592
4940.6934,1142.9521
4834.131,1327.7328
4787.5674,1347.4479
4675.278,1287.8226
4951.863,1148.5519
4936.381,1251.6135
4833.3525,1500.265
4881.934,1395.2272
4865.968,1259.008
4965.6523,1464.9641
4862.266,1382.1453
5010.4224,1360.8126
4914.777,1420.4868
4827.082,1396.159
4865.27,1360.2261
4945.0938,1413.0758
4994.127,1456.5947
4881.7563,1484.5929
4966.7275,1528.9453
4960.3604,1565.7733
4887.2827,1489.6523
4772.985,1459.9634
4747.7925,1513.3123
4801.49,1459.029
4849.381,1639.9707
4941.192,1433.268
4887.444,1638.0876
4871.798,1498.5115
4961.914,1382.8269
4840.126,1576.4672
4752.041,1597.2294
4833.5645,1774.8004
4893.263,1522.2408
4971.339,1581.9811
4862.123,1759.7068
4885.832,1557.1033
5007.8804,1636.3969
4902.097,1665.6368
5009.371,1648.9689
5072.149,1777.9714
4972.168,1541.1553
4885.645,1646.123
4980.8193,1730.3556
4897.7114,1915.4552
5076.8926,1721.8375
5023.6177,1704.9741
4917.1323,1794.3029
4944.1143,1854.3682
5089.5674,1850.7452
4796.452,1790.4348
4879.9067,1713.3129
4878.2153,1666.7924
4976.409,1887.8638
5025.565,1758.3188
4955.7056,1741.1172
4845.1216,1791.3209
4883.7344,1839.7423
5004.8687,1776.4384
4896.4756,1823.4939
4923.9297,1836.4708
4829.7207,1799.9204
4986.184,1976.0295
4944.0576,1951.4099
5065.618,1802.4668
5027.077,2086.7532
4987.2773,1853.515
5013.291,2132.4824
4876.6367,2003.0327
5095.28,2087.134
5096.347,2031.8782
5083.269,2250.4944
4985.9663,2163.6765
4970.76,2266.1223
4870.7275,1825.3192
4980.2876,2122.0757
4828.829,2064.9326
4911.9116,2308.3872
4916.5923,2075.082
5037.0747,2009.1942
5039.964,2043.0294
5106.382,2123.8171
4857.209,2143.8381
4910.7964,2125.2712
4845.977,1895.8771
4890.5312,2228.9321
5010.922,2102.5054
4964.2686,2268.7886
4860.3027,2034.1759
4999.621,2037.0911
4842.782,2115.362
4952.5596,2048.0996
4957.6636,2137.8062
4860.804,2090.151
4867.662,2127.9102
4988.6104,2182.9995
4918.575,2258.3496
5045.1606,2271.6262
4952.0864,2247.4937
4796.236,2329.3672
4965.3906,2353.3652
4914.566,2366.4397
5048.993,2432.3213
4916.32,2249.8816
5001.3076,2314.5737
4878.9614,2442.861
4969.0063,2273.5205
4969.351,2448.6384
5029.017,2331.7195
4938.593,2505.535
4862.133,2407.3633
5112.3506,2421.227
4898.077,2380.786
4944.9854,2394.628
4959.923,2481.7366
4994.649,2378.0852
4908.945,2502.417
5029.227,2441.2122
4979.267,2519.506
4929.581,2707.3977
5061.302,2532.0066
5051.2715,2712.436
4942.3496,2477.4111
4952.072,2586.9385
4918.1094,2580.4878
4924.941,2512.534
4946.889,2412.0593
4929.3047,2469.2646
4872.4087,2533.0305
5074.8164,2612.837
4994.388,2504.5261
5025.951,2644.148
4968.7456,2717.1719
5041.718,2636.5278
4897.243,2647.7532
5027.059,2580.1345
4916.4937,2791.8196
4958.4854,2589.0884
4964.1357,2621.7332
4874.997,2630.769
4888.767,2623.6602
4959.38,2899.8506
5030.7476,2488.7258
4944.467,2729.1401
4929.5396,2759.688
4907.7334,2767.7651
5017.8965,2752.6487
4847.897,2757.6213
5018.7617,2820.2405
4902.79,2811.4639
4947.084,2684.56
5071.8965,2890.4094
4876.134,2943.2126
4943.5093,2864.202
4972.362,2762.783
4782.191,2899.273
4810.216,2916.1194
4999.7095,2789.161
4997.364,2837.74
5037.896,2681.9504
4913.2993,2792.7068
5057.2188,3075.743
5022.9565,2745.7583
4986.3384,2852.1863
4750.271,3052.5967
4877.3364,3038.7708
5001.6265,2983.7532
5020.1206,3120.0542
4852.5317,3010.1045
4897.534,3099.3071
4924.082,3202.4583
5001.655,3176.791
4896.646,3078.0413
4955.302,2963.9224
5013.712,3130.4788
4893.061,3015.7175
4869.9434,3184.2405
4949.4463,3123.4136
4970.7686,3002.437
4963.0923,3015.928
5035.9946,3053.717
4863.6777,3285.2493
4892.83,3261.2354
5043.323,3074.8875
5046.159,3229.0435
5010.738,3139.2637
4963.2188,3105.5898
4944.1226,3212.999
4843.7705,3156.117
5138.077,3213.005
5143.8623,3272.458
4761.416,3161.9434
4749.1436,3215.5874
5009.7153,2972.2747
4949.268,3154.4666
5004.7886,3071.8054
5024.1025,3281.509
5077.9663,3280.0837
5050.3115,3414.0693
5014.625,3503.1086
4789.3984,3404.515
5097.378,3260.6748
4924.9165,3407.6267
4964.5825,3367.8452
5051.61,3308.862
4967.8564,3352.1208
4986.9224,3365.8796
4969.7856,3382.1628
4801.1504,3478.0222
5047.303,3392.3218
4781.629,3378.2903
5022.1367,3444.9375
5063.4863,3469.0007
5104.722,3360.6135
4921.129,3269.59
4878.596,3580.7783
4864.6035,3540.2588
4908.4233,3545.504
4953.2207,3370.6216
5032.2915,3436.4053
4967.476,3565.0417
5079.076,3580.6587
4935.226,3681.9915
4996.041,3526.3804
5109.5806,3454.0054
4955.032,3658.5798
4879.197,3773.219
5043.034,3598.0376
4951.088,3491.342
4916.0327,3530.2124
5040.1753,3628.7869
4942.4395,3664.1377
4962.7637,3542.1548
5073.732,3608.3516
4833.664,3647.7104
5027.665,3596.0078
4986.7593,3446.7588
5000.2085,3552.829
5071.5796,3639.6697
4983.787,3827.4905
4951.5254,3718.3567
4984.428,3833.3616
4817.9053,3688.055
5005.895,3520.3838
4921.4097,3852.0115
5019.042,3593.4004
5045.8013,3727.7058
4953.912,3886.902
4943.868,3676.5916
4905.9067,3848.1167
4985.174,3908.358
4910.6196,3650.6238
5080.1836,3664.728
4821.0005,3719.8684
4866.1675,3750.6646
5112.2437,3829.393
4932.4785,3927.6794
4797.0527,3910.1638
4853.4785,3888.373
4951.6733,3786.0908
4830.7905,4031.2478
4948.5005,3814.2842
5038.557,3799.059
4841.184,4044.468
4990.22,4063.6006
4975.0806,3904.9187
4933.655,3847.617
4946.7026,3875.52
4845.1846,4000.1372
4991.087,4049.0881
5091.0425,3903.2046
4811.0737,3970.4617
4989.6553,4045.5928
5057.914,3940.269
4979.707,3933.6958
5097.2344,4117.0376
4955.9463,4107.9175
5006.3354,4160.9736
4955.84,3946.084
4875.907,4108.031
5038.411,4234.998
5021.7046,4149.3604
4998.175,4050.5684
4869.897,4110.78
5006.492,4218.998
4908.3506,4260.6465
4884.6353,4342.5024
4926.8735,4355.937
5030.821,4375.2905
4874.241,4400.3833
4888.737,4345.7886
4878.057,4167.928
5011.816,4287.9463
5022.9336,4125.692
4935.161,4277.588
4834.1333,4469.5513
4969.8413,4181.5894
4865.6636,4445.753
4810.8325,4301.6675
5118.327,4250.9214
4914.344,4374.659
4827.0845,4487.122
5026.597,4326.973
5018.111,4299.1284
5158.417,4364.155
5130.45,4458.6675
4915.355,4416.2637
4948.0347,4448.085
5108.577,4295.4253
4904.419,4424.28
4996.397,4364.8237
4873.535,4275.084
4820.8164,4491.4023
4998.9243,4465.3823
4973.1543,4494.8105
5119.7417,4397.692
4981.739,4402.989
4880.71,4399.2656
4876.785,4497.0005
4908.608,4748.3755
4901.609,4684.614
4916.71,4522.5933
4974.955,4563.709
4911.2495,4650.444
5062.898,4572.8677
4880.8677,4638.8726
4801.536,4692.714
5038.709,4595.82
5090.0845,4471.966
5016.471,4475.964
4838.5,4733.7637
4789.9976,4504.7285
4946.0225,4780.4277
4887.5674,4793.2915
5092.3447,4552.547
4939.7173,4842.7603
5045.0815,4639.465
4811.903,4753.933
4883.4507,4597.8438
4872.9927,4647.579
4999.3755,4670.6807
4745.118,4790.9214
4939.0747,4720.3164
4950.7583,4955.6465
5109.5605,4789.4873
5009.701,4919.5664
4838.9893,4873.951
5081.3784,4737.4116
5066.0913,4602.5947
4828.6353,4923.812
5041.796,4893.845
4780.5337,4697.6494
4999.6777,4849.819
4959.299,4928.459
4913.5215,4965.987
5149.6685,4937.0913
5043.147,4911.9478
4961.8184,4912.304
4888.1187,4936.661
5040.615,4761.0957
5049.831,4872.031
4775.963,4895.922
5078.508,4982.016
4841.2686,4958.995
5121.1494,4915.853
4984.5703,4972.8945
4883.3315,4941.1963
4949.887,4953.919
5006.2637,4974.977
4844.6055,4959.273
4940.5938,4953.448
4971.9863,4747.6685
4777.414,4959.0923
4843.332,4959.2695
4852.2793,4959.968
4956.7334,4970.178
4897.972,4964.4478
4977.6387,4972.3076
4907.826,4965.2886
4870.0054,4959.192
4840.6763,4958.8384
4496.9014,4935.166
4828.611,4871.5786
4867.304,4961.464
4919.9424,4888.0938
4743.2466,4962.888
4842.125,4958.9185
4903.921,4964.957
4694.7354,4967.103
4840.347,4958.8394
4923.4136,4942.666
4705.8896,4702.359
4631.53,4973.317
4905.015,4943.817
4802.5967,4958.137
4824.942,4957.453
4853.015,4960.048
4644.6035,4973.271
4721.8013,4965.1797
4775.0547,4961.3774
4857.954,4960.4775
4520.8486,4982.828
4638.106,4972.314
4640.5415,4973.2773
4801.767,4957.2773
4787.916,4886.501
4719.743,4967.2437
4734.4463,4965.7197
4502.3877,4984.6987
4676.123,4968.6187
4765.3223,4961.76
4558.826,4972.438
4621.4165,4909.5073
4446.4316,4990.8516
4561.729,4900.943
4520.7183,4947.226
4396.8037,4994.9316
4452.0444,4990.4697
4421.472,4992.2295
4520.512,4983.0786
4730.917,4962.476
4423.059,4879.7437
4696.0854,4804.5547
4426.5405,4992.365
4424.0146,4991.799
4586.69,4979.1353
4572.576,4980.2715
4354.4365,4990.7476
4405.8413,4993.5366
4317.776,5000.3027
4421.8657,4991.5786
4418.4316,4880.453
4362.3105,4996.719
4631.9937,4844.7344
4233.063,5007.3086
4502.446,4984.973
4479.8105,4988.3745
4358.0884,4997.1885
4461.6675,4989.0947
4481.119,4987.872
4199.911,5010.0513
4094.6052,4858.4424
4260.7637,5005.684
4421.0527,4839.622
4238.382,5007.1646
4410.4595,4993.1
4249.4478,4992.5684
4241.1904,4988.7715
4138.1562,4999.65
4335.565,4781.9893
4211.6396,4990.0854
3926.0037,4996.9634
4299.586,4996.259
4271.015,4882.332
4111.49,4999.5576
4115.4375,4991.651
4363.904,4988.2173
4051.495,5008.369
4023.74,5000.559
4190.621,4980.353
4163.448,5003.7354
4001.8633,4753.7305
4116.8433,4988.6514
4244.326,5000.399
4066.131,4970.598
3904.048,4957.3447
4262.4307,4994.21
4145.0435,4994.3364
3967.0151,5009.491
4165.862,5012.28
3981.7798,5012.65
3877.0378,4761.5513
3970.9675,4989.8384
3877.543,4960.701
3925.0793,5002.2397
3823.6448,5011.537
3972.6228,5007.9346
3865.101,5010.8433
4007.269,4990.9536
3939.6821,5009.14
4087.3127,4837.544
3778.0059,4996.384
4053.2861,5002.398
3782.4604,5001.8213
3979.017,4992.659
3973.7034,4991.959
3610.1323,4994.647
3816.3113,4999.2915
3756.2773,4996.973
3754.46,4994.367
3862.8882,5002.655
3788.4885,4849.9326
3758.4617,5002.0815
3731.6228,5002.728
3697.9778,5001.846
3986.8599,4993.523
3676.129,4989.464
3835.07,4955.4575
3744.8054,5008.153
3694.0818,5001.931
3698.7737,5006.408
3413.537,4963.155
3589.5625,5010.178
3551.6226,4997.1367
3575.2346,5017.7837
3656.5195,4993.0444
3773.2786,4928.214
3794.2886,4996.079
3662.0767,4998.624
3531.3333,5013.344
3633.7407,5003.667
3511.2163,4774.083
3672.134,4993.017
3666.8184,4997.0283
3576.709,4996.684
3620.5605,4948.9014
3580.0325,4979.7646
3572.8992,5005.154
3514.0867,5010.3213
3511.0486,5008.577
3473.0417,5014.0454
3327.4546,4906.2266
3573.6716,4981.9214
3387.435,4962.453
3454.1445,4903.668
3430.5054,4804.4287
3250.0933,4995.7197
3550.452,5006.8594
3571.2166,4969.566
3428.879,4995.0464
3345.9072,4995.737
3212.4019,4782.1475
3297.4004,4813.692
3253.6528,5016.7773
3346.761,5004.2407
3371.3318,5000.248
3264.122,5002.4263
3380.19,4997.1284
3430.7156,5005.3374
3324.8306,5012.3667
3411.9856,5004.934
3022.5515,5004.096
3250.1501,5005.552
3332.9438,4889.4214
3388.2712,4885.5444
3357.7312,4993.8105
3329.4607,4825.4863
3064.6145,5008.3555
3223.669,4930.194
3261.219,4993.115
3126.0793,5002.4844
3157.9565,4996.551
3096.0261,4993.148
3035.423,4999.3623
3119.3965,5000.714
3239.4744,4934.574
3099.9473,5001.0405
3221.3318,4992.8276
3161.5884,4848.9043
3052.859,5007.5493
3211.5078,4781.7544
2844.1155,4860.072
2940.9873,4871.836
3124.3074,4974.3774
3216.2744,4866.683
3065.5906,4994.5527
3119.2295,4828.795
3090.8108,5009.2275
3027.6208,4997.8135
3029.769,5003.93
3045.4287,5000.422
2807.3054,4994.1733
2913.8887,4997.37
2994.4856,4997.8926
3136.1729,4917.578
3033.1814,4990.161
2821.008,4986.8794
2781.5234,5005.213
3014.447,4991.3125
2968.5627,4972.806
2848.4194,5000.853
2751.6719,4987.017
2776.9673,4988.461
2900.773,4907.976
2777.3667,4993.441
2989.0728,4967.521
2822.7563,4915.803
2953.9194,4968.2583
2787.5369,4999.3525
2775.2385,5002.487
2713.2393,4980.5566
2629.9485,4920.733
2789.9421,4995.1445
2704.2424,4987.9756
2829.9316,5010.697
2621.3428,5002.592
2716.662,4988.3223
2728.4556,4989.737
2820.32,4991.4385
2852.5115,4996.2144
2670.7808,5011.6157
2471.6758,4987.5923
2714.048,5001.386
2829.0337,5003.4683
2665.9573,4991.464
2746.8567,4843.1294
2661.4543,4946.984
2661.3965,5005.4795
2614.5437,5007.4194
2658.7676,4993.6304
2628.8809,4996.3267
2494.7395,4868.0244
2535.8315,4997.1514
2546.5793,4917.846
2696.2751,4996.9443
2495.8503,5005.572
2540.898,5000.845
2640.5488,5001.3413
2603.2996,5009.557
2525.178,4994.746
2440.6423,4982.112
2222.2834,4974.81
2505.894,4942.452
2458.7515,4992.2485
2459.4155,4987.0483
2421.0706,4991.4023
2474.142,5010.0825
2319.0037,4947.8003
2378.3154,4996.228
2451.129,5003.5493
2354.2332,4999.2593
2432.8767,4979.875
2267.1147,5002.0586
2364.6235,4982.1533
2463.1067,4988.0166
2424.0676,4905.2485
2444.4377,4773.059
2162.5833,4980.9053
2217.6125,4998.9404
2257.9226,5013.616
2358.4407,4868.3574
2084.2654,4806.8403
2079.0413,4905.507
2379.3733,4816.621
2144.1865,4989.2197
2191.1409,5001.382
2135.1487,4978.221
2337.3381,4975.1895
2330.973,4994.83
2167.4297,4990.616
2223.5918,4995.123
2160.3633,4977.652
1993.5027,4989.6177
2293.8542,4972.814
2181.5256,4983.8677
2259.565,4982.1006
2069.6492,4963.613
2107.6277,4833.172
2168.1624,4997.549
2067.802,4992.8115
2171.1514,4973.223
2065.4705,4778.872
2019.6182,4957.161
2010.343,5004.791
2093.7798,4982.918
1963.0941,4988.375
2045.7915,4990.131
2124.7292,4944.1626
2158.7786,4833.251
2122.565,4858.332
2060.6682,4864.2754
1829.1364,4983.5737
1966.0706,4934.8643
1948.2947,4991.815
1901.0677,4997.915
2001.7773,4994.8857
2004.6058,4991.6304
1760.2888,4989.059
1920.9492,5004.2583
1900.8138,4973.26
1971.7699,4770.392
1676.6417,4982.745
1802.6343,4987.316
1780.9308,5000.86
1871.7709,4987.082
1629.6035,4966.219
1900.883,5007.751
1853.5638,4984.1777
1683.3953,4978.1387
1710.8969,5000.597
1712.8715,4988.5522
1715.3827,4992.186
1641.6177,4982.189
1872.1533,4973.4756
1861.2466,4977.4917
1958.9806,4982.183
1589.3668,4976.3076
1902.5454,4985.1562
1620.889,4992.698
1590.9084,4903.668
1538.927,4982.1226
1496.9441,4969.85
1709.0881,4778.6587
1672.5948,4966.399
1716.4279,4979.701
1760.8896,4977.904
1712.9615,5004.7725
1653.3586,4995.5107
1561.4418,4833.077
1675.6228,4878.52
1495.384,4994.6475
1683.7415,4989.3354
1531.0305,5006.9893
1535.4413,5001.2446
1617.1833,4988.7017
1604.0027,4982.7363
1456.7977,4995.3237
1469.9606,4982.329
1484.6793,4997.9106
1532.9608,4844.494
1457.5419,4999.328
1478.1654,4990.35
1472.7312,4982.0923
1455.1815,5007.3745
1379.8279,4993.123
1314.0067,4991.2407
1427.3187,4993.376
1409.1283,4994.676
1526.0544,4999.1597
1373.6683,4988.5537
1380.028,4976.8687
1374.6499,4990.0903
1419.8107,4989.039
1318.0435,4994.8154
1358.0972,4983.0405
1366.6687,4997.946
1246.5685,4987.946
1311.9515,5002.701
1334.0896,4954.6846
1380.8307,4932.897
1277.4021,4947.5225
1249.183,4986.1567
1315.5406,4988.083
1266.2568,4978.267
1306.8756,4992.953
1365.6077,4994.1836
1174.363,4982.475
1293.2993,4939.351
1378.2582,4930.403
1152.7385,4923.312
1184.6254,4996.57
1149.9501,4990.9897
1129.4406,4980.5947
1110.1875,4791.7314
1278.0737,4998.307
1136.7183,4985.032
1172.8811,4876.7065
1195.6589,4893.8525
1209.7157,4985.38
1162.2952,4976.555
1107.5472,4996.1167
1088.5023,4911.8013
947.65405,4928.881
1053.3665,4984.4053
1196.2784,4987.6357
1119.223,4851.6265
949.7039,4982.4883
971.7026,4981.5806
1123.0076,4980.279
979.7479,4986.3853
1148.8883,4983.5537
1100.921,4989.118
900.1378,4986.7144
1058.7958,4993.971
828.131,4918.1055
883.13153,4929.042
823.53564,4986.0425
1053.3752,4990.067
1024.8358,4933.876
1098.4241,4984.6523
835.51886,4986.295
889.10834,4985.2886
932.33167,4991.6753
728.24194,4989.5967
941.97595,4981.4673
661.7893,4988.741
839.7849,4992.7935
869.4159,4987.9487
654.5943,4809.212
660.6817,4948.6016
766.96783,4968.164
899.4605,4876.629
978.5919,4980.4375
514.0366,4973.8237
527.59216,4967.7036
891.6521,4985.4062
633.65393,4989.279
803.62054,4985.1025
780.3898,4985.3027
565.4201,4960.4834
727.9293,4988.821
917.65784,4983.801
690.09045,4817.1167
866.1033,4982.313
608.7869,4988.676
726.47156,4989.258
626.76654,4992.0405
574.193,4993.961
657.1941,4997.9385
428.60052,4959.277
512.92456,4973.957
531.42773,4713.5767
480.23932,4995.227
491.61316,4903.8276
550.8079,4898.115
564.1178,4992.655
781.6741,4990.1313
422.84415,4999.787
237.40065,4919.006
603.9946,4995.1104
452.69162,4997.9424
620.9897,4970.7593
378.00723,4997.643
629.62274,4998.239
424.19034,4995.8647
512.78723,4994.0713
207.59204,4869.551
351.9127,4998.903
192.87302,4840.918
389.07812,5001.6426
375.7014,4976.933
446.53897,4995.399
465.09378,4991.885
202.92206,4982.2397
335.16202,4913.1943
288.7838,4954.276
425.92212,4992.0137
279.5147,4995.335
136.18669,4997.8076
349.16125,4997.6445
66.43832,4881.914
472.7758,4997.3096
332.13586,4999.0444
321.9583,4998.708
119.82737,4999.4614
221.9913,4999.552
246.10141,4997.1416
21.60415,5004.701
149.4671,4979.427
261.7845,4989.443
259.44516,5002.2007
78.937874,4858.7456
16.300158,4878.5034
306.1739,4998.51
41.922333,4980.9424
306.21347,4998.368
50.82533,5000.4316
104.43359,5001.96
-0.5118735,4922.5786
163.26294,5003.0635
157.11555,4998.6504
181.21959,4982.1045
14.260392,4865.6
109.65456,4997.939
44.86151,4932.7373
25.217607,5006.6743
9.608175,4845.5747
87.77754,4965.933
146.12027,5001.909
-23.530909,5020.793
34.53739,5007.729
203.29095,5000.634
20.293184,5006.3276
-43.301136,4922.2754
17.12216,4955.885
-8.166302,4950.6836
-13.731253,5015.9043
8.086488,5009.3677
-29.064827,4871.7295
165.80463,4996.4233
64.775444,4980.1284
25.385263,4778.9727
-1.8015876,4991.1934
14.87758,5008.6953
81.00662,5001.313
20.645056,5005.827
16.281698,4854.0225
28.422977,4740.4966
78.147255,4825.547
27.081985,4772.827
-0.2077967,4964.6895
29.028486,4741.645
13.891664,4873.318
2.5091133,4951.32
18.328466,4986.127
1.6186013,4757.1924
27.301683,4811.5444
23.201685,4852.0806
24.953876,4880.9766
-34.140198,4769.9673
-14.840775,4799.047
150.9616,4757.4395
43.73288,4697.9214
-12.587141,4527.1265
51.063187,4708.046
5.0960484,4588.1973
13.199747,4587.562
30.135029,4603.894
22.450127,4884.1953
9.733755,4689.4805
-9.627882,4495.6753
16.651209,4446.0522
-9.576977,4586.368
-0.30614436,4545.926
18.124376,4704.829
30.512697,4704.573
1.9498914,4456.5234
-24.367645,4478.151
-30.95623,4528.763
34.184082,4448.1226
15.474894,4648.762
148.11996,4604.61
3.7826784,4606.3926
4.8363023,4437.5493
23.09531,4671.7393
101.20578,4519.6245
-15.218239,4370.8057
18.390902,4333.6113
31.7646,4528.191
29.30414,4400.7427
94.6616,4518.521
248.20654,4474.54
26.641413,4442.7427
-20.551607,4316.851
26.729685,4346.7715
37.142002,4329.3193
38.984715,4553.539
-0.21377578,4393.248
28.620735,4561.959
44.322704,4243.0522
78.16421,4460.8345
197.32059,4580.7847
-0.19121915,4342.647
-6.418917,4325.3
-21.179821,4315.22
-4.564654,4275.285
13.985075,4102.4824
138.27286,4381.0093
-14.9348,4245.001
-0.8843839,4370.403
23.416206,4143.72
111.9755,4205.1245
36.031975,4262.2183
-4.6189876,3922.2031
2.4587474,4146.8335
26.105846,4242.0547
-2.7733483,4012.0637
-0.32681972,4159.5767
3.130138,4304.7944
-12.208521,3891.0828
33.179596,4110.26
8.939765,4135.0674
15.925542,4100.024
7.4068456,4086.3005
39.635654,4258.9854
31.895414,4168.469
26.401003,3974.003
83.81451,4143.4155
26.49516,4081.4016
10.31464,4183.892
44.19869,3862.3477
198.07712,4018.9966
47.113075,3871.0962
0.9484775,4021.7993
34.02546,4112.393
-22.8039,3931.761
40.944664,3988.5054
39.2868,4017.6233
-10.202826,3952.8733
32.24002,3766.6223
27.125553,3739.0703
13.226978,3882.0952
-1.354795,3871.8542
15.533641,3813.6292
20.37188,4001.6682
-25.131031,3679.3235
50.718357,3835.5784
54.860657,3783.892
-1.4663115,3871.6953
2.223719,3919.8916
-22.95371,3653.6309
-12.6512165,3777.051
48.805176,3780.1448
-11.7670555,3701.5645
45.180676,3741.7456
10.8663,3692.454
-13.089925,3626.6062
27.498901,3664.996
5.380176,3521.9727
96.14859,3674.7146
36.48717,3813.8938
-5.4998884,3749.0222
-6.266721,3636.441
-38.009045,3588.212
24.93007,3740.7625
6.117299,3772.2607
-12.982525,3550.3232
42.23395,3629.1274
5.7473035,3466.695
-32.21309,3529.4768
14.87419,3490.306
-1.5655905,3608.215
45.03511,3626.4973
2.043769,3646.5698
36.811474,3516.3662
-1.5893207,3346.0786
42.80638,3641.0984
29.78718,3567.203
31.19804,3585.0354
-3.2669678,3495.721
15.81382,3575.3298
152.04672,3770.8716
145.49185,3492.5393
13.247672,3317.9521
3.0065887,3480.6892
-8.332394,3523.206
21.257456,3317.735
9.597726,3495.6262
2.4868548,3506.9194
-4.2784586,3542.8708
20.036213,3520.7898
12.287274,3309.877
49.392265,3563.5515
-8.615069,3192.4226
12.027658,3480.8242
-6.2381477,3487.425
-4.64838,3264.4023
-7.341057,3289.156
-2.050735,3167.9114
88.92311,3277.7043
20.083841,3356.1262
6.3301063,3176.6555
-31.27791,3257.4082
-7.8104625,3061.641
23.172554,3331.7969
-16.977936,3264.3613
20.325817,3214.958
-17.672703,3089.0154
32.071545,3067.8052
184.47852,3233.364
-5.924739,3129.4956
118.399635,3240.9463
33.65064,3061.228
26.858002,3120.306
25.1342,3059.0576
-14.298986,2936.392
25.93275,3180.7717
-5.232431,3078.5786
48.249905,3158.9338
-8.928962,3150.419
79.344696,3041.96
32.217243,3132.2761
108.392944,3154.9897
-9.339675,3107.9954
41.825176,3008.08
199.68979,2967.3245
60.60878,2907.6497
32.19258,2938.8967
-9.094477,2820.975
-35.82895,2935.63
20.70507,2970.4375
-56.458378,3115.6597
5.9687347,3053.765
-20.078793,2916.5217
50.479473,3029.0725
-16.162134,2990.3647
22.221245,2852.9639
-31.266212,2842.28
-10.830033,2768.6362
-12.772754,2906.911
-25.646593,2980.352
33.39527,2936.812
1.1482463,2731.094
-20.548347,2703.0063
27.569979,2951.211
-9.663291,3021.2812
11.829119,2760.3462
17.700867,2903.013
84.95823,2757.6897
-12.846216,2765.7598
-26.530363,2779.7207
7.203966,2988.9067
176.39069,2790.342
1.244694,2818.2407
-35.928284,2856.6143
20.321123,2836.56
-6.6165066,2767.7131
-16.804375,2886.5168
-15.540477,2770.7407
2.7832575,2633.3418
-31.961836,2698.0781
-51.80998,2884.616
73.90955,2711.2124
-0.25305897,2678.4282
36.248863,2625.7427
18.462091,2779.368
18.725842,2669.896
19.239113,2698.6423
-3.8817525,2593.0732
9.904541,2576.182
20.505022,2547.4507
50.790756,2766.2495
23.477077,2429.919
123.065636,2575.6848
-19.32768,2414.1582
9.535905,2513.5142
202.04366,2502.2427
65.72788,2573.774
48.29036,2436.4827
-20.142868,2569.6433
-25.83906,2499.925
-0.52738935,2710.6392
-42.38948,2580.5854
-16.652475,2496.0264
11.908021,2503.3213
-15.304145,2239.5159
-10.868497,2481.0444
24.597775,2363.1697
18.323418,2469.498
92.35864,2356.6973
11.37523,2345.4282
-44.130795,2292.1016
79.32481,2494.194
6.4967947,2375.0557
-33.055134,2427.46
-22.964552,2239.0798
29.822178,2391.1702
-8.981619,2162.4084
-35.013855,2156.9446
-29.233397,2314.8352
-9.51903,2135.3657
10.191221,2384.2668
114.80086,2187.2534
-28.455034,2244.8633
114.68996,2208.7598
-49.085915,2309.0972
-40.98438,2254.431
9.696726,2189.8438
53.30067,2192.1077
-6.1451273,2251.512
19.760672,2279.2217
-9.693857,2435.634
103.48028,2110.0723
-48.507378,2148.987
14.690254,2055.934
70.69173,2154.7332
-33.51301,2119.77
6.1351247,2155.259
7.2310677,2116.5005
8.11046,2063.039
200.92702,2098.426
-2.3964047,2018.211
109.45488,2107.543
-14.53938,1931.3237
9.596125,1979.8794
7.9729223,2137.8582
57.58073,1992.5563
-29.357,2058.862
-1.2535229,1983.4058
-9.874236,2083.6597
18.2046,2007.4368
4.8416853,2022.0632
-23.70473,2027.1461
-47.56987,1929.8502
-17.419792,2036.6333
-16.763992,1826.6798
-14.616661,1898.5465
-24.822243,2052.8135
-30.34152,1929.9297
-36.012978,1895.783
-15.52675,1789.1029
-32.340065,2151.339
91.341995,2035.9382
-0.29288232,1919.6527
16.8344,1846.2876
-11.919905,1927.5626
-33.68154,1792.6082
6.056856,1936.2618
-22.993088,1753.9176
29.376167,1915.1592
-21.92881,1893.5797
30.55347,1703.8903
108.07214,1934.1838
-7.1089716,1839.9283
-45.73565,1841.3556
-13.110507,1804.8596
-27.470366,1776.1232
7.897671,1761.7621
199.03847,1664.1163
30.365679,1787.246
-22.129454,1588.2568
-25.749355,1741.7854
13.382882,1733.3871
-19.331724,1644.2157
-22.253021,1740.8556
4.3118186,1643.8926
-49.13546,1674.5819
-12.953393,1702.3754
18.988382,1495.1075
-25.031157,1527.7928
23.13653,1450.1521
-5.8398395,1643.5747
8.384846,1538.6938
-5.4559484,1661.8497
-37.237404,1526.8955
-9.42409,1501.7396
18.946678,1559.6141
60.457253,1560.3909
8.922126,1588.3125
-15.01672,1439.4617
42.454823,1366.5846
23.094322,1679.6392
91.87598,1447.5149
-2.931282,1373.256
34.851303,1385.383
60.62396,1425.8514
-19.671022,1416.17
26.951227,1186.6119
27.495287,1482.3263
-0.33622608,1439.7186
15.848167,1548.9259
-43.472572,1490.9795
-38.61293,1475.893
-20.820126,1423.9386
8.511934,1401.456
117.03303,1324.65
10.059382,1333.4548
-22.029205,1318.7998
6.531533,1427.0885
-9.821951,1281.837
5.847551,1394.8547
27.041807,1509.401
204.35173,1293.9838
39.475822,1193.5667
16.118624,1104.0181
8.614585,1054.3286
5.864538,1105.7847
31.517185,1205.6481
81.702934,1209.8564
-33.72226,1334.813
-3.5100803,1198.7609
54.08393,1162.0941
247.60095,1165.9336
17.354116,1136.5997
-15.183501,952.40546
1.7602742,1246.915
21.844078,1020.7022
-5.584508,1264.4133
-23.858696,1193.9022
12.291353,1086.3224
-9.116419,1054.9581
-53.97424,1178.493
6.2755866,1091.3287
2.9052048,1149.7023
-6.363727,917.0699
27.092117,918.3018
0.48942864,1190.5906
14.378727,1014.0252
17.29941,996.49945
-6.319433,1090.1013
50.90231,1001.9473
-38.63834,1169.287
-10.951422,1048.2522
-49.992317,946.1851
-45.517086,1001.74567
-2.7323887,961.4731
28.860905,806.62744
-42.930992,935.35486
34.571384,799.50385
32.042675,1067.4648
-43.66275,956.5302
-15.479512,770.7339
31.949095,996.7231
18.002838,679.8407
1.82271,676.3346
-21.331982,925.1684
-6.4186754,829.7604
-28.172321,907.8591
-7.705912,958.499
40.55204,778.946
57.012867,631.83405
37.577694,607.9835
23.64399,853.0697
89.66548,791.1178
18.090904,794.3567
-8.064956,753.7885
16.190485,588.69183
-8.185655,682.97925
11.634752,819.43506
-12.755394,862.26276
-0.62689185,702.53564
28.538517,614.97815
45.114532,605.13855
50.991272,536.34094
33.41049,464.3491
23.141615,648.9904
-0.0039860606,695.33563
33.61631,397.46738
25.758446,541.9592
52.57847,466.65564
53.9046,458.78635
-4.818961,647.34326
57.343246,598.8869
25.399252,437.5983
52.249786,427.99548
50.75952,523.36896
27.043596,416.60928
4.3582172,463.71356
51.191505,483.61063
43.325684,441.52728
1.03876,555.23083
-20.633564,603.13226
6.9826097,401.32382
-25.112293,625.56824
-38.47893,439.71628
-3.0734391,388.14203
-2.3975968,493.48868
52.21814,380.4855
53.588673,307.58246
5.9365854,407.34836
5.833134,440.44003
-22.331848,520.3345
29.863491,404.16898
5.883463,388.16245
40.13844,359.65338
2.8685853,434.27213
2.0197406,565.63074
71.64331,230.19165
42.516106,220.10759
-8.171946,300.47952
-1.6868486,274.2292
-13.958886,319.81244
61.347782,353.48154
44.97189,122.91528
46.653748,221.54346
-19.319988,276.469
15.293062,218.36609
-7.2288513,251.71564
12.267642,302.6299
63.107647,148.706
40.185677,185.24408
47.88272,109.39509
59.868767,143.3947
64.494255,178.29642
-1.4276057,133.65283
14.9769335,220.89883
-4.2124467,132.8855
-36.325603,203.99585
48.748737,-27.00761
16.807579,76.27226
34.61987,-19.596218
16.166418,109.255615
29.185787,182.42627
78.316986,-42.30812
74.170586,132.61064
31.037405,139.95677
54.071472,32.07624
26.90114,64.84546
30.10694,91.33034
16.69541,-10.922104
46.251194,-25.174692
