-263.40209498653354,56.202564680842265
-224.61599845019435,-376.1437691038775
-273.44158503787173,-372.70579895980615
-155.66029622302642,-382.9117987117714
-300.3788152496315,-175.35246387985836
-20.46167765150355,-221.44456234179012
62.913075401375295,-326.0122310888595
-16.430755969208725,-247.35262325559142
78.99501464801634,-41.85420083203748
105.69174604366083,-96.95683835290686
-37.99868342701253,-297.2756010988982
-159.75014967758227,-107.88109320327132
47.68802981955314,-93.1059956432706
198.95215299181544,-41.35659007773236
5.342398099682299,-290.0170451235504
-242.37617807045467,-102.67840823088898
20.162951149268906,-180.46494203397268
95.9579534352803,-179.36137025646764
-158.28707918123428,-168.07422162927736
-55.868311449357606,-145.54527620176137
223.78736598612795,-340.9903870905212
2.6457309141880003,-233.59294134609138
-56.71612207178673,-87.99002352947937
352.0028573128362,-292.74068840864436
69.75115377714661,-164.39329228515808
-15.288400928860781,-292.8515169502458
-82.32654154404666,-189.1579392606729
334.52090764436593,-288.321655043341
99.74313477931445,-251.71949266259583
138.34419194357127,-39.40314115699877
272.8177548785033,-174.17153231070643
-22.993211839253892,-71.5602179599866
62.962146929016555,-323.5529845827285
189.99238195328252,-197.5945068491799
150.08692220610402,-38.34489259509729
217.8577761327261,-292.9271112101941
364.17350823366,-282.2592034477265
323.9018107029962,-88.48176738199201
278.47298180302107,-350.72380173204107
31.87687248669328,-8.946158790835113
194.10842096383067,-225.2677561178985
473.87070011650894,-211.71060100204005
166.0586740441137,-10.153288253410032
248.97932917775887,-180.78947937041698
309.8748239317275,-368.7822725462778
478.8568256174204,-205.24735772533177
209.64483304078595,22.28023398133707
558.7376739781274,-199.31495758337766
326.37507553362343,-198.78335369537265
296.72253757667954,-215.76913305501387
310.61159363441226,-379.74778704920874
246.24742940431605,71.23840164269426
342.86917661072215,-172.46426728860354
542.2074077700256,-239.599890643099
514.3368699200926,-353.8383482570007
375.7156303664928,-65.22860983213315
359.4453826015863,-93.11264893866516
590.1616703774125,-199.91412663326787
384.19987614126654,-85.15309293211185
432.73218000600343,-101.38052363307989
496.7736762120404,-185.79066826008807
544.1675863354084,-209.12859972375077
476.7660108367169,-297.1075739280325
552.6632017368161,-13.794726773451984
459.5304748638805,-200.0578122676739
373.17779590835033,-28.124494761177992
627.810898519142,39.76250643398373
699.1102206438783,-66.20682624684731
461.276385309042,-196.51380886586003
700.6391805938,-153.30699750271927
795.2999094379462,-260.21764132583735
375.4147438086037,-132.93651165456743
671.1976144431201,-242.61098937804366
821.0736965393037,-245.28284206257365
686.8272987100993,-177.87409015496854
694.2398011540894,-49.48023999547098
483.5767796540257,-282.31931334276317
712.3526438086295,-396.1016505554686
846.7939067024274,-193.73580305938634
557.46140207016,-162.03266454712718
574.2682295868699,-226.32822790435108
779.1209598452313,-207.0263186323686
662.8147918066808,-175.77170589847162
740.8475041247332,-287.2503649220987
671.4121860330213,-209.52702220299128
682.9376117254164,73.2009085127006
765.6782506615414,-134.09574669516198
697.5263437370668,-340.6126107053448
877.1704220487958,-43.275962833258035
818.1488904684376,-2.3080594171273106
977.7268520777639,-301.6102291766929
783.6076487241053,17.133414449925
771.0580657590428,-129.55831404052634
788.1234451362513,-158.7958677051177
967.0854270304312,-117.11861115850365
643.6054771658336,-36.57631020238543
954.6939464538004,-435.2065062906476
1015.4951802918949,-0.5310536925659335
983.1882973824504,-15.696259665857696
951.3656903166873,-210.08197886015165
854.6951425192495,13.554665835114719
739.546226832195,-62.698554780169076
982.6589503045482,-251.73774663531947
955.0780930606682,-268.5648124847371
1067.8829417644097,-349.27799069233527
1091.6248394750805,-332.7709288719076
862.167904528564,-349.5227508913059
1121.3126982316714,-86.49446945188697
1135.8407430963232,-101.40637967634504
1031.5328595221627,104.15993878363415
1085.6231395836714,14.203503589050484
1006.1121502138067,-130.047700366232
1011.9139811490593,-350.5737421717733
1074.4470070548941,-269.0182293978197
999.0786869975286,-61.58343918516863
787.0053583953256,13.176053381932462
1283.4957757345196,-350.52251893779953
954.3180986530224,-219.3023458702143
1156.6789194748137,-77.81917171230987
1162.0086553766264,-269.7782227195744
1286.3743925712706,-110.99426031080267
1175.7437462385265,-15.10287480828734
1186.7525667207465,-20.048885536023164
1291.6986295181132,-198.12318314957753
1007.2754747203804,-18.310358094700632
1084.4811895723224,-349.3129508457581
1019.0790852284163,-193.99018405638793
1313.9877223304252,-256.7143503295865
939.5798131360634,-47.412823136785306
1146.5201331657586,-91.23426929290244
1209.0499808359905,-191.9190240758112
1533.9480700890535,-289.23055282950554
1415.5138896690903,-163.3217068160155
1343.4091516438352,-386.3457476149936
1249.4801417119272,-27.156255023346205
1314.5622825700782,-188.50449201569322
1355.0833666220965,-242.2218467990813
1266.9607549698726,-211.11849431451276
1458.2728605948219,-255.7937371933125
1331.5700325655741,-238.50402891925
1402.3720194872885,40.46866710818637
1346.3366213184872,-219.64692428572525
1497.4641387517959,-253.70377529464736
1245.6354914458552,-99.82594391118363
1608.1892254173163,-323.4848599775664
1620.607696532008,-347.8614759823572
1538.4304365269122,-280.81831841613655
1315.3188977955624,-170.27295167065114
1494.6727007003374,-45.588073137751735
1374.043600574868,-334.38338942906785
1460.2310996217775,32.135439560080215
1268.957007819169,-49.67662608405291
1538.732896814293,-423.5950002729101
1344.1582783923102,-128.29373993136215
1583.829941721531,-185.61389308853603
1310.9336519376575,11.429060600846412
1492.994629555656,-73.72986100294654
1467.2725319257192,37.012168308337266
1611.5700609743221,-0.08897176430554055
1775.7504179194361,-90.93051134147936
1502.6332681098304,-331.1955230051589
1704.214120577307,-245.50270946250407
1396.9704093284226,-91.91802274618925
1601.3895228005672,-183.9857362839736
1730.410568125969,-76.92575994189718
1707.1925886060912,-163.31523682533904
1687.4237158396616,38.61591051350092
1676.425441079995,-362.34466031432004
1550.736803155134,-146.31263239501988
1576.1845295597336,-141.67097559346416
1510.5640563475472,-169.96089057474717
1783.3733920294594,-152.45975511451923
1581.0715501150848,77.27072491413475
1706.6350273685407,-173.13482422370876
1736.7398337175432,-19.4592801059203
1619.5454832043858,-91.5077419950951
1489.829729719652,-17.575652030607444
1960.850547852598,-172.80863058450734
1589.169446469647,-157.70803584360624
1664.0670141823573,31.65987460971496
1831.620709274367,-336.13429058394803
1800.912899738759,35.62216815601681
1609.2198398764244,-131.95356654507614
1834.88415791204,114.88742308605975
1680.0990028402841,-217.52372513229014
1956.5619965917492,-164.55084158750435
1803.9813346492524,-247.66559471692545
1918.410190221815,-71.21260886209149
1815.7856068188669,37.581820274715085
1860.471934983052,-30.3924665114468
1810.551465984608,138.35537367165614
1896.382610562174,-210.67262926657162
1982.1670443347723,-292.8568889231125
1963.0922671367885,55.758889166456754
1829.8137542898126,-265.97661657709745
1819.4065289246014,76.13107863811825
1763.0239875306634,-104.88745797025825
1859.2431008672513,11.644060865573977
1875.6432895807534,-53.351210218856636
1841.566196931055,13.163246942905857
1836.0123241918755,-99.86990414493346
1986.8746307864603,-68.47974646324968
1898.9798837567373,-95.90881507450217
1994.279734573075,-263.7581773849878
2216.69978888942,-250.15988062357894
2074.9493502091063,73.87256755805811
1997.965186356508,-413.43704622278574
1982.7766130304447,-294.6735523362008
2141.924502683096,-146.84842579149017
2217.0607570456577,-83.03890363659553
2123.3323699133953,-37.40727042991682
2088.669856402524,-177.50640467880783
1950.3078200917862,-181.60610610379052
2245.680004630639,-366.94580767996007
2224.1379470444235,-108.35252489659467
2097.3633749841897,89.81881550589549
2088.6681483925786,-41.28647511745362
2081.3358547567063,-49.193096469036846
2258.2395668332333,-83.49873825926062
2320.378480884124,-231.4266392671268
2092.242695429163,-185.28424926514145
2121.3640484621637,-366.15758955233866
2235.841049384237,-289.239771720583
2249.231527635653,-99.34993161623584
2145.323822174054,-405.1992761292005
2139.270439127246,-283.72508016025665
2253.862905275293,-177.96674230924793
2345.356772184099,-221.76380718430642
2114.160392951085,-21.187436825976476
2472.0893467533433,-279.43445947087827
2376.508780154978,-206.57575107274573
2401.6618225278717,-373.3789659340232
2464.8464667250933,7.376785389052145
2502.7602695208334,-196.06543185032876
2365.9886285916696,-143.00276766354602
2430.078349742617,-373.49100366455923
2322.532944172119,-76.1484538046717
2581.8157606760196,-128.49841180238843
2316.176840324175,-413.9548115205283
2332.3269623019632,74.1743466726852
2191.61119769624,5.454775779564557
2484.4391370370586,-216.6982958164429
2453.4293488791577,-80.45935747776662
2504.1061389477595,-155.01133567756824
2470.351863062535,-205.01442317715595
2454.2742626664735,-337.25762583713765
2541.6248710834343,-275.553289910599
2410.0053564252967,-308.49674162777274
2476.392585786461,-182.2135999955375
2401.511410993041,-288.12125464494164
2407.2345261269215,40.65905848691341
2474.1019989302267,-355.8477563636534
2654.947240719062,-135.37287495641596
2467.2541839724686,-240.1914629958356
2457.928862600871,9.0237928576679
2456.7381145239556,-24.88586621453055
2549.84083881521,-256.9617151298428
2455.6368341604684,-253.30960410338008
2708.9659082397256,-258.4849427317622
2592.7701182492265,-48.6290174243897
2615.36484460671,-404.57236575987145
2553.080150574118,-270.15859316026103
2679.402171008747,49.76410986523979
2560.164083745044,-280.63155604999815
2878.0136809884207,-169.12196615665687
2761.361127268556,-211.21415112832818
2743.810917114927,-222.70042234547446
2641.505902176927,77.15729195881897
2842.3578188022766,-105.9212523732453
2925.4853086148705,-197.47740197282724
2748.7320006438144,-297.1689151097752
2499.4746097320376,8.687688660201559
2699.5854602932704,-4.69693421181546
2816.0198555852394,-175.0796038105163
2843.717205508835,-71.07739208625594
2580.269452306899,-51.41323325919302
2839.9553276736397,-37.03582488292761
2772.4267183021348,86.15375463701355
2804.3406503551155,-35.13695739958803
2852.0157374107757,-358.87985680870315
2648.384773297177,-108.46857375411349
2799.6595729046157,-34.51478652057665
3027.506023652204,21.49768082247283
2773.264369313696,-74.87509327742151
2786.926513475521,-2.9017137215001867
2629.002346914651,-79.41156244857757
3136.366677679551,-123.66406724300509
2832.1617814508427,73.41624065829592
2956.0055427005873,-42.47679381195576
2881.5776203807945,35.717919572534925
2823.0696968069587,-95.71216030190476
2843.2794631222964,-64.28608883214406
2840.8494575930713,66.43635092729892
2971.097903394919,-26.122448308515118
2824.8973766430017,-289.2346332823473
3042.7492823928005,-399.62048176435985
2789.3730347613973,-61.51910015940962
2874.699024792071,-140.0032570948269
2931.8730493850235,-29.024074760596932
3239.006773966915,102.64214424913177
3138.0845969081015,-395.4355546281783
3112.5070138509764,-118.25738088436867
3196.0824995338235,-191.50451750706918
3005.3038656816584,4.533717032025606
2961.1562086198337,-77.32618725102714
2993.1396802889108,121.06938887317642
3033.8983660111817,183.9414544117318
3132.0432164603476,12.778326048555527
3156.750808575727,-48.881194346622806
3199.695844962893,-426.3460987049896
3246.6794908855527,-146.83607374275414
3112.393172522614,59.32999377129511
3115.924911920217,-207.29280721103413
3226.0717790583294,-322.83214880891137
3243.1287576043073,10.506552449057153
3135.604194844457,-75.57020799238035
3264.6718362971633,206.4830855586257
3295.416971019554,-271.43993356512055
2971.021358850204,24.387194503103387
3307.8062835270957,-27.27437950948729
3193.9097844234466,140.44238859103564
3096.66788855686,-128.7210917409891
3401.3031427234773,-28.613009673366946
3405.085298018231,-318.4365282727507
3077.4154473635344,-33.308876725402
3233.3488811254547,-226.76396187523557
3190.036272758975,217.66205844312617
3189.275073224272,-165.69786853381754
3264.5868332375803,-315.2065989065692
3222.8938237131797,168.03920651980923
3116.9687147783557,-21.06919620588883
3402.037864832285,-132.52564212527864
3516.4908735387044,-341.58627446062985
3265.5740915256238,-86.77360485749068
3261.504570851278,-54.69655464610889
3520.648736677567,266.45502159573516
3454.253417898463,-431.04236275468065
3346.8043199102312,108.95868362367992
3341.529531200473,-287.66413624624096
3188.778671277502,-123.420995085105
3529.0196063341455,-58.25770829658779
3377.0288601969332,-169.46271262696985
3395.402012388149,-151.01929006717012
3394.0881011939664,-54.52046294704826
3712.274960877806,63.85212683720272
3655.946178697536,-291.2028982792483
3582.286795488896,-50.7798316605473
3698.209844944211,-352.7212651122194
3639.0083041072085,-184.67359397789448
3548.8535302943146,-159.27104885095014
3495.4790962114193,-237.05887118417297
3679.1772675113925,81.89508692118352
3618.3626098327577,137.24737425682576
3492.161957421288,-87.82248961261917
3706.872703374217,-177.42606110467705
3701.3870328605517,-109.03044922473396
3817.9478925961157,-267.552142707038
3497.9029340113393,-73.10815584231614
3636.1608627326414,-7.1834112441964635
3789.9777706149794,-133.0039590292247
3864.720629681707,-265.37108650984214
3786.6779054625617,-171.20258218622746
3651.515253690024,-264.526631109818
3657.9064438609976,84.20149202292953
3937.706505606697,-182.3161803157907
3794.9123648901705,-168.90338177214232
3831.6840934361608,-209.98946191114044
3806.748645981472,-203.8279809395517
3930.6136170746945,-104.52123218311647
3866.66894388498,-200.70227297483927
3757.133106570336,-29.451128897715762
3940.3613649813624,-215.14656230920934
3998.4937635218766,-255.69456618645415
3913.632848399714,-14.39501853713955
3979.4184123447185,-311.3041297483102
3912.0658194451375,-264.4422185255994
3971.2367080529248,-65.98977786865248
3882.628304754552,66.53719650676635
3908.9435186305127,133.02969329448422
3957.0064986370207,-95.69352069079366
3949.5456568556156,-230.20288345389372
3816.1564717138945,-295.40040181559937
3926.2859905943196,121.85130019940175
3914.2840827073123,32.73580762286383
4038.341770265636,206.73692313437482
3907.6931692449775,-153.8325689605865
3828.264665726055,79.10924177598997
3847.4322418500087,-200.88693863854417
3926.1584696294813,-187.044792439027
3992.4403393532643,169.48788449376627
4053.5919799099156,-504.2187515174329
4138.234486837568,86.29559380038381
3859.9269834367014,-15.831466711987105
3846.088191163825,7.254397269696597
3821.8670372147863,20.025361776405816
4017.694095028753,86.21217648600407
4093.1622043826314,-22.95076519311101
4085.8651970097562,-377.7623370152993
3980.667247487084,106.73142408376043
3848.5720991340145,-49.393528576448375
4048.9530535134427,9.995773451193713
3874.0561125454265,-151.33620993618888
4038.9899568514215,170.06611940540927
4063.7374003312148,-84.39396877568447
3969.263691953794,-19.191310635957848
4197.93365327406,-110.21429774380215
4303.07635977387,-117.8273646428188
4116.6078595797635,34.46113789171318
4084.2976078158376,-45.11850282137436
4225.709148873421,-279.1078480652318
4171.545239858742,-257.1987909670663
4329.9618220781285,-289.62412182764217
4234.881153682325,228.82204263615017
4135.486035679263,-222.83003698383334
4182.0743046514535,115.02625305416746
4230.327455704958,213.47799982604306
4496.949539177575,-179.4705385670867
4301.601120974064,-271.20093172434485
4274.958044854287,127.43558198082053
4460.897040102062,-203.0663822934781
4488.917703680781,-314.4232980665173
4285.543064887548,244.79922408571792
4344.119302949694,109.80380635785446
4379.538330161082,-261.4039722223017
4453.775673336487,-0.17569555397653858
4471.765370401059,-145.34449459295138
4542.511095534722,35.209569100213116
4349.301401687751,55.84925220418722
4280.189842488015,154.6540203961638
4501.994209791463,-67.41704461572317
4549.01301829132,191.96895769752143
4550.487357088198,-375.08642194520223
4690.9905966086635,-62.37139198126317
4378.659565495369,-219.03467002384627
4257.663225271271,-152.18415555123715
4540.98313228563,-107.7126263545423
4584.377390102981,76.27172737828448
4573.576647541853,24.357670666376407
4564.810380584193,56.87225147329207
4582.50749985945,-243.74332867628084
4478.16864193083,-142.2124720124766
4552.049382971306,122.84942721382981
4619.494251919101,-12.49043992194504
4607.546008648582,229.7342344304244
4499.603796933945,55.658090457690264
4801.978713781547,-235.22211825833426
4831.601767989546,-281.07024150883103
4553.0003080499555,-78.59577161992877
4691.445059290318,-184.95579273568512
4418.952324260155,106.78873664849232
4614.607996927287,65.27852024508627
4795.83549374075,40.976231579239084
4637.454303756115,156.13096680077365
4799.010525324607,103.28516723687642
4758.168510227539,185.41553281043537
4473.157930675369,-212.5765601309431
4585.591813783452,-460.01842542204497
4461.3871465364755,9.830276442448621
4789.894916746906,75.44108935222823
4747.117166257205,-395.48382963162885
4644.3600237959145,-258.7655814684897
4691.812140464872,82.35215122843442
4677.545886591233,139.38611446855396
4696.119201413106,0.6047029872843268
4698.52400862605,-419.41704772787057
4958.914351960987,-91.902474606861
5004.576628931251,-27.553184862575108
4988.977035978278,-251.74518932824594
4679.273632989535,39.89174994632606
4902.285387854544,-33.423652487862455
4891.183530555635,-88.82039404933107
5052.505646540914,-326.7512575679855
4817.523685626458,51.78203848179726
4993.12916798291,-130.66865627046116
4711.125287535291,-8.600960458535042
5183.314239161935,-138.06120315685757
4790.465541767452,146.72728689783435
4921.021740074832,82.18785233368158
4987.603896052951,114.88148781186658
4970.75694734945,-142.20893519790422
4838.5991798199375,-246.444256598474
4898.126150616181,10.412479456262076
4881.879060104455,-318.6722748467249
5118.74664249719,-143.27459575564922
5160.954839127282,135.061664652074
5008.516635649676,-500.60282502179814
5005.26716638879,-342.6699816489818
4977.797254054332,-50.37549546430182
4982.0366989207705,35.49678275228041
4850.623461441465,4.250406371070881
5117.129780544559,-72.39279225958637
4982.419426332436,10.424789659340036
5253.055086622531,-13.46692112077153
5210.9429205141005,-341.5526438641681
5202.764067166202,-367.04904436819834
5295.943979770674,-92.66554774945644
5278.741591419661,-335.37716781954146
4864.083194148529,-14.18812774716912
5054.440787369082,235.3637598124185
4962.7762062609845,16.537655664295016
5162.003770187524,-280.7578114023063
5263.735506988841,-52.66103869448693
5198.582046993628,322.3603053155225
4986.291070496026,-39.04896309554863
5036.356150493987,-318.4541346960052
5190.975403870412,-15.053743683173934
5149.001061834646,-139.1162104644793
5265.84320452931,-254.7431279998366
5303.539266774371,255.03361835591056
5150.559417087619,337.676741857003
5015.7584475058975,-194.6679852746903
5384.8460001639,97.2085989595821
5132.610169083628,-124.79527476714236
5158.176110105541,313.2075867006355
4961.044444278569,251.31701895113565
5118.641602222851,-35.51206412761485
5325.075522473063,-77.96170473573875
5115.838208212177,422.31666080770003
5179.629200527379,-180.86791478155465
5233.9304099182655,322.70839172252545
5240.833486194013,7.957272609586198
5229.3412874105825,-254.39759418903122
5117.470252920104,358.004214079416
5132.541868283948,236.06303146224582
4855.781299102691,204.73708129319164
5145.125792857962,-101.07224312023743
5041.477521400102,-64.71752486630021
5186.958302745397,8.89366328217784
5317.595491333862,332.6282961284204
5117.279256743498,24.062553946918797
5182.319682159144,-132.7225101062245
5165.286933550926,385.2681972710757
5035.819719339235,-191.3359950952572
5089.1206214611,395.81976598698475
5307.850806007089,188.91722067005685
5086.829147938609,-29.74614607351998
5054.576444604605,459.16925372474
5265.475051355745,496.4825973172408
5217.423226860058,183.03539385313127
5045.052520824025,505.0355795826133
5356.59775365844,326.3207617863537
5217.95378554556,-62.44791568714879
5058.292171520527,273.55733046705757
5204.9511009120015,311.2143867662245
4973.3686857807925,120.83625045901931
5322.748795411644,386.1642768743136
5088.661868738775,731.5611579353374
5044.214992540161,573.7466515417243
5077.715198310581,269.4993423483322
4920.577741093937,460.612791374695
5123.568679506325,324.82526045877285
5005.403617861595,279.92440078143454
5373.710110383069,344.8781427540267
5150.782161279007,624.1670492934006
5361.182701767055,458.41286117617017
5253.405025452308,535.3351977190466
5037.665767065593,271.4010810411819
5231.356029848963,261.3996546489012
5186.903320848901,214.05980156604176
5074.788817008131,467.6972882124679
5174.09508801726,733.3843248834337
5059.74654370647,570.6854217877064
5105.131665349647,901.7812249847213
5239.90668663597,560.483496342437
5230.138533306901,316.69831350424795
5073.1511625029725,214.1379217896939
5160.861417724159,886.1727281341199
5141.399140153178,890.9937604338307
5068.05166499191,585.9207812988884
5106.040851085457,362.4197767927708
5251.1901788025925,311.34584772825065
5172.232278509471,282.7478395376496
5154.729878817593,754.9176797958428
5219.9313692952055,651.0730223241551
5096.722630874898,643.4287653000099
5082.235921078298,939.2089541063831
5412.1649439814755,598.5217565460713
5210.831532786142,726.4129410615196
4960.018782196764,520.4929541592628
5432.468980921563,702.174816327394
4943.742021363403,655.3165919633668
5166.032698254339,376.5966903390681
5256.24100408938,657.2054042750555
5357.275840852859,832.7620367881273
5106.092993470522,487.54439309766417
5016.711266189977,646.4796297769311
5372.9340138872485,765.6214987513963
5170.624675043927,520.7496260785662
5313.796929060993,848.7164282216663
5022.867082199258,749.4806285788532
5134.193301309941,1216.9994739702593
5237.521684403233,1124.6826198012373
5367.52410426064,1054.5049295072545
5087.545781016492,687.4786842199244
5229.753556977472,1132.7588997394018
5219.454459188237,860.1046490904271
5059.677211508093,696.1107347907985
5120.284549935091,810.5838180703677
5135.93227698355,1135.0899874795996
5132.75438517463,1074.5402884350008
5146.163325143338,917.9723750187379
5057.162719846412,762.2058279036459
5337.19354911412,936.1990008161463
5081.190534699868,1051.1145589870173
5143.685737481081,1253.767059890105
5239.426311700781,811.8279542128882
5035.598619648521,945.8302959228041
4952.492984848948,1118.325846864702
5288.6931422411835,1195.4943405932559
5133.584126327631,975.1781053682187
4976.438308596113,804.7786741707168
5310.347565043678,913.0286755704417
5084.7612114541225,1209.40522625609
5293.608602820803,1097.7842636978676
5288.993473304714,1363.3980489465944
5238.162388733079,956.3433586109204
4930.395390762228,1205.923546104717
5384.65445703231,997.9695492441772
5151.767425442621,943.7926701937738
4852.179882946835,1200.6685256903747
4951.1694484630825,912.7306538908507
5285.620522696132,1345.4089483798077
5275.022664047052,1397.5389641553252
5003.69771392209,1290.9282808503087
5117.742117476841,1340.2449918761654
4990.000347858937,967.3773263108257
5254.227675013089,1151.1774998565702
5158.4637434010865,1417.9645362329939
5166.265163061262,1249.7404601081735
5087.7544441321315,1360.8074384721897
5131.377719058317,1029.6272538742478
5025.762003705071,1420.7650029069832
5006.356191076642,1438.2945496075645
4796.118552531714,1295.5220732177454
5166.535042004449,939.90077284793
5172.038132234298,1184.5402822638089
5058.422793134956,1576.7252393304532
5033.638086736257,1427.917492364929
5016.371798522602,1191.9041615445763
5272.361380085942,1416.9169225658434
5021.104572145824,1350.9703380447183
5202.997042630666,1160.7933041097199
5045.530622340846,1388.5106194925868
4911.986192515913,1403.542475955936
4997.918489131646,1473.023571847336
5089.268011907549,1371.5338859691778
5161.688493721253,1467.0879396493112
5040.04977335088,1549.2500795032186
5230.595464073809,1698.0751755880729
5159.751027880623,1470.6768461163892
5051.257077809516,1432.553175773771
4913.8149040504895,1431.07254517605
4940.282051775077,1530.4458668664174
4974.443639793513,1448.9350414303667
5040.573163901157,1656.804662044543
5092.468262257834,1198.8449329411956
5080.123293916027,1592.0032036210837
4976.40262182518,1414.8390786350565
5151.64320756024,1367.4386427561785
4986.14825039567,1559.2011450740774
4912.52774117296,1524.799800142699
5110.440237632301,1891.7054719914113
5004.933086411313,1360.3876137179352
5266.0457378184265,1556.8785393248286
5086.811620246301,1830.1691243381379
5042.917858869402,1536.8285262599807
5226.384963312537,1501.6032141080216
5064.080577759969,1682.9131679590223
5249.892077732868,1733.1999618132168
5358.723272215453,1776.7769682145613
5169.472645444646,1320.434157176049
5115.53814252608,1626.5703010743805
5237.657789986754,1803.088894508286
5164.968981705748,2079.168999485523
5353.0746521687815,1774.734206575932
5257.158474321655,1589.2781413106873
5176.070474045572,1911.4450609609535
5176.897952058886,2030.3619237095359
5381.500752021373,1912.569388561932
4929.800034124677,1907.9690956849536
5057.806998798384,1576.3447970581801
5068.170134506496,1582.1757139103022
5250.171573623953,1999.989517343121
5206.534790585912,1622.7221866653585
5111.502419209828,1536.901998048718
5034.986014321776,1886.6101771464112
5038.845142949632,1686.4832497207985
5240.804841584559,1850.4128883224034
5097.004781317104,2017.2543333784013
5173.568459936163,1934.247011524197
4976.411564122376,1636.8953710182236
5309.975086635356,2015.759495403457
5070.059821067356,1853.7242788070907
5217.1855779359585,1584.6694858598278
5307.813725348373,2231.8304502725696
5160.754869467204,1810.2158063648935
5303.242478243865,2271.356103322776
5029.360633533202,2087.6126125809024
5395.956490519758,2131.4416648993083
5320.509561386718,1960.3105609900854
5326.292874563778,2158.2804560388186
5211.823892024754,2311.257857867088
5191.014004463317,2308.636983041865
4943.114299928819,1700.4798608540382
5278.580979575035,2241.253413978326
4922.850060751629,2081.992650615036
5177.751385594599,2479.146539341443
5026.707708625922,1988.4402646428077
5312.667014879802,2028.841459315093
5339.125616834623,2143.552626251838
5321.360269048368,1953.8733784244969
5027.83906460357,2124.088254838831
5148.929635168981,2241.5506004283866
4961.187796847355,1743.9682471051042
5167.529682892804,2405.0017615551915
5136.973504608021,2040.3895668053656
5165.083561060025,2388.1997481800327
4948.2277976597325,2059.7056010311253
5202.363897626853,2005.276301533917
4987.326890461306,2107.801302375869
5117.077029222676,1964.83422529658
5172.867769006998,2125.458182336844
4992.436135576323,2134.827774534831
5009.820114485887,2088.0941579860364
5224.202055199636,2255.372761958797
5153.888225556111,2319.2709242969872
5269.610906270085,2210.3176437979073
5028.825135945938,2180.5743380692707
4904.574972456037,2300.401749013639
5165.574108734001,2448.1787147329783
5076.002910249304,2331.988496803671
5321.918168166715,2437.4912714133825
5034.936760679067,2246.5723908378313
5161.205939778209,2141.0424685088356
5038.065015320453,2469.5337518795714
5107.145437501753,2289.730747820278
5189.993770207362,2520.016124946934
5147.542681424242,2101.1957592006943
5116.87504315413,2500.751022872034
4961.8354943037875,2343.6739525274184
5397.886916465704,2414.618111788943
5042.492536165832,2340.83517799658
5032.628083289246,2197.7468277745943
5105.089275899294,2464.018976079724
5081.4961378250355,2133.7864110498763
5072.89063642387,2578.398243227598
5173.532282231552,2352.0399420006866
5214.333121049953,2605.921374843745
5152.523587219213,2815.608570675957
5240.82217976753,2455.514755816408
5291.918554323102,2755.529447232685
5074.1454007335315,2510.690428501568
5161.086905281151,2691.8321238825984
5025.378602677913,2528.8843105179176
4986.206787661606,2380.1821070050305
5008.867108704897,2204.8769809704686
5129.267182882533,2486.0471760217024
5005.851782904338,2516.362770519275
5352.309679087532,2618.4210854734742
5077.21730935168,2318.366471854383
5249.646979041359,2646.0749460719417
5170.73842814367,2766.0744627807594
5168.73090477065,2541.5610252768856
5056.754815601333,2740.705618650415
5248.997189901302,2585.232390113336
5139.602306785805,2923.7747666630107
5015.795643009845,2519.6758333787398
5195.929526925142,2746.848524136837
5044.098505522563,2692.5247013382514
5043.791987501841,2660.7687897298792
5177.543964881961,3007.4669994403102
5125.656780429121,2327.255893594318
5143.028285172502,2772.7826615545237
5105.221649660496,2841.1764986757594
5068.948774556588,2858.1536277440346
5167.041462920823,2729.489352038406
4977.60228304289,2838.218253714498
5253.5895646333975,2925.1746742287182
5022.455288184077,2851.496717224976
5107.404272661873,2806.8067263739936
5260.4223620087505,2730.428757746888
5052.985241347214,3016.617065993051
5173.194255377854,3073.8084192239357
5056.217810346469,2694.5977473834073
4876.381182691189,2898.1040723592473
4861.305059189229,2840.2650309499286
5115.068529899678,2760.4577176096195
5182.58513456362,2879.955327918176
5132.221084453061,2543.3252587000034
5005.0580312702805,2725.6492785203654
5277.170709100465,3032.468950574221
5141.18541282892,2669.3053511142753
5268.764078878431,3027.11583129514
4997.621059651789,3276.349520372609
4964.725765494118,3003.952094456522
5242.8732650463535,3142.87763127558
5236.572859694008,3148.872718632889
4980.053584772122,3115.673612181478
5047.001559092625,3156.2438523090723
5120.386481557594,3348.946842081058
5302.214462953865,3379.6428223738612
4984.60731197745,3057.747582969141
5024.907992915392,2894.9222670827057
5228.888611884349,3170.3531893299632
5039.38013453082,3138.4111190597364
5148.881504879993,3441.2005549968862
5198.2742094870655,3358.0293702621357
5140.953882926983,3096.7765848800373
5090.364297089588,3020.23481935942
5128.882512017399,2899.0955881971586
5051.451308953218,3349.658350914782
5028.411623389736,3312.181591009311
5143.6952864452915,2986.214473925043
5313.813087285404,3337.301920845206
5094.879818729972,3053.8902838864155
5033.231030011097,3047.583060390647
5150.189366860734,3375.4961308388574
4929.54316637235,3170.892306161866
5388.951307984944,3196.1250926131825
5418.02405288382,3307.711856296489
4898.4849690184765,3161.4217166996095
4916.119829254981,3327.0997802830148
5100.378036539858,2886.3418671693535
5156.046589279833,3263.4020475968246
5074.417025482935,2940.9944695919935
5234.616823376564,3321.029848415075
5242.149907675144,3253.183586541565
5285.170303692425,3489.0513002012954
5229.8137279144485,3601.1509205336015
4892.764157694306,3518.9884602157845
5310.559229468625,3150.90769961333
5087.465577011184,3468.598988307425
5132.204430381017,3487.4541641054334
5183.947999530381,3268.3962628600793
5127.28039699517,3432.7840068926625
5243.091462835571,3571.0889066700674
5063.957564373079,3363.1906532071152
4964.128643035994,3630.9406018377767
5196.6321057892355,3375.8782071622286
4851.217889972455,3419.6817700221077
5229.59769578215,3423.2631318942995
5200.491401195609,3367.907998535246
5390.033500914626,3518.3996283282395
4942.429456806894,3193.8215118449143
5180.733775044497,3859.9356665342784
4993.158847580401,3649.8482327614624
4974.57966276145,3529.726879358833
5011.210181829183,3367.0872585492407
5176.206055874934,3415.5302993779233
5248.063082995326,3777.422295669744
5351.7176626283745,3557.989475067584
5190.159019093127,3883.844155610426
5225.399377513095,3715.299947771923
5365.012172902687,3519.914830509826
5180.056030605762,3794.4536714554433
5025.191106305385,3857.265722190278
5208.989963225275,3642.693450609897
5082.190091865559,3583.8680955659256
5122.936932634078,3721.289740210026
5306.123893311664,3742.7667072899885
5102.959145160876,3623.2180348897227
5118.580863003061,3642.1785348226895
5293.258056133866,3607.1165163386822
4915.883922384052,3694.1031469641425
5208.331794132129,3665.7770650029106
5038.669940012242,3395.594927280555
5134.325619016748,3525.908640554685
5346.645206943664,3739.6539521862624
5208.033011690639,3909.520966386115
5082.9279323981955,3770.6539792561166
5234.420051032248,3917.204200304379
4820.735407427785,3659.863594588427
5124.076658213554,3525.556173885279
5185.198839979668,3986.42337875217
5093.840612321541,3577.555016134347
5175.829690226098,3622.322585896011
5138.346594710873,3965.844179556322
4993.494677563336,3653.5552863633347
5175.756190882312,4101.785812487346
5239.602595339105,4043.4265700007327
5075.194654644313,3650.35872269165
5177.387096270013,3474.8481193927137
4860.896199059663,3744.42164839264
4996.379308516892,3858.756000678988
5307.580562756615,3745.8954197076664
5205.367837413844,4180.242224754437
4795.35352404683,3874.651541667901
4820.138178990452,3804.058138433782
5123.545605695404,3899.013946131345
5008.432641346047,4145.972141744622
5087.503408191639,3754.9913753105643
5095.704476076138,3609.359883338613
4934.822154262462,4087.600538469256
5080.6930168864565,4003.1092160436024
5002.236358710019,3818.6485812814262
5021.845194312819,3875.4983830222363
4932.7728668799045,3750.1154218650745
4968.355073856246,4063.9166082150236
5079.928068201071,3999.2991987683395
5163.228847432646,3723.5641756760397
4988.657895471362,4028.473863466982
5328.004562857718,4288.180842486332
5157.053742322818,3817.9278726927178
5156.5639181313745,4003.390417603627
5367.674924668563,4132.797365977496
5050.458020901669,4071.073636519348
5143.220422319282,4166.679104214891
5047.059970222366,3973.7354262431704
4983.000675322908,4175.123530122319
5266.766421430349,4292.203601550583
5330.5263280844865,4259.098740635781
5038.1859876438775,3939.0316143565024
4950.477561050977,4120.705999370579
5236.999651491983,4301.059939493469
5064.849373655101,4377.563402759153
5115.629435031131,4568.396213610415
5206.934956953355,4535.915296096688
5292.974022291148,4492.061530023879
5054.315810046385,4568.988771906102
5093.533525270549,4552.281439538843
5219.688378825165,4439.203742421913
5108.1571627828525,4196.335549131305
5108.616901257055,4064.224827610419
4988.0881065540725,4201.8590495071085
5091.968131565805,4724.434475250992
4997.512771521369,4162.549206922043
5235.945626465334,4766.237941090238
4792.6910027905815,4280.571660691466
5317.862820161904,4195.26122282552
5134.930135787837,4566.086447803463
5184.231503962756,4741.682989727412
5274.682738246813,4450.457854224824
5251.3045604398185,4382.656947383806
5476.781473264382,4400.006700655033
5432.265484139125,4493.058598643706
5034.649746038133,4466.462137970598
5031.430434052457,4382.090235202902
5230.743115417319,4170.070203652593
4923.202374144532,4360.050034396278
5210.227187376322,4465.994881678818
5016.101578430527,4319.768518209036
5026.638402104694,4678.205213301726
5139.262939778623,4524.172926985605
5081.214512698803,4421.314348272059
5382.109969789115,4483.163829184764
5086.627434225216,4372.893357706504
5028.432643944607,4486.8687139542335
5006.635808772671,4626.340599149924
5245.546592664054,4902.8274670769115
4915.642226195907,4585.602826250174
5304.088022611241,4819.371147036298
5029.415467948034,4504.296418237638
4988.289809147609,4653.7872469116855
5419.188690142722,4779.36888413576
4992.356196712493,4595.565257530525
4773.519835332926,4635.100379852518
5153.04788414529,4529.518845082907
5163.445178097537,4294.683726611417
5105.975933783233,4406.738668294754
4988.462461215746,4766.0261953668
4945.232798153318,4635.8596192804525
5261.764832667619,4954.707929446662
4957.377508471337,4682.688482431158
5165.141489931783,4396.542407439537
5192.369009119048,4954.1008675341955
5115.088739231089,4542.277020106357
4940.092692333852,4844.369598789938
4817.524231574869,4540.433589710298
4873.632023468808,4628.032934673736
5053.980183166561,4583.656042971709
4923.209701282971,4866.091433309523
4955.991639800795,4595.118052834758
5297.6390365821,5121.225145151535
5410.595646960141,4897.747677664652
5243.255584273508,4977.097858269642
4995.193682353704,4941.708110346974
5163.9417570050755,4558.003679794191
5218.153310874995,4583.904989801195
5082.093098219224,5028.940491556436
5291.922934517303,4904.814109896386
5095.263806997472,4875.268412032932
5255.584762514405,5001.752549889912
5340.234147737092,5137.508395563477
5230.7412775937155,5228.720436216135
5455.629999074577,4946.928848049765
5237.929857011691,4873.500639183676
4971.9612146098825,4740.001268621105
5069.796066349199,4958.281037549712
5226.281845901591,4810.277068073489
5219.33086810924,4826.460350078263
5189.370521468226,5306.2473242779615
5420.7164208730055,5057.790390933504
4990.868650388137,5241.420462533433
5450.621741576515,5060.08724405504
5310.015425551133,5168.111960074996
4938.690516122723,4930.819612141796
4943.352848132268,4855.330016643682
5091.748724616026,4975.577303098062
5081.443593330721,5249.2045830705465
4977.443590200342,4876.944056534833
5445.550601065036,5082.740723155142
5164.6159550585835,5509.484153921882
4895.18436403341,5231.63580766515
4953.474594803969,5077.1571781133225
5027.454085121263,4987.445924927129
4899.293866112601,4940.863013385335
5076.4811117192185,5124.150277575232
5151.7273117438335,5115.312586808501
5049.758823169475,5091.301561349843
4970.980135864866,5016.5605670577515
4725.252105797692,5140.3608573632955
4771.221470591524,4863.708991963114
5119.046849114898,5299.647708121858
4940.067432833048,4842.990074119989
4991.374057472498,5395.292667310329
4907.829196611899,5045.663748605049
5017.04202762426,5018.885206773461
4758.829357476222,5227.713579684449
4999.562060373454,5144.28833019396
5090.602669346274,4973.709866170139
4828.238713109307,4802.272528509958
4958.300246440275,5525.699032973643
4857.54384676213,4796.256961896492
4828.1997993280675,5018.468955010298
5091.822237311018,5391.099427503384
4893.836057011053,5012.578960004855
4703.33304577805,5079.441033012536
4835.829808381216,5245.61315236968
4611.2807698129345,4828.020729335471
5033.199868695037,5129.340194888844
4770.704380382259,5265.342713352415
4817.3067508795,5323.644896216654
4557.818599241418,5053.0985324555
4922.492665426107,5142.631899342428
4651.842720252741,4777.597445271184
4710.027923466345,4846.448617646865
4865.585429076824,5102.836245269588
4595.2985121574075,5312.30301608791
4887.3152388181,5442.313813803136
4798.364982878296,5140.383318905675
4845.642061734293,5240.706487302991
4536.6082605983265,4808.645649068435
4359.584649807513,4977.455729973955
4575.472790616971,4940.444022886028
4609.1752807695175,5042.034913734728
4370.029373032347,5068.603555884583
4469.050412117504,5041.117255026278
4457.3799045633,5202.713491063968
4630.067963677107,5173.625279108279
4742.017904172008,4982.250874454197
4629.316152970319,5002.058405209264
4693.717585267368,4799.040617821036
4538.549443295397,5274.645396158212
4418.365331559327,5180.831316448242
4383.709687146922,4811.076274446557
4619.105678981324,5121.871430221539
4425.617687660789,5063.893486468224
4499.367109101564,5089.773301640782
4507.009047756403,5340.272616257636
4582.274170177897,5382.793749605061
4693.106516956599,5034.326503669754
4662.362405609263,5452.486843440386
4543.9432721109215,4762.714832929701
4399.748991767089,5489.605169518114
4752.7108955861095,5371.073484772918
4474.750475293819,4911.830382536962
4550.676100539745,5285.0129950105
4389.706115197392,4931.139200919969
4587.867558928436,5090.790213629233
4224.440017050287,5299.034340864114
4413.762691051811,5092.873838366193
4399.9971568843675,5281.953332453397
4349.712352359169,4796.624419097661
4490.698537588577,5410.83322578276
4526.343984821715,5221.927868083958
4238.203987174713,5091.087052802546
4414.532921873595,5148.926599373768
4239.88695869181,5309.1656792964295
4298.265261683999,4788.665561632121
4412.316603709998,5189.327568712649
4184.815314925316,5290.710078286807
4374.65130137978,5252.062847837394
4187.474703028523,4830.881040871682
4308.534069372938,5304.112590470197
4150.794549825849,5000.286301759024
4384.836096877911,4982.806012921728
4144.77622241757,5288.329325191483
4165.473772479919,5221.040643876261
4177.757911739906,5098.119144806056
4297.3448170302745,5279.653864575419
4085.558768441725,4838.804534617304
4277.519349679856,5212.507067283119
4478.600287122031,5290.863133993587
3898.2023934901995,4884.908703374302
4025.9594837147365,5003.007574720306
4419.038608970448,5160.184340326569
4207.9410671759115,5157.364845559321
3928.4217660020404,5171.582474207192
4188.867446392453,5358.303351722259
3973.5328098527766,5198.145729207797
4091.4407125607013,4933.655527380385
3868.481209479528,4916.356144138653
3943.5254638708316,4981.669358513494
3918.4659372432707,5075.127943265401
4008.5251728019175,5465.5872074980825
3918.576742609912,5160.1951671040315
3894.440059997977,5241.070604656777
4067.1795371272283,5151.108628916936
4005.4189742503286,5332.982124817681
4100.9008638491305,4919.056231070272
4112.327064662717,5363.153432691384
4260.101849103575,5293.9422813211095
3778.833978230018,5164.7893148613275
3876.7268911889537,4924.729773801519
4090.0305694953213,5134.969619846303
3567.3097766425644,5039.024903024264
4007.547068177116,5194.139746638171
3794.7430225129833,5069.1965838005835
3722.549667399299,5055.318193761324
3810.663886567416,5134.523349816953
3966.96355615606,4941.124513593516
3905.6037645475826,5185.679330681188
3743.259061724698,5271.506352164413
3565.267313271914,5036.487754764168
4069.27059492834,5164.108831223781
3646.7310080646016,5025.221356909866
3882.3438241492295,4977.9074430005385
3930.1602829765834,5250.648965180061
3719.4341595252517,5007.933279791947
3783.9175962922764,5365.501429295971
3667.3739869103583,5143.98953803865
3742.81910430431,5436.6012886327135
3563.7293370540096,5058.648096730282
3757.1696849434456,5459.359517255789
3508.337730734764,4972.857308610742
3990.432837242547,5185.314206943606
3950.4312538818435,5153.494299725343
3782.601075680809,5103.507770281554
3495.5355118062907,5255.503559543591
3909.786139627493,5365.7315038209945
3567.4778705500567,4886.051464069662
3842.465607777104,5239.335566600459
3757.2518632911597,5263.140011847458
3605.9671274789816,5147.081800713107
3654.0139940097147,4983.715053999018
3575.7119263731847,4986.841338523079
3727.7125082765615,5274.711690153104
3756.7015856050107,5323.7380842605835
3647.966084274044,5219.317631622775
3529.2160431374923,5262.8151326176885
3512.8197938419203,4961.1319380603645
3575.6866024334076,5124.8601723659895
3338.947224485769,5023.963899480641
3471.591143990262,4980.656416396301
3412.6141630822885,4878.0133571570495
3278.288152275884,5069.367749183529
3605.2997362386495,5276.474662557881
3543.293557669052,4992.057099739046
3528.445966465151,5165.2259755532805
3301.2793228570335,5019.308646649269
3395.6399814213,4930.211424709035
3160.8177921069373,4894.426511539057
3350.714273971399,5396.5760255825935
3252.0472996830285,5161.832847952834
3442.064078180265,5106.045268468377
3254.9956871273384,5046.867189142045
3457.838128817173,5176.91478095498
3541.792462345521,5263.4877147861735
3374.8841905259997,5298.195352119217
3444.426896631856,5163.4652473066635
3243.968647342166,5304.768422571384
3468.4062311528423,5339.646358806218
3222.684762315845,4833.970814070056
3338.446258256408,4832.9611083444615
3399.857746462131,5176.882630918812
3208.4121601015913,4844.573372055484
3137.2739539920194,5362.530676199776
3125.4727460279596,4948.421075514886
3442.306839529566,5273.652788805199
3092.752939905455,5065.144881376487
3378.7177510809524,5191.9460189166375
3191.031990900946,5166.462207881927
3186.8939463711067,5212.168846109567
3109.6815243964047,5072.809846198037
3283.229420826173,4926.309988286186
3257.404989094307,5178.102629445205
3246.8128052718585,5010.064944516375
3092.547909735951,4917.214150087391
3230.247915895038,5323.074966874094
3091.430663195285,4757.028170398726
3036.1142575093363,4943.122258983172
3045.964970885048,4970.184969778086
3066.1120497239644,5144.048963263824
3252.716749175516,4960.14958675027
3013.4802286931563,5075.640754474983
3030.4181128414393,4836.204307203185
3311.578560330271,5339.396917750814
2880.100483072938,5077.096082009615
3066.5046457575418,5249.522546088603
3107.930179703525,5286.700233023156
2966.7476849807454,5313.430071245759
2939.122545733482,5002.636167764691
3052.4636442507754,5005.360550418712
3136.271505913627,4923.968338270519
3218.513193013757,5245.429903768614
2859.6412820058863,4992.499646923953
2669.4070295079146,5097.592414814062
3188.046068698419,5193.553636896332
2935.840021667593,4888.634992461535
3043.2633608874294,5361.536709566188
2910.4300541849816,5179.924160791688
2728.1569099929834,5124.12834927247
2967.9825360153477,5013.801616686708
2810.8114005564134,5184.1475350701985
3052.654890020327,5048.245038634385
2924.9228040891967,5056.219489119165
2849.5241405272545,5010.564083509489
3043.767071535154,5341.387239594181
2743.724815192735,5165.284236253894
2667.4560771042306,5098.765487122709
2581.3481143443905,4969.684127613101
3049.610415943289,5333.896767835373
2562.6199681697153,5073.593115735897
2861.9640014045617,5402.868368949287
2490.7231425937457,5091.219954994226
2576.8343877185307,5037.050559632538
2717.651450682087,5107.0725751477985
2815.220726439755,5250.038291889364
2914.4066869767644,5249.0284368702505
2678.235585588034,5472.365850275804
2546.8481261499082,5171.893181197803
2710.0857177052544,5208.190111861566
2845.9436811646465,5271.234034977035
2497.841951274622,5120.759098349134
2803.996336002131,5029.847609505268
2707.778210794382,5068.601128448703
2720.149827735284,5309.416753042544
2650.498927290847,5429.737436683832
2669.30991908097,5130.622390077001
2621.470239322822,5247.523739497225
2615.1630637714566,4973.874703801797
2621.343142772641,5284.764928699244
2478.625413394162,5004.3552346482265
2670.718510889106,5219.9269445445625
2339.492590026308,5212.743233539673
2708.0170411855215,5355.390146092586
2523.2086722035883,5192.223453489916
2766.0421524124167,5361.657814032902
2365.183572598347,5064.859969193827
2522.46971792185,5146.308828501309
2329.839746568523,5055.979898518091
2485.1311495071586,5139.012591981215
2379.472390619977,5260.236079537027
2509.529129106404,5310.241502050897
2430.1955504707735,5195.616728473354
2572.816644470444,5370.921861977125
2114.7713191784114,4991.92599388975
2373.7768856378616,5384.094135410492
2564.3219281439815,5262.689428488862
2463.017031476485,5225.671709336289
2624.1287061221237,5198.573165435398
2356.106041039464,5443.746304224145
2263.3397851547916,5226.276115013263
2401.1573115840024,5152.558162829204
2436.934766520795,4970.159164176397
2385.282282158626,4833.058635955424
2067.9104822504096,5070.188806220791
2115.8647871092603,5143.8214653635
2313.3173724065705,5463.2014548437965
2319.6938679635987,4942.752514278885
1961.8352555566448,4968.696771866449
2042.6305933213857,5021.442733032244
2387.745077178479,5017.5861391600465
2139.748450203434,5164.061225835987
2165.753240130265,5328.668931158514
2175.140060653593,5019.733240160354
2445.4245712973393,5175.3544223988865
2198.105729666136,5301.909720613812
2215.8447255576284,5055.214508118769
2248.354910501883,5192.678174805156
2108.776992212547,5195.120365787365
1964.6670333772145,5142.71892470182
2253.6997472695366,5111.732511806724
2087.9920923373757,5247.9470529871305
2232.7316840570315,5245.12266541194
1987.404509104669,4956.01812663996
2168.73391948104,4997.61926950903
2271.750457276835,5304.283666939355
2190.6691274743494,5253.173243632069
1962.7294467284619,5065.840103300085
1978.7082095329229,4896.43890115493
1848.2290374482072,5085.443946946209
1934.4618062845063,5329.770048911317
2029.9344689258414,5071.3315815542965
2066.104181146601,5109.182636270716
2146.330081838093,5146.512790610338
2003.95362903914,5086.135485032355
2147.1491863220126,4955.444261163722
2134.0456977499507,5073.4717671183325
1951.8964105418536,5084.410512475021
1895.7621021112795,5094.522819472455
1933.018327966176,5092.663147356056
1895.8704160582292,5155.849869210293
1878.0781296062908,5263.681884814721
1883.8761795768862,5265.379071579228
1896.8264107650077,5345.4104524470295
1752.558346835961,5210.52830717639
1896.2217937640448,5321.54364428168
1728.6052392256056,5151.849085482525
1998.3223693476693,4975.2966756100905
1681.7807079104155,5108.713379707122
1807.028531066049,5204.794672869396
1820.095417130729,5343.53279265475
1895.470255687736,5049.596304620607
1466.20428951363,5062.783567709453
1981.317775319142,5397.0206786843755
1972.5484101069835,5128.847130244011
1468.2213615139174,5021.218270279465
1598.5637278605318,5219.786509278889
1720.7463014532589,5009.690267654663
1756.9557280591418,5374.445710679819
1538.6182322252046,5134.127580588805
1799.0916704910846,5022.248379582505
1661.1518394280556,5055.060972901474
2051.4287827128073,5192.452008322425
1496.3446046757863,5116.448236071256
2015.5304073616,5182.714184787383
1545.856007126782,5102.3624565551845
1522.8683611980405,5011.333923258129
1505.0287647397913,5026.825739139203
1456.054547680244,5121.550930054915
1680.9593205881888,4944.3455635353
1572.2458811520657,5012.201375704425
1665.717509961595,5111.482751758488
1769.8251851141863,5058.632422171704
1671.3793223840335,5318.072888296576
1719.9552606556767,5284.345651446278
1294.4914219827467,4955.350889594383
1525.2020638515153,4935.632844474658
1559.3426808278166,5337.416617001838
1637.1199965500937,5291.094494922147
1510.4702989298403,5369.695719284877
1715.368588859971,5345.8802038505955
1772.294439183804,5225.8579424735035
1562.917063713654,5033.350416824256
1577.3497750003405,5318.820628852773
1317.5331634450486,5011.339743824903
1427.9405050961418,5308.266431116086
1564.610168479225,4973.061077511762
1369.9133618009137,5231.343951482733
1432.6350989291295,5218.344763489984
1493.6210178762121,5169.4433003342565
1402.4037386857476,5297.217044336037
1422.9919863844225,5042.99520062996
1126.8087777796554,5093.458826622373
1535.106554409714,5321.447171750041
1443.7494649777072,5320.028620503608
1637.8251321475416,5305.432537013988
1286.1820738138415,5189.801474973374
1182.0362637749504,5056.874619795076
1328.6529998974825,5339.717247881349
1318.6990084338845,5137.653113768378
1289.342603628666,5304.44904496706
1141.8573003425477,5195.0521643878965
1283.7938637727398,5303.031328137376
1057.5858445663903,5108.3710703045235
1155.8044424708187,5341.90939122327
1107.6473061450406,5042.445617051702
1205.8807151401795,5123.670084814454
1148.444523309271,4992.465040692506
1125.3513272940231,5323.997756244213
1351.1553378957578,5225.652289202286
1265.3878358210136,5167.457785895728
1158.4435987237973,5270.9422245459
1478.5591560944483,5260.861828965865
934.5267171646394,5023.937038947913
1355.0469697644776,5185.699508487609
1344.7591163931534,5055.509947415615
913.6368560331497,5086.618217513397
1226.4210658278093,5225.756224405696
988.9840305686095,5336.221009800253
1070.916395980574,5046.521455807344
1033.124545331429,4908.477838525221
1337.9691127792246,5355.660174986678
920.4366803621895,5083.717931494834
948.9808797798277,4984.917487274716
959.9665458825532,4946.842793388223
1048.2125183967119,5253.275021248046
1045.3351170378394,5180.951085897252
993.4923434084097,5266.898310437118
795.7233114121339,5130.06034860254
945.3443420407586,5039.4330057783845
1098.9409036817706,5254.844398364434
1246.4100976435086,5186.752144812323
1004.3734999193371,5028.135896729137
842.0874323778842,5141.052301599671
893.2017327779807,5092.116254630815
871.1254873049559,5309.647198001237
893.4612830777177,5168.436876076188
1134.849506721977,5074.092400143863
964.5719352729968,5307.055290787062
889.4949320674853,5272.9944609116665
1121.3599341377194,5350.479855118045
690.2799045929728,4979.826914472698
753.4257229416512,5044.783499687251
789.2248410013484,5247.755950674987
987.4783127748316,5323.909859794717
987.9334418166767,5108.814768943931
798.6536538754781,5349.460109786711
823.9513235348036,5157.098594312374
885.1594360992655,5311.882405466873
1038.5659809075191,5310.455733896166
522.2765975927058,5149.156220386836
826.4637593710861,5176.718275940629
620.3853059408962,5057.524126381465
972.3653599982093,5325.46744356185
811.6668969974703,5206.145532267119
612.9960110734992,4913.11801483271
563.2575798215123,5089.71039807721
646.3251781435563,5054.528508658652
538.2400212581815,5162.11925992101
908.9984531842398,5101.497223273364
651.7838374731242,4957.579668446688
545.741728856392,5096.929861227755
693.6950075468833,5251.446610002857
523.8504851053499,5067.513877541474
796.4626893600425,5265.532180766725
795.2049980282571,5055.420144389446
684.3637222692818,5005.723924560755
820.6474527631061,5229.565955071723
806.8832935992747,5201.014451100378
672.4014675432377,4985.713918879342
692.5146483156045,5142.058301476584
540.1871003508213,5179.897928105804
835.4062422883253,5235.9691079002505
742.9187041512237,5305.268500048215
678.2881715865144,5284.633162548644
471.073035230143,5374.208848993212
329.43293784426453,5080.557063587095
571.9378275287745,4984.798836602474
414.5905039920044,4863.911993309412
417.8388674792491,5302.418303690689
276.50478808320895,5081.917979903432
540.0667200612429,5147.701750730643
681.2212393032476,5244.048072252917
703.6874818615527,5317.4980328138045
359.17648265570085,5385.045529196794
364.6577447117443,4964.550012950871
675.9474949451845,5336.944809231551
396.1555471256162,5294.779012924577
334.1694818277282,5076.203839321344
348.33462304541877,5251.42735511219
436.77025911629016,5448.297227839372
509.0569006406681,5194.3653485071645
619.5894709503489,5218.921437918256
131.6181516907459,4974.101613706459
483.90406145938425,5293.5698293938085
158.5609885799364,4936.184059261979
332.0187548031315,5434.534776672286
396.62663087481474,5198.773234206645
215.78524587810136,5285.127622085899
491.6100495931711,5167.285926350696
-6.8151401263755815,5069.901644707086
299.09713534987486,5074.129791442776
167.2804430779155,5099.658537388264
129.6191738804148,5171.477030167276
251.14844222254555,5176.6893438354045
120.26274579252072,5112.847039882536
359.13393016438044,5340.378224706197
69.47762814622138,4932.171823779793
422.094745744203,5327.719178174357
429.03343869110086,5188.127166850687
197.35558023372187,5213.233859531767
292.99135818109585,5119.309780329594
366.79887854225854,5264.946927056403
-2.0970236220171046,5264.5671970370495
-140.17876237942392,5172.090312733819
-111.67301333240448,5185.747895099114
85.96033533196885,5158.75043825907
9.557791883669552,5406.764193706764
-20.189415374554528,4936.386435326036
-58.96093817922008,5020.432049611673
51.45019238940495,5338.1152011419035
64.75599525304222,5146.350131028615
254.51509487496298,5259.074104365523
-36.3339348549091,5162.64965330517
269.3046203514929,5287.807229322897
-323.017236975523,5058.3979476837885
81.3723718944292,5382.451682682931
75.04385267042892,5250.350702977767
98.90111484086322,5192.51320331476
-230.7599147390648,5011.029023258479
-113.681303964785,5163.127400479193
-117.5905126022335,5175.550896990737
66.70961446614558,5191.640045513478
-1.9707083940888879,5007.939137289776
-109.48997852419257,5181.98352753403
-26.22469043406545,5331.981479755742
-259.0203070811774,5127.3423338555785
21.568502991929336,5367.486315135431
-296.25478406896855,5290.088470513863
-203.86308904025304,5227.223906179626
-230.45331825663197,4927.658993724598
-347.5637883348679,5087.4313137579675
-293.64804762667563,4985.923791158621
-11.831421096400618,5117.196222788778
58.098446724916585,5185.824148782014
-227.0500614271075,4930.268671388994
-137.34539430741847,5215.997871442494
-256.3384977829277,5104.014450322447
-158.56529178933147,4862.786716515106
-270.8057071770661,5128.583389795817
-47.80600258709035,5237.024494960678
166.51641892246334,5207.535301474145
-34.244764981350954,5184.831052836276
-184.65399838076974,4906.532028194803
-128.95687887888653,4845.258845892804
126.47141871001293,4952.551581562295
-196.0214648203904,4920.878563094176
-284.64919720078933,5127.118359857828
-187.0573542791925,4913.435365447785
61.01978047962393,4887.049287258382
-273.3018540301056,5069.654889492466
57.64111897968712,5118.976834608106
-360.7234994996918,4829.208153559076
-284.36748427211046,4927.558525626571
-2.3296869552493717,4986.253748228928
-196.1737481277347,5030.751949180743
-393.75182662235886,4759.763928499986
-91.49125545064032,4885.159822724863
-90.31472679060016,4842.284028864827
-145.57873800828497,4906.966346940753
-388.1736249327895,4631.649934407895
-10.981028350515885,4808.1072415128165
-225.5462636795745,4742.284510170369
-76.73896670275622,4656.260913427619
-10.68599189721067,4674.76625409466
-83.53161603529361,4987.134686030436
-98.22042241324493,4890.758404724127
-335.42120757690043,4602.51002825428
-451.3193523911874,4598.414259230979
-220.00804088363782,4674.4108421849305
-245.225863990535,4706.115895893095
-45.50963741164753,4772.183801625797
76.87010696295795,4811.886184849708
-126.27750146074754,4492.9857518748595
-303.3570209091181,4548.009350743222
-406.6718821443101,4592.436834342131
49.9034332872526,4513.438478748225
-117.55501900002776,4700.738037658872
-248.47336438196442,4695.08278556484
-345.5578106209549,4628.195887369371
-219.71908161404087,4468.994207630367
-204.92300177324523,4850.953814370592
66.75058336407108,4635.937918386348
-327.6331367385062,4456.733497616779
-90.1364488716797,4527.650671866405
17.61596742284189,4649.412379228048
-181.8244006892602,4471.749259557913
-120.3410349712666,4715.149316481976
-158.10354371307653,4631.0372100404775
-209.97100383700126,4484.666645783497
-167.91333677461614,4356.297346170704
-306.9562699033514,4485.273192194027
-90.17489775680576,4446.987666469024
149.17035339340703,4653.391151073335
-192.06308004231494,4365.631409116415
-77.82900807688213,4698.349467956432
73.66852476131646,4442.334141971554
96.59651646674286,4590.856739895178
8.074110686879976,4678.635289020303
-346.2508559352133,4362.858038741355
-148.88212135095478,4298.51951329899
-381.74867122047283,4377.152487989547
-207.477086997107,4359.324361910388
-75.40833956005133,4176.676188311631
-69.88764293071529,4581.722143623316
-132.8337729043144,4243.802712991086
-174.5952792069702,4524.62070759884
-238.08568881334588,4265.877649388109
60.99826608329374,4251.823100158669
20.098382448264374,4359.001479093024
-195.75394019522946,4013.6094300382674
-365.0576409816955,4297.85959077279
-165.54339298046875,4385.373012686325
-177.95765615561834,4097.4248559057405
-105.68339992608583,4175.108073484997
-254.43119672094838,4419.538533582996
-177.9459923318201,3954.82944030595
-174.44605988915453,4235.411910873347
-356.7154882506237,4228.792276894714
-24.340633065101542,4166.49991540044
-153.16473182069785,4264.1617858547515
110.84627531987712,4334.185126451695
77.58525904894577,4250.849986761487
20.6153695056056,4125.306699750831
-29.98415241624582,4334.98093648459
-4.033492653486405,4241.931652546818
-220.11584917180608,4220.163505365615
35.36564573633473,3920.702086108072
64.09204218283128,4171.642620876688
-129.999901829784,3940.457055479312
-229.95414443460697,4083.7945432470788
138.56314904803708,4186.105781332501
-415.54244075233714,4034.287936042607
-154.91166850866944,4200.995432364316
-19.244818564927755,4093.6384327904425
-352.6958962810238,4044.2030842079103
10.259256847636834,3840.372490596452
-215.117595033288,3903.174615542446
-90.9286779376472,3847.8825513108095
-338.60349416666634,3970.05506086853
-300.7080179423464,4002.5992844227176
-101.53712746030783,4095.436796737352
-399.0010087671227,3764.7072009463777
44.76343423450999,4013.011874949396
68.02107084258853,3948.3148372895344
-320.9175317910808,3957.7771371975005
-133.57572441748187,3969.191025365338
-162.0966689279296,3687.6970501645874
-264.95368638491504,3744.4055330857864
-6.797427802868697,3902.280965869058
-240.6832191023177,3731.8376816474106
6.208800343673147,3899.6124851547866
-135.7648498897331,3723.555406049682
-366.1415268469127,3736.6121856622485
-149.98784640555823,3788.9969547716814
-223.78802978624128,3640.8251833893128
-144.14309552269015,3920.057787673762
91.90321896310513,3917.0405371995575
-337.60502622585796,3765.3132923881208
-347.3626720339745,3718.998049755366
-436.5756786083863,3660.5954392152134
-79.6061491544043,3838.572330316803
-278.56952317880746,3934.862440889945
-312.5735621804654,3659.5902445177194
58.320819318885356,3685.636485802025
-116.27107115948058,3535.1755926865562
-467.88323583119734,3609.4886751711947
-239.94641287455192,3648.1569706691826
-128.5763258917342,3559.988768959324
-212.31276680411656,3746.3907870378084
-240.57720172692143,3710.3277214721556
-121.22156224994194,3710.1137250441184
-290.0577153090329,3421.561013507504
-186.248652509757,3819.790933138681
-124.03062530158638,3666.2358276046707
-155.49932542709826,3756.883336577636
-52.45511813816779,3478.4636652319114
-7.1754163691465465,3638.2756234111084
112.14927183294321,3777.696568376253
26.478506377352346,3586.9673116933445
-210.7257917530427,3420.8429669163206
-227.78418925676954,3557.697952124854
-191.26326055628135,3549.3964576294493
22.062320706738547,3363.839444606139
-79.80590081083324,3597.523751894114
-233.51028022436276,3619.577311421196
-219.8523345934883,3596.3056331827815
-143.22269610722606,3579.429702854739
-313.6795739439535,3375.328750658494
-125.36686326498636,3681.3776584615835
-288.7768625494534,3267.9807426673688
-276.7969705890355,3620.7349550397626
-241.23269685847697,3590.4381875370655
-195.9984753167074,3284.2491885269737
-268.2476357297189,3356.896781098445
-178.88229370518525,3240.3626776879896
-134.94640622977272,3395.3233758265324
-239.78834066948116,3502.0920593553456
-160.71903097837037,3166.36463747162
-198.83136117250012,3263.1503074323737
-156.62663253539438,3128.6008495102988
-181.5517400716908,3445.606818324286
-176.28579094725467,3261.5029599029895
-107.13452581214642,3287.377107374337
-101.84566467881928,3094.8505530429047
7.034004861480298,3113.744220390532
135.29289538582736,3365.1718279234065
-231.3699649570973,3160.832081616327
-69.2425905614457,3288.811552238547
-142.7347765472257,3170.9834936468005
-82.50161795162899,3215.851489411418
-144.47746810684646,3143.395750014606
-261.2787130942495,2988.6564908579226
-208.59186467625216,3278.535772438957
-241.11051199352187,3103.6347070983657
-165.39215835259915,3313.354838425089
-163.92319199251165,3190.038286375984
72.75311313318673,3140.9892406634126
-118.37287288835546,3082.5625564936413
120.01670097849245,3222.6807489936828
-143.18788947664098,3158.297487492713
62.34862426857899,3036.2381860936957
164.2351853858944,3034.755997736269
-66.19127284230626,2971.35325271247
-157.9630899506809,3057.8155254462804
-125.90674845378146,2838.9366295694517
-246.5144006637123,2968.511543843464
-16.483429109950634,3010.930690340858
-388.32270978497036,3035.2974199532086
-153.3484867131565,3137.7590527185316
-276.09954137617854,2957.352449427803
27.907839010454836,3099.715105476902
-139.2483535765673,3010.1360167276175
8.047715154006255,2906.630937567808
-237.35079045835357,2859.3348816691628
-242.02511716332197,2804.1051146745444
-287.98824042064393,2981.7041825548195
-253.91946164938156,3065.2254423099466
-0.804029350708106,2898.9692779725283
-187.337627073156,2747.9847166208947
-184.4711608098546,2709.5687782654677
30.857654648503626,3026.886534148989
-230.53608609150012,3063.3615011185
-193.44464970694992,2850.075600446353
-94.55543235463972,2950.864939168713
95.68683420815466,2786.377516417296
-315.1046653099904,2786.042904061821
-238.31964396608578,2806.106290244904
-156.95664631960744,2919.876381974054
115.4942349471184,2829.5354595724702
-63.16611024241115,2828.771645578544
-328.7681217320103,2920.4802623130468
-26.002915961125836,2873.0930335040516
-61.14960877943241,2811.869282956318
-276.54118350031194,2970.0881699445536
-68.75182887610003,2736.7522332148296
-3.6176496099529913,2615.4177543884243
-375.38851753485517,2747.635380802626
-366.5222099003363,2794.2165837704392
33.09859599034132,2721.5698548207165
-146.28690715266782,2671.978326998439
-92.74085419846733,2649.342834869439
-163.47840453149627,2839.8355628963973
10.193333549205647,2724.0191460532765
6.35323875255807,2752.8838365308875
-49.96105712380768,2591.997094158281
-130.562180734594,2575.9876676518656
-103.66667759026404,2618.593581251621
32.76050629617737,2666.2787395849446
-19.502425960864457,2364.662533687042
-6.449425949601505,2611.6398589420514
-364.2735623385321,2423.3204193552547
-83.04458258290299,2535.144726988625
149.2930500726053,2537.1697005337955
-26.896434159476826,2603.8956287267656
-70.14367225536535,2437.333926303679
-214.2008407817341,2570.823861021625
-299.83017569697785,2532.002519551299
-70.17958045370074,2613.2420931794004
-319.3273045190606,2516.211010665518
-252.75515520127908,2498.998307881826
-54.432117804539075,2506.106325523252
-194.1432052431603,2224.530604062181
-151.68476063197102,2516.014756380451
-102.91653726415132,2385.2385198047796
-67.39412125976907,2485.200406242659
4.477588662323569,2332.884159893387
-68.69342283361243,2358.676910680705
-397.85967265698133,2200.400878225165
-56.482482515118136,2486.794854202629
-59.10826563823019,2368.4957840127695
-232.7792941202677,2408.6864200904015
-147.32155126271414,2225.7160334268324
16.33556314850199,2422.4164101768474
-148.48789261914243,2152.97088453891
-249.9386328553561,2141.0132774345316
-280.6841083862325,2335.9106654273587
-153.62375464932063,2109.3258207312147
-76.33917313465082,2291.1839995351493
14.277971665136363,2152.199932503253
-186.97367819839394,2218.5779235887567
87.64780296272096,2190.7950755612687
-401.3762293271223,2315.731626640079
-219.9344423029608,2218.6034454245982
-128.1097495436564,2173.788554493855
-145.7457390424446,2212.8506128193635
-126.25065475851187,2233.227760488672
59.828403511971544,2285.8045630112547
-151.65804497717704,2283.8917806092604
28.59823485054517,2070.6836975043093
-359.5498686876899,2135.861908756959
8.370417065855861,2025.0097734324656
-116.86212510365561,2158.180831929927
-278.75364347395765,2098.541525538777
19.955143451463016,2148.3402364221897
-139.98387651583676,2107.748247174034
-186.661988286741,2035.7697317463078
43.58987422892011,2087.9172605681383
-180.50903438611164,1907.9854506917977
-30.365030288179526,2064.156199427729
-145.13433093645847,1895.4813677306558
-190.84427241253394,1971.3232628203764
-202.53157139067048,2148.272272815423
19.06683930208095,1954.8148660927766
-221.85764385829492,2034.7067357259307
-120.05130411489739,1960.4369925823626
-243.6202063113185,2079.84741551287
-7.863208855192397,1979.5121278991974
-171.71479293542643,1922.1404010316212
-325.37074780468413,1965.6695768405175
-308.6367621822406,1894.3491610402564
-114.73221665820142,2030.2376116003563
-147.8106659352331,1791.6973849241663
-205.91680180154037,1867.7923329286402
-278.27569176603646,2048.722655435028
-228.82981795292358,1892.4599046788649
-231.7128507242645,1856.8354598385863
-82.98220649182576,1746.5607701735257
-304.6290822753977,2049.172826477493
-16.520412913362293,1965.7769984900212
-107.53645204429364,1891.993477235043
-69.506271924759,1814.9711607533236
-221.48389800201403,1915.9541977948347
-293.9355781590064,1746.8495110322694
-96.00796532244766,1917.2830694296433
-248.1321684409475,1711.3385431409624
29.71313673904126,1903.1810440929899
-339.5069794428837,1894.4729956076324
-79.37275765326302,1594.2743126755418
45.09661074534176,1871.9206449962437
-223.29281787842604,1809.3738530783994
-326.9323366811257,1809.5680020867107
-209.02506194890418,1766.1352986263846
-198.2569042410891,1741.3876369965285
-138.48175739942855,1729.6557197543943
148.29582013902538,1603.7817174503457
20.22484669029899,1777.23195284242
-343.11887590082523,1530.9496484455974
-253.67559844658928,1603.9781732729134
-117.88951642538098,1647.8988549008695
-282.46776938245904,1595.3547143347623
-296.031640025145,1706.764298893311
-33.12569628565092,1592.3922465957316
-412.48787861698696,1641.736561299203
-249.22655618332033,1661.418765104876
-87.97760015069673,1423.938029751083
-283.42712737219483,1467.5750915708422
22.085127567923394,1368.227679881315
-221.07719615807542,1529.1399323423466
-239.29452898768415,1412.5393156402106
-143.49495534040813,1622.8401845184767
-268.6725122549152,1467.5982062414878
-215.12586265798507,1425.1930480504623
-35.70403034175729,1513.258806643984
-18.721488790705394,1514.5689583621822
-105.15120680733696,1547.7845499886575
-290.37399850948424,1355.0591913867538
3.574160617228358,1266.2346510886946
-8.37057279576186,1550.8379662883794
-13.631181692573762,1303.1011438600294
-224.31964806347034,1286.2287246227772
-85.80796045928713,1298.7428713895742
28.69555220223296,1363.5817256753003
-222.58308662551457,1357.2356195651548
-5.098801660849034,1093.8438519381775
-36.57089197276645,1454.5467085704367
-283.1465494411061,1377.6057988969108
-33.238406536616594,1503.4356095999992
-281.8478799901472,1334.8444910757798
-320.1849918377353,1351.4446519959765
-249.6265682607248,1348.9227826623105
-29.931602688250223,1324.4802534737623
82.68656700250239,1228.0596123535477
-183.37544432887427,1241.2732323736511
-302.3776027851299,1233.319795907179
-87.89981104155953,1369.1707290400022
-253.63604802961817,1193.9628503288482
-236.05547797394937,1306.979715250672
-114.1319984038567,1366.3824755580736
78.76801936904386,1107.3255597338296
-16.440032052007126,1111.164751106618
-115.802731239611,1025.2245033230333
-159.71619620991817,978.1341564445004
-128.35571729067686,1035.5523414981637
6.015364502152579,1137.093425278147
42.00750277994814,1124.2903940977296
-396.2088095208878,1269.833550901348
-220.88624443561727,1087.1071094546323
-4.605377001691522,1018.6158144827564
120.32607945110601,996.8776374705258
-254.62764003730598,1058.1931461881782
-319.26759114295294,851.0658310244132
-197.3316966672695,1167.9728003119246
-98.59788671815824,915.4576584317462
-203.9596598850408,1192.822719367394
-338.6005781140901,1117.0990604949304
-67.01151791865902,983.3446358432905
-236.77142048060526,977.5079889646131
-374.3591620210327,1035.714235383048
-53.66393697286125,949.4841462824614
-82.70686300161998,1092.8689264508257
-263.5923214841398,829.1021405413219
-129.39788104132418,800.4046169607254
-225.01150680346197,1122.6832784958483
-209.43883861958952,903.8772758765213
-232.46963337463052,880.8299167784405
-221.76452998790143,999.9832338302583
-34.462674471413834,876.2775433351259
-328.9242077161458,1022.1605700352416
-194.50368457641522,905.344795399416
-434.51173681868545,873.32449594666
-422.0994385762665,914.4902754163917
-244.4688023256585,844.6011132104596
2.235495684631303,711.4636444760006
-424.7149317360751,891.8086395434716
77.8273902586225,698.8783863138285
-43.2117124734001,1013.1954996063843
-394.68755723989636,906.3365444334333
-345.9515390940659,636.9944521098066
-43.125464388206154,835.7799357967772
-162.51226737937856,568.276338077698
-220.5380850504638,589.3336909534187
-253.50279590210874,871.523955472758
-263.1912948333601,729.2674681507583
-295.9090605534532,833.1203810916824
-232.92178629030462,876.1402945471389
4.709422430764164,652.6987114579479
-47.8623491293818,501.2411024162572
-106.8851859083581,479.0636188905079
-180.59521969611208,703.8219814755371
25.955629332539104,660.7116729532578
-201.24172856149687,708.576989268833
-299.68024940204276,651.4310422217283
-147.2701949653012,479.8489701459265
-212.88038871552698,619.2957654774714
-114.82264332072768,754.7623141839341
-293.1911747257142,786.9726143218991
-88.26882192798811,640.8587571218052
-122.61699104978753,493.4935528427711
-141.551514947513,402.91998677576936
-34.700681784926516,419.24057113484525
-170.09963436078792,326.30285588889296
-96.86131773173085,569.9344368725822
-207.24318902827258,627.5144951364881
-71.89118191596579,254.17628543907983
-163.75621616967913,404.1065251322573
-40.143007984465015,342.03027673220646
41.12221833289652,339.0935232311272
-222.466507125686,517.4450449710529
44.322687949966735,408.22045807295433
-245.70173024353176,299.7787279422363
-46.932996453521454,266.7134677679362
-15.314017134528513,415.6642203267038
-259.8072112404442,249.47224612109773
-267.1395438505219,329.44486287944835
33.83588649741755,369.12125036417274
-142.58142766472852,306.9487507411099
-224.9115103266506,462.2473124715649
-276.38964435639673,483.66584561074586
-297.0334952649169,147.47335742295462
-431.66413560994425,508.9261609218978
-374.4568263907738,336.4345754618146
-208.21077967621687,272.947022115554
-179.21606981350473,385.4739787387028
-53.64802932359346,222.36644693852327
8.804110425578543,165.06346468199303
-261.6175493969973,300.2903693312183
-154.27200459229974,334.90118363747183
-418.4770040324514,393.9073804637842
-180.18802309246792,136.25057953653103
-200.76403514543452,273.60358673355546
-129.18024997295214,186.86949003554284
-325.899196945257,306.76416483680447
-232.11736937626523,451.0590848917095
103.79669557440901,43.37545472727186
-182.6027091306288,20.518569920660642
-355.01415244109296,165.6243696594621
-264.66088830188625,134.03858642965704
-391.65930419956237,173.7369836007295
4.987719749900975,45.45142764373094
-86.9133157375743,-31.737839728180116
-132.34632610848598,26.52129101473326
-451.70519871488364,129.09186672110798
-197.16314159431224,25.08972781297928
-310.97323375593106,116.12814493436707
-159.68955428376933,138.29326729906006
26.80219596170012,-57.009986818396484
-61.42893405653089,33.05249590210153
-204.57376855903877,-48.9127194475715
-9.255115357341708,-139.63583734304368
-78.35965346377763,-2.252639370232444
-361.16561087902767,-41.253562597354005
-74.25491674555983,99.25313673480179
-318.0508326441464,-2.5003113304720443
-469.44698004999725,57.00466630145855
-13.568645514773337,-306.06607701984615
-213.9729415902384,-58.935665517133806
-66.25426821214295,-218.1100384315288
-315.86309043221553,-48.755537864834224
-218.06780596717957,-78.70171419413948
14.454368421834744,-337.83990075780423
-16.062003351239255,-73.14501094422351
-250.0559219797639,-18.22715345758091
-62.15171824904505,-228.68836996041355
-247.2138787055152,-181.74202908093727
-91.56095112857483,-62.33758856669352
-183.23470010544892,-212.49045603380438
-35.32103541692513,-277.6842813172326
