-39.74147,350.5719
-14.307276,145.77869
-3.075674,76.1855
5.174503,33.118317
-0.3514439,77.47013
6.7465754,39.76617
11.037961,-20.480417
44.176655,-17.079674
106.98415,9.184517
124.61581,-6.58717
8.871182,22.274143
4.601404,64.79595
33.195393,60.230232
112.339485,39.25089
111.98811,-16.26026
76.78695,-1.8152223
104.32445,-9.877645
151.87569,-6.882809
133.35683,4.850961
104.03447,0.32220036
228.90814,-22.485964
275.03885,-7.021092
230.37918,3.6895647
280.31134,-12.886636
296.73346,-6.445311
271.88113,-6.0660763
223.39441,-1.337491
256.21497,-13.276301
286.93192,-8.976124
317.48154,10.357984
307.67596,-3.1801686
287.15186,5.3936615
240.17207,-13.077073
259.92535,-9.835623
324.33295,9.338595
322.7394,-3.6915765
343.06592,-12.844465
365.45865,-10.199807
351.85687,-29.19998
383.30713,2.8175488
197.67798,-8.795224
310.36398,-12.412928
359.35974,5.7609754
359.03238,-2.4565682
345.05597,-23.415796
428.88382,-17.46919
445.2049,5.4310637
489.91016,-6.4631925
478.7106,-12.694113
492.83334,-10.29741
353.51312,-27.203522
443.5309,12.6283245
450.45935,0.24769455
509.0866,-2.0329282
512.7544,-19.431524
547.55176,-6.8747625
524.90674,-3.6826358
573.37396,-7.3611364
579.22266,3.013648
584.2016,0.39402395
565.8027,3.487058
606.14716,-2.3470447
594.7652,-12.0328
625.72144,3.167726
625.57196,-3.235303
592.6319,5.883463
635.2178,8.692779
671.0199,3.8236752
642.85034,-5.302392
689.9355,-6.244294
802.35114,-13.079606
777.5355,0.9526685
772.1544,-3.6909804
786.9475,-12.498908
795.8251,-10.132156
827.9919,4.535802
760.0889,-6.6087766
731.73145,-28.499327
807.9036,-20.645521
793.4881,-11.388175
659.8947,-5.692653
718.5725,-5.5287404
718.1441,-16.515217
742.50574,-22.820047
786.44403,-13.994239
830.01056,21.869726
814.13666,8.03981
813.8201,-12.072288
874.28937,4.8178806
894.1441,6.6747146
982.633,-15.383326
1013.38367,15.363134
980.6352,8.741953
942.552,-1.59394
975.5059,-0.9929761
936.0325,7.464625
914.46136,-30.505919
1000.0978,-5.61174
1033.8966,4.9670415
1027.0854,-5.214028
926.2549,47.33432
890.85767,19.865074
906.33923,-14.681183
955.7009,-15.332363
988.216,-26.956312
1037.9681,-31.335018
1040.6696,-26.43969
1083.376,-9.380393
1125.3652,-7.161163
1151.8862,14.854409
1157.8071,33.615864
1146.2185,7.631518
1118.635,-15.776418
1110.9352,-24.068317
1128.196,-5.3184853
1100.4542,9.677596
1141.4318,-17.436407
1140.9298,-11.598878
1172.6874,-1.3565645
1182.4607,-14.801435
1367.7954,9.662845
1348.901,27.11583
1315.0822,13.659038
1332.3995,5.3292885
1289.394,15.754737
1229.8613,-13.996773
1214.1262,-8.538328
1254.0262,-17.378292
1214.4852,0.011660159
1201.1272,-7.5317545
1321.2302,-3.1028316
1378.2584,-5.6720896
1391.6564,-9.001605
1383.0569,-26.78927
1378.9961,-4.198514
1381.1508,-5.892925
1388.1466,-14.415048
1367.5028,-19.624195
1392.3481,-25.70983
1392.1678,-22.956692
1510.8585,45.06562
1463.877,4.9701705
1466.1453,-9.9345665
1443.1858,1.6075745
1463.9893,-19.103102
1518.5648,-31.055174
1529.2307,-23.679398
1499.9274,-18.334053
1512.7279,-6.63694
1494.6678,-14.098398
1563.6444,40.67812
1506.6439,29.709078
1481.2267,-21.401905
1471.639,-16.217045
1490.7711,-21.463
1499.8497,0.95847994
1510.5018,4.8749523
1516.874,11.979379
1542.2374,9.148158
1607.9235,0.29537827
1564.4994,-23.168438
1612.1864,-12.660883
1573.1097,-1.3571606
1599.7511,-1.0439382
1638.9734,7.699169
1661.8353,-3.0998514
1690.1154,11.568554
1670.0317,-7.981323
1661.7191,-0.16968697
1655.9237,-4.7753377
1542.8,3.7940218
1609.2295,-1.8864498
1637.2815,8.602924
1647.5477,2.038814
1679.938,6.7034736
1687.4883,5.500652
1654.5121,13.790913
1724.717,-3.0609593
1717.9149,-0.6259605
1713.1707,14.307536
1837.1084,-15.607886
1848.7594,22.262222
1799.2238,15.313663
1818.2617,37.90129
1782.6301,2.7802958
1824.8463,-2.3433194
1823.9102,-8.890592
1864.7509,3.5371258
1863.9579,15.414693
1858.3522,11.827685
1910.5707,73.3206
1899.1783,13.6259575
1923.171,-6.3126907
1936.9325,11.988171
1911.112,-14.048033
1906.3088,14.663376
1877.6593,12.563653
1886.6265,28.863438
1876.7434,14.182218
1881.9773,8.939542
1896.1954,1.177527
1933.4275,-2.236478
1933.4128,6.5060334
1935.3561,-0.80566853
2007.5947,-12.966208
2039.3115,4.89641
2020.7671,-24.516396
2013.8234,-23.3249
2041.9624,-7.3514504
2093.8142,-1.6785786
2194.2568,9.296126
2167.4011,11.147745
2107.4368,11.729039
2142.1504,-15.325211
2166.2468,1.6719475
2155.4678,26.650467
2144.6584,12.824721
2130.001,9.967275
2152.355,5.8299675
2205.7495,-13.510249
2155.9382,-12.200735
2136.4263,-17.627739
2160.4133,-17.002485
2177.5571,-4.2006
2173.1492,-21.489523
2160.4866,-13.1635
2184.7153,-4.3899937
2221.3435,1.1100247
2195.529,13.353862
2256.6548,-12.573115
2387.7778,-2.852045
2366.4927,-5.4801626
2399.6846,4.370995
2425.8306,-7.1727858
2410.6606,3.4056232
2402.5989,-9.061806
2385.3079,1.7769263
2437.9348,-5.600862
2405.3254,-17.307661
2384.1482,12.809448
2265.679,16.826578
2311.6606,8.736886
2353.2874,11.074729
2390.0288,0.41585416
2412.2676,-3.0023978
2428.4744,-19.324831
2446.2583,-16.763472
2435.9104,-13.216994
2435.6777,-3.8861856
2428.2969,-11.933706
2453.7986,35.805294
2455.262,-7.4206667
2508.537,-10.353066
2493.0488,-7.9932437
2479.1384,10.1339445
2475.2046,8.863471
2500.2285,-6.815456
2475.5522,-6.023236
2530.685,-12.981258
2549.935,-6.1705337
2545.2822,-18.50728
2537.8984,-5.1449614
2560.629,15.954711
2562.272,-3.4895167
2632.5188,-2.063103
2664.5881,-5.868934
2673.42,-4.130639
2667.0908,14.94836
2701.1553,9.950064
2754.9463,-0.57984143
2714.9678,-14.658906
2654.8567,11.983402
2655.3984,16.79983
2696.575,3.915243
2731.6309,4.3509526
2685.054,14.316924
2723.0913,7.8764186
2743.1711,7.940121
2750.1575,8.2793455
2785.1494,-21.964945
2695.0994,-6.0484185
2704.6133,3.7634
2775.851,6.9746747
2785.5403,-3.9437785
2775.5996,3.1095371
2729.8245,8.612461
2829.0225,-1.8924103
2823.575,14.308431
2845.2546,12.526176
2855.4055,14.695637
2853.574,1.0791049
2842.6084,3.9746985
2842.854,7.239543
2868.8672,2.811365
2867.1052,-19.17068
2900.1365,-29.31852
2862.7214,-6.1355157
2864.4712,-12.490265
2876.783,-9.321012
2946.829,2.2661314
3053.2444,-21.803192
3049.1135,-5.6498127
3094.8398,-19.622334
3049.6604,0.35513192
3009.179,7.4193997
2983.5403,25.154465
2983.409,42.465664
3022.017,18.016733
3048.5923,13.938136
3095.4238,-15.932657
3183.0186,10.21754
3143.7334,24.040155
3137.19,3.5849586
3159.4915,-13.642051
3178.7122,-6.4354763
3157.8923,-6.632842
3157.675,13.194569
3189.5334,-9.007194
3113.6887,13.217144
3146.574,9.518005
3219.5867,23.577549
3173.8442,12.580342
3225.3423,9.467192
3273.243,-9.964816
3224.788,2.5485084
3225.5308,-12.44869
3184.3713,16.947426
3177.2075,1.626797
3206.9934,-20.354725
3187.3833,6.050654
3133.3962,7.960312
3175.1748,9.66724
3274.4941,-16.788357
3271.3374,-12.751036
3257.443,-7.586442
3298.8306,11.0415
3343.5073,-21.879786
3321.5356,-0.044964254
3314.7964,-15.600361
3276.9236,-12.245737
3478.9197,13.363846
3437.6472,7.109083
3413.3186,3.9339437
3402.3657,2.7037785
3470.3699,2.0659342
3509.9265,-12.630038
3507.8403,-2.9634311
3538.5754,-12.772046
3543.1426,-4.1249766
3522.751,0.3768131
3432.0857,-12.691953
3458.1318,4.592277
3483.8079,12.036302
3485.5183,0.14785677
3519.9973,-2.8469787
3549.3804,1.4296546
3616.224,-16.508438
3569.0486,-6.929301
3566.363,-0.6784871
3598.82,1.015775
3697.0942,2.25652
3689.1172,5.7181344
3666.2878,0.8620694
3641.5034,13.830252
3692.1755,4.2504444
3713.724,-3.4312532
3725.3865,-5.779155
3722.1018,-2.0227208
3771.3894,-10.100566
3773.364,-15.760772
3667.27,-0.13191253
3704.1558,-4.5436993
3783.8582,-19.81359
3775.0889,-0.47583133
3802.2688,-8.821077
3823.025,-19.091778
3832.159,-13.281666
3817.5454,-2.5118515
3816.5137,5.6662784
3844.7986,-8.788072
3843.4636,-6.8174677
3805.4255,-10.963864
3788.0876,14.617629
3823.8398,0.9604171
3848.7195,14.714673
3856.8726,-2.1347032
3840.255,-1.7806516
3829.1729,-14.455877
3846.819,-21.571108
3858.5388,-8.175783
3847.852,-38.855785
3865.321,-12.6795845
3838.643,-7.981919
3812.5356,-4.382841
3785.098,3.3560767
3820.9524,7.9555435
3866.1694,7.230006
3925.789,-20.719654
3910.4548,-3.0111148
3877.5322,-6.8022685
4001.8943,21.760351
3948.4907,10.538548
3949.034,21.603666
3990.7769,2.9231608
3971.9058,0.45515597
4002.7734,-6.757416
4068.0781,-13.853423
4053.7854,-2.1076202
4036.3762,-1.1082739
4077.7012,-19.387714
3982.5652,-26.418158
4015.6086,-23.604593
4042.2346,-4.1055307
4064.1829,-20.910837
4067.173,-6.777644
4066.068,11.752136
4176.9917,-7.5425205
4180.3184,-11.048094
4167.0776,2.9676034
4220.778,-11.690743
4282.539,-26.143566
4196.6475,11.903606
4205.682,15.02186
4251.5596,-3.422387
4304.309,-7.5718017
4326.2183,-11.0167265
4347.6226,-0.7560104
4331.189,1.3480709
4291.041,7.5207653
4311.333,6.791018
4535.7827,56.758114
4524.2876,26.854239
4567.944,22.77676
4523.348,3.0431523
4441.413,-2.1142886
4427.2827,1.2154505
4421.2524,18.830858
4458.072,17.949678
4486.66,15.6918545
4509.845,1.257062
4331.7905,-16.625338
4329.76,-0.71223825
4392.869,-10.972582
4402.8906,7.1072206
4414.7407,6.4558907
4530.965,-31.69272
4577.6606,-31.636766
4519.416,0.19479543
4542.3403,-4.777722
4467.2324,18.297098
4531.2666,39.918087
4558.083,44.209473
4557.701,57.24933
4647.347,35.0349
4638.347,52.479244
4611.343,16.889833
4639.308,-34.84443
4563.0415,-13.596527
4593.96,-8.025654
4618.6255,-25.606527
4466.146,-9.224974
4489.4805,-1.7862022
4491.3564,18.832237
4549.3843,2.9443576
4600.697,-33.603497
4673.206,-30.660368
4704.8022,-9.842851
4742.7144,-8.910187
4669.353,25.395714
4751.697,7.453002
4739.2554,25.803484
4797.219,6.036423
4772.789,29.880293
4821.1655,20.567066
4809.4136,7.4828043
4856.233,0.920929
4813.346,17.221682
4813.114,15.647523
4820.528,30.185617
4833.5015,11.993758
4652.1636,-37.24415
4640.412,-10.8854475
4700.872,-34.88954
4760.671,-21.788143
4815.676,0.33501536
4839.539,-28.755627
4829.4575,-26.58751
4804.6636,-7.9703703
4797.699,11.180676
4810.011,6.0321765
4859.736,9.850599
4847.4243,17.692781
4900.6514,20.063631
4926.9355,16.982817
4945.8403,2.3897364
4952.1343,23.34442
4965.9307,26.058964
4915.2017,37.81963
4923.019,35.496986
4895.869,41.286312
4838.7773,6.1367826
4869.403,19.283333
4882.8276,64.905624
4897.7246,42.615868
4911.729,12.443177
4916.5566,29.111988
4934.869,26.900581
4962.8813,25.191717
4967.042,99.270905
4962.6367,144.87569
4795.0586,3.4992025
4860.3574,33.1245
4889.435,33.86345
4910.7695,76.17209
4887.6245,108.845566
4920.205,73.52847
4976.5522,77.443085
4964.9004,158.15337
4977.102,107.53829
4982.9976,160.19698
4972.685,164.90665
4988.5586,131.47592
4981.6533,194.75766
4977.2314,192.79857
4936.7188,195.79324
4979.794,132.61397
4981.7007,113.61007
4987.4346,137.14455
5001.0796,212.06152
5000.7417,187.22157
4941.49,182.75496
4930.62,293.83908
4959.3354,185.31606
4956.1157,245.73836
4978.355,261.44012
4979.1895,236.1755
4955.9946,320.90472
4984.51,355.60156
4993.1865,359.0465
4976.6167,405.4044
5026.2705,532.81323
5047.415,429.95694
5028.0435,447.21805
5038.55,427.2042
5028.403,376.78992
5029.214,396.79993
4974.0674,515.06323
4961.962,519.3642
4985.0566,429.5107
4958.9854,457.42957
4966.923,443.99197
4962.611,438.65555
5021.4585,380.48532
4993.5415,470.03668
5005.584,495.55014
5005.123,553.31866
5003.203,505.31342
5017.1475,491.6281
5025.859,487.56372
5010.0635,504.17746
4981.729,744.2609
4986.8755,680.43823
4968.6704,746.6474
5003.306,681.1663
5026.537,598.34546
5023.5776,546.8823
4994.2817,652.88354
4968.8564,734.3906
4970.372,720.5842
4999.1284,622.19086
4994.4897,675.6336
5006.752,622.9854
4990.8335,703.443
5009.8335,687.81244
4991.526,727.2061
4973.24,776.0304
5020.8164,732.5408
5014.6396,753.02246
4983.4155,760.6576
5021.1196,773.8356
4914.9146,741.357
4960.4478,677.63904
4975.766,735.2127
4986.4326,815.5148
4987.919,784.4351
4979.886,794.87354
5004.659,831.4034
5002.7944,854.3748
5009.5586,914.7697
4993.249,931.084
4999.5747,1092.0411
5006.647,1088.1119
5026.04,1080.2397
5031.991,1016.263
5032.3047,1019.4029
5025.6963,1000.0284
5011.3013,976.6479
5004.9844,966.0458
4988.368,1035.3501
4988.8022,1050.0746
4987.9023,964.91394
4974.0605,1005.3058
5001.465,999.8611
4990.6724,1023.86914
4975.939,1089.0621
5008.8237,997.18243
4987.562,1028.7407
4971.705,1060.4536
4994.018,1067.9656
4992.77,1077.0078
4923.0293,873.0188
4949.765,965.5303
4962.468,1016.9089
4981.96,1032.8042
4978.2188,1143.277
4997.904,1131.8378
4970.7607,1212.9633
5018.6455,1147.4877
5012.8687,1177.1547
4983.3,1189.6292
4928.388,1045.527
4936.67,1156.6533
4964.5767,1226.7268
4957.2876,1280.325
4976.013,1274.331
4981.723,1216.8203
4998.19,1227.1664
4982.8896,1322.9753
4989.317,1299.5602
4978.0034,1368.6316
4993.4897,1101.7047
4957.6743,1209.2213
4919.753,1266.9358
4880.4106,1278.7302
4977.5103,1179.2025
4981.0405,1216.7401
4930.6133,1365.1444
4954.9614,1360.4668
4974.2188,1300.5769
4977.1357,1379.9702
4975.1147,1306.107
4989.899,1321.9791
4984.451,1366.6104
4972.7915,1380.9335
4977.912,1355.4631
4985.5654,1371.9777
4995.7725,1398.6515
4981.2324,1438.9396
4983.9097,1473.0459
4982.5073,1523.4619
4981.3965,1419.6273
4947.036,1447.7922
4918.542,1480.5974
4930.2397,1469.1927
4924.2305,1550.5956
4979.6147,1481.0874
4968.7705,1572.7513
4975.712,1540.1067
5000.254,1462.2698
4976.3047,1539.1056
4912.4463,1486.9194
4866.862,1627.0837
4947.5103,1550.7646
4978.3174,1561.3855
4936.5845,1681.1937
4971.91,1613.8619
4993.5044,1631.2488
4984.2725,1662.3672
5000.191,1655.9352
5008.706,1720.435
5002.49,1507.846
4974.244,1597.8148
4979.112,1661.2412
4940.742,1789.7822
4999.3657,1738.3135
5007.3857,1742.6145
4986.393,1797.0845
4982.1343,1835.4028
5011.3135,1835.6238
4980.2793,1833.2711
4975.7256,1634.9818
4965.2573,1667.5176
4970.956,1768.5518
4993.8423,1761.9541
4993.219,1779.2023
4974.977,1810.4734
4972.4546,1844.4615
4997.1694,1814.2539
4985.3765,1830.1615
4982.834,1839.5502
4958.351,1714.2144
4949.05,1842.5575
4959.481,1899.1158
5007.9688,1849.0889
4997.9194,1972.796
5002.993,1928.2885
4993.553,2043.8055
4980.2246,2032.9001
5009.523,2060.3582
5024.651,2064.05
5041.294,2205.1084
5014.39,2217.2556
5002.082,2255.6772
5006.716,2070.8877
5002.4546,2128.9824
4983.0366,2117.5288
4974.5884,2200.9033
4982.415,2146.732
5009.283,2093.9604
5013.958,2097.0144
5050.4697,2119.591
4995.343,2179.07
4985.8286,2175.7932
4986.481,2069.2205
4973.123,2164.942
4999.1025,2133.4146
4993.1704,2195.5928
4988.3877,2120.8662
5006.258,2093.4656
4980.591,2131.459
4997.4067,1981.2345
4978.4365,2076.1694
4969.352,2088.6814
4962.599,2114.6748
4983.016,2143.8293
4965.6484,2207.631
4993.033,2239.3972
4993.317,2251.0002
4965.9365,2288.539
4984.8164,2304.581
4991.039,2265.8442
4995.6523,2345.0002
4990.189,2303.5344
5000.592,2324.1858
4977.2427,2399.9324
4997.62,2329.5388
4993.0815,2393.306
5009.647,2370.4067
4986.6797,2465.4343
4976.31,2446.4038
5053.335,2361.4858
5000.2896,2414.4258
4996.5815,2428.1765
4994.2754,2470.644
5005.819,2437.6333
4988.9727,2492.3474
5012.3633,2463.3125
4999.0933,2506.2917
4971.984,2627.5164
5007.5273,2573.3193
5042.7466,2674.9202
5018.1074,2600.7231
5006.4097,2616.2864
4993.3296,2621.2751
4995.4487,2586.3867
5003.598,2519.8477
4991.9766,2523.7485
4978.3657,2552.0662
5004.103,2584.125
5004.247,2570.7122
5022.154,2578.9216
4992.4443,2676.3096
5012.6597,2660.1914
4990.5415,2671.4207
5006.451,2635.5654
4981.8906,2739.1304
4998.4326,2661.0195
4995.825,2652.19
4977.31,2662.0603
4975.7544,2652.5625
5017.4517,2849.2397
5034.404,2678.8777
5006.5615,2749.3638
4989.273,2775.845
4984.474,2781.365
5008.0405,2768.4438
4984.823,2771.3296
5003.6953,2794.4678
4987.856,2811.9814
4997.7646,2744.5051
5043.543,2886.2825
4989.06,2954.1042
4991.885,2909.5212
5007.738,2847.465
4969.7925,2890.5354
4939.0967,2916.4302
5002.511,2840.9895
5006.9546,2850.0984
5024.0938,2783.4124
4998.526,2826.8145
5041.5815,3063.1555
5035.4614,2934.9429
5018.8696,2928.65
4928.034,3021.0056
4952.0024,3030.0027
4993.04,2990.0781
4995.6274,3071.7336
4979.21,3038.3616
4978.567,3072.6167
4962.4736,3137.5586
5041.0146,3148.343
5002.134,3138.4023
5004.6963,3068.5154
5007.0693,3124.7095
4990.576,3075.3262
4952.1074,3139.392
4981.452,3113.8545
4998.814,3050.909
5002.7446,3045.5261
5012.5938,3071.1064
4994.1753,3236.3823
4981.5483,3251.3606
5018.051,3158.1494
5017.9062,3213.2625
5015.3076,3196.1597
5013.453,3172.613
4994.4116,3205.2327
4973.7656,3187.1848
5026.2676,3198.7422
5037.928,3250.9973
4921.8433,3080.262
4850.7856,3159.38
4991.1084,3029.6194
4976.9404,3109.3538
4996.515,3102.3552
5002.616,3205.454
5019.282,3243.6946
5015.4644,3336.6704
5002.576,3422.9382
4937.9624,3409.576
5062.301,3291.8984
5005.2593,3388.7153
5003.8486,3374.62
5017.7793,3348.6133
4998.6074,3370.7363
5002.668,3366.76
4996.576,3385.6362
4932.371,3436.4912
5011.9604,3392.566
4963.2485,3384.2297
5041.6367,3461.1921
5031.0396,3495.217
5044.624,3430.2605
5010.6143,3381.5051
4970.1807,3493.295
4946.5405,3502.1714
4970.062,3511.6362
4999.057,3422.2544
5010.6807,3438.6719
5000.2275,3503.863
5073.967,3632.7668
5016.17,3678.7185
5022.6235,3585.9758
5049.748,3519.857
5007.1514,3612.8772
4974.3267,3691.5737
5019.139,3613.883
5009.12,3550.3147
4995.9185,3536.8794
5012.7534,3577.1987
5023.6416,3691.348
5014.438,3613.8198
5038.9707,3618.1785
4991.235,3636.1833
5011.6484,3604.1775
5010.7686,3532.2493
5012.4907,3561.5376
5026.9956,3600.0051
5005.2935,3719.4417
5006.4463,3699.3923
5036.699,3847.261
4990.178,3763.9624
5027.2334,3625.9578
5004.617,3752.7114
5021.54,3646.8748
5026.875,3706.7935
5001.3,3802.7417
5009.717,3716.336
4988.5967,3771.1865
5000.8916,3818.6592
5012.528,3658.499
5035.422,3675.0737
4978.3667,3703.108
4957.6924,3714.8289
5028.2607,3757.4482
4989.985,3834.9658
4916.137,3873.7002
4931.1035,3865.6401
5000.3804,3778.6907
4936.0884,3911.953
5020.7573,3848.8083
5035.933,3834.2356
4968.747,3960.4785
4994.058,3996.6262
5009.41,3928.6692
5004.5913,3877.4463
4996.614,3885.5374
4964.477,3941.8025
4992.136,3979.427
5042.4897,3920.179
4980.424,3980.2593
5000.7637,3985.54
5033.5156,3945.2446
5021.8896,3933.4165
5034.6216,4026.6204
5005.6714,4067.8445
5004.3745,4106.2314
5010.3403,3996.1455
4972.917,4059.6128
4999.2593,4131.4014
5046.028,4219.557
5028.516,4140.238
4992.885,4131.9966
5009.031,4160.385
4977.854,4196.7314
4954.746,4240.563
4977.884,4251.236
5002.77,4272.3726
4961.807,4308.9014
4962.2686,4278.847
5002.0273,4196.979
5002.301,4246.335
5023.722,4160.158
4991.826,4235.3086
4929.2583,4330.1577
4985.4414,4194.8457
4956.868,4299.5713
4918.7944,4259.6416
5031.6147,4209.5264
4977.927,4281.427
4976.286,4553.1104
5028.391,4374.848
5030.6196,4317.6196
5060.674,4327.5903
5051.738,4390.775
4994.8057,4390.3354
4992.4053,4403.5093
5048.2275,4313.856
4985.3403,4381.9443
5006.0547,4333.117
4978.941,4346.3438
4922.7754,4403.5264
4976.071,4385.3105
4988.592,4419.2134
5035.327,4359.5283
5005.2983,4376.1367
4978.8193,4363.068
4949.1147,4405.3774
4950.0073,4547.514
4948.5645,4566.4814
4998.054,4603.277
4987.8887,4567.981
4960.488,4590.83
5017.211,4521.3525
4971.6196,4561.8203
4889.7305,4634.036
4994.9463,4545.6567
5038.388,4474.561
5019.9346,4466.4443
4945.9736,4597.7197
4913.543,4570.5684
4950.8013,4641.172
4941.0884,4691.557
5030.672,4552.782
4967.866,4703.026
5004.219,4627.278
4914.1196,4694.306
4938.2954,4576.4673
4917.906,4600.8633
4969.367,4599.0454
4840.66,4959.1274
4970.523,4740.565
4963.9233,4821.982
5021.443,4751.483
4987.8394,4821.7295
4912.3965,4843.2153
5017.663,4732.259
5033.092,4632.3857
4913.6846,4828.7217
4993.7515,4792.6484
4919.703,4826.163
4970.1646,4783.2275
4973.3506,4804.918
4913.3125,4934.384
5032.4785,4868.918
5017.187,4859.013
4990.606,4845.12
4950.142,4865.9517
5004.337,4756.137
4999.048,4814.956
4858.5,4996.7295
5016.0225,4884.3735
4870.0576,5008.61
5021.58,4867.6025
4992.727,4897.9478
4920.424,4908.0527
4921.6216,4910.6685
4943.018,4927.3394
4867.8145,5004.1167
4931.4688,4905.132
5016.1445,4861.094
4843.3267,5001.0396
4832.56,5005.2915
4862.2583,5001.7915
4919.232,4970.5186
4893.065,5004.5054
4911.914,5018.7393
4941.0454,4909.431
4896.8745,4916.966
4867.6675,4988.956
4591.1626,4999.241
4751.085,4953.1006
4804.432,4987.3716
4895.0205,4869.5166
4738.067,4994.105
4811.0874,4985.655
4876.9795,4944.779
4723.0854,5004.173
4842.618,4995.9673
4936.5977,4872.9194
4760.063,4903.096
4601.6245,4998.487
4847.722,4920.1646
4781.2437,4984.3496
4800.924,4997.7026
4845.4478,4995.437
4715.693,4992.2983
4701.456,4996.975
4732.7993,4987.038
4834.5303,4970.4775
4596.4956,5003.2783
4636.9795,5007.416
4622.8994,4999.069
4767.757,4992.4473
4776.6987,4943.9375
4744.17,4982.1772
4728.1294,4970.4863
4512.326,5003.4766
4607.4434,5006.489
4691.36,4989.4067
4664.606,5001.791
4653.394,4984.599
4485.03,4994.976
4532.887,4979.415
4497.581,4980.355
4378.116,4995.559
4416.032,4992.251
4379.619,5001.2207
4486.574,5001.251
4649.6025,4980.5103
4540.304,4995.0195
4679.755,4916.838
4434.2295,4994.918
4383.894,5005.096
4501.9653,4989.7925
4507.9346,4987.1895
4393.322,4991.6694
4402.872,4992.1245
4317.2837,4999.0664
4351.635,5004.9897
4566.637,4993.6797
4434.2144,5007.932
4587.3945,4969.7163
4276.398,5014.348
4446.9746,4998.5044
4485.8945,4987.8374
4398.829,5003.419
4439.521,4990.3804
4469.776,4989.748
4243.252,5017.567
4237.829,4991.601
4233.783,5007.723
4370.785,4976.092
4245.5483,5007.2163
4354.9277,4999.573
4258.016,4996.0454
4255.787,4988.9614
4123.054,5001.566
4274.3013,4951.436
4200.518,4986.524
4069.1045,5019.4365
4225.224,5002.4883
4255.939,4983.8984
4133.235,4999.9966
4129.604,4994.1445
4280.7593,4986.3784
4086.9492,5008.652
4057.5046,5002.604
4110.97,4991.194
4111.476,5003.525
4060.422,4985.7544
4065.3406,4990.2676
4167.4355,4996.1655
4062.917,4993.0103
3981.8408,4989.8433
4160.5903,4989.935
4108.2983,4994.4355
3977.845,5011.7446
4066.9539,5014.1577
4007.6885,5016.7095
3977.8647,4983.85
3943.3926,4993.85
3911.7454,4989.4966
3903.7358,5002.139
3822.8762,5010.1675
3904.0366,5010.325
3872.6758,5013.122
3962.8196,4994.124
3900.7205,5009.571
4034.3784,4977.604
3926.2522,5014.3384
4045.318,5005.216
3858.2253,5006.4014
3944.521,4997.7383
3965.177,4992.9595
3713.8772,4999.1772
3805.7576,4997.7607
3772.9106,4997.2666
3744.4011,4996.3726
3789.62,5003.8057
3912.4524,4995.8296
3828.2983,5004.4785
3733.993,5005.491
3694.1284,5007.137
3889.2576,4994.1777
3728.8875,4994.3735
3807.9397,4988.3135
3764.1794,5004.64
3743.2532,5002.549
3684.4854,5006.481
3553.4177,5004.8486
3563.7627,5011.362
3569.1602,4999.964
3557.452,5015.457
3613.893,4997.523
3727.0947,4983.815
3756.699,4992.0625
3699.0247,4996.749
3553.8394,5014.456
3637.4238,5001.689
3563.1138,4987.377
3617.6416,4991.7915
3608.5083,4995.6943
3563.2778,4997.5825
3606.8513,4988.5483
3579.2046,4990.6865
3561.711,5002.406
3545.4348,5007.1025
3540.4595,5007.2124
3494.2412,5014.3228
3469.0603,5002.2046
3529.1272,4993.723
3413.5798,4992.9463
3435.0532,4985.7017
3422.2104,4950.285
3284.11,4995.0786
3430.3079,5003.535
3515.7708,4990.105
3443.5193,4994.3555
3367.2449,4997.591
3309.2197,4986.3096
3265.6892,4974.761
3212.7761,5014.9834
3280.05,5006.2065
3355.8086,5000.433
3300.4104,5003.93
3353.391,4996.383
3389.1853,5003.1387
3326.057,5012.714
3391.919,5005.8413
3155.3005,5027.303
3267.5686,5008.216
3319.3523,4987.5933
3365.942,4984.165
3323.9329,4992.3145
3303.287,4973.708
3097.662,5009.1606
3173.5083,4990.051
3212.5598,4990.226
3134.6458,5003.637
3294.9536,5015.9575
3186.5996,5000.381
3094.5378,5000.8984
3109.9937,5002.0723
3217.7654,4986.8857
3137.2046,4998.8066
3198.115,4992.0874
3152.5662,4976.709
3063.368,5005.636
3166.3647,4945.9497
2957.273,4996.644
2963.9106,4984.387
3015.4016,4989.3145
3135.372,4962.0337
3047.0698,4995.5635
3084.6035,4967.4536
3069.9077,5005.1343
3007.9587,5001.1094
3001.993,5005.699
3007.4902,5001.209
2877.7532,5016.523
2936.64,5004.8657
3002.0117,4999.216
3097.383,4985.6265
3035.6062,4990.4775
2889.3071,4995.9956
2794.3762,5010.1973
2957.1714,4992.044
2962.2751,4991.228
2863.5493,4999.8843
2838.744,5014.07
2790.1682,5002.529
2867.3328,4986.5063
2773.3303,4998.7964
2913.2793,4988.4077
2838.7986,4985.4136
2874.3208,4990.4307
2801.4065,4999.244
2755.5469,5005.802
2704.4524,4995.035
2661.7166,5006.5894
2760.0017,4999.185
2682.492,5000.461
2739.1,5012.7085
2636.451,5014.0845
2674.5615,5001.713
2693.132,4999.621
2735.778,4997.2983
2780.712,4998.7485
2648.4731,5019.8413
2534.1084,5024.5474
2661.618,5010.7275
2751.3936,5005.59
2650.558,5005.1724
2712.819,4965.5796
2650.6125,4988.701
2616.2478,5008.0615
2569.5923,5014.069
2619.6577,5003.464
2591.237,5005.4463
2564.7666,4998.1147
2525.3577,5008.601
2522.3389,4990.084
2593.2432,5002.501
2479.4155,5018.162
2515.0864,5009.095
2560.7034,5009.744
2580.3694,5017.0854
2520.9224,5010.231
2467.637,5000.383
2307.9238,5013.7524
2426.1304,4992.447
2392.3286,5006.2295
2401.0554,5001.4937
2388.7913,5005.0605
2423.7478,5018.1626
2331.3604,4995.905
2317.3228,5007.9614
2397.0244,5012.111
2370.668,5009.405
2515.9067,5014.8076
2339.8254,5015.866
2324.578,5002.452
2385.15,5004.353
2405.234,4988.095
2423.3726,4930.56
2228.9656,4999.9346
2211.2373,5012.325
2224.6426,5020.6753
2311.5256,4985.184
2079.6155,4992.601
2078.4565,4990.772
2256.1257,4931.568
2156.6584,5002.184
2156.6367,5011.464
2163.8545,4998.063
2269.3638,4991.7524
2250.885,5006.77
2213.457,5006.143
2221.2136,5007.0957
2179.271,5013.854
2074.9038,5009.9014
2210.4854,4994.301
2154.841,5001.307
2195.1897,4999.327
2118.4058,4996.002
2125.1985,4952.877
2133.9731,5005.1357
2098.6565,5003.6875
2120.1394,4996.56
2078.2322,4990.5547
2024.0455,4996.656
2000.762,5016.411
2072.0154,5001.9033
2029.7686,5003.2896
2063.287,5002.5854
2085.2676,4991.9106
2131.2651,4957.3906
2108.7236,4958.957
2045.528,4974.445
1919.9552,5021.1226
1970.9054,4994.3135
1960.2081,5006.9146
1928.4597,5010.527
1966.3698,5009.08
1968.5366,5006.678
1848.7543,5006.172
1902.3383,5015.0103
1893.1019,4996.8164
1961.5299,4922.3643
1751.1925,5019.966
1816.1877,5005.6875
1807.4739,5011.827
1885.8383,5003.103
1712.6516,4995.8467
1854.693,5015.1255
1890.6832,4999.206
1758.6869,5000.372
1748.342,5014.7075
1772.0283,5005.666
1770.7145,5022.22
1696.2555,5004.003
1839.4419,4995.8716
1850.8809,4999.415
1937.0215,4997.5127
1705.2144,4996.7935
1869.8706,4998.673
1723.845,5008.215
1629.819,4987.997
1585.7982,4998.5356
1507.411,5007.0693
1638.7024,4934.0767
1657.3318,4992.3457
1702.922,4996.332
1763.5039,4995.6187
1745.2249,5015.3823
1703.752,5007.092
1566.416,4982.256
1630.1208,4986.419
1536.9802,5003.6865
1725.7266,5022.1978
1613.477,5022.636
1592.0066,5009.9707
1634.1433,4999.0234
1629.3031,4998.58
1520.325,5003.6963
1484.855,4998.994
1479.7665,5007.8843
1507.8782,4954.744
1471.4545,5009.15
1501.8397,5023.363
1484.39,4998.7964
1477.8732,5019.1074
1435.2214,5005.3525
1341.506,5004.9507
1400.1351,5000.488
1393.7238,5002.1396
1496.9458,5005.582
1393.9183,5000.572
1358.5789,4994.2295
1354.6123,5016.957
1393.0923,5004.781
1323.0583,5004.678
1304.9606,4996.895
1329.8372,5007.678
1243.6525,5001.541
1270.1404,5014.167
1269.6818,4990.651
1296.9249,4986.874
1254.3643,4989.0103
1176.0153,5010.9424
1255.7273,4998.93
1230.4955,4989.319
1248.5531,5002.0933
1328.1161,5000.832
1186.7052,4997.315
1225.6184,4982.44
1299.0049,4983.643
1135.9662,4985.393
1163.4707,5005.9985
1054.8224,5017.8105
1070.411,4994.668
1040.9291,4925.536
1179.4924,5001.91
1102.4841,4996.668
1086.1764,4981.2905
1107.1418,4983.515
1125.325,4994.6895
1093.6252,4987.8716
1083.9987,5012.337
930.88464,4993.511
915.3653,4983.4214
981.38354,4993.961
1100.5869,4992.875
1045.6238,4952.531
962.82025,4992.5156
949.4747,4991.21
983.0978,4988.9194
973.74603,5004.705
1065.6908,4992.2627
1014.78973,5020.4736
924.16003,5001.797
1016.37805,5014.09
866.8035,4982.4043
854.24225,4982.5137
826.9426,4992.921
960.6046,5007.5566
950.17896,4980.779
970.53406,4994.061
887.2895,4996.31
838.4223,5009.913
925.0073,5014.9077
788.37854,5001.955
859.69794,4988.9805
754.9323,4995.9893
845.02747,5008.6035
858.54913,5000.4165
716.9218,4935.553
681.7344,4983.8833
732.51965,4986.3423
718.27936,4987.6523
867.4023,4990.6323
682.827,4987.129
604.9722,4984.8467
770.2179,4995.5405
696.9117,4996.76
754.05164,4988.532
785.70917,4990.4375
677.6861,4984.0044
734.0075,4993.213
844.33167,5011.38
716.5374,4946.3027
790.59985,4988.113
678.8142,4991.526
734.91486,4995.042
689.4656,4996.402
651.27454,4999.686
678.7474,5019.0635
506.7122,4988.058
554.16364,4988.104
421.89066,4912.292
480.1328,5002.882
456.8329,4982.716
511.0945,4968.412
585.5265,4996.094
713.35333,5000.3774
544.10944,5010.8037
370.70905,4983.802
570.24066,5003.794
516.24036,5007.59
491.40002,5006.4106
431.54388,5007.906
576.9349,5018.1694
507.8654,5001.1426
553.20447,4998.586
322.22348,4960.7734
400.84473,5004.0483
254.40477,4905.1353
385.72424,5013.736
376.44498,4986.6504
312.68884,5022.5015
417.3374,4995.6772
279.56683,4995.1226
318.78156,4974.677
308.43982,4989.0093
381.80237,4996.385
332.96152,4995.835
233.72281,4996.5938
335.72623,5001.4736
158.14285,4923.554
399.5073,5028.1846
383.08636,5008.62
363.62112,5007.233
250.83252,4997.779
278.0926,4999.8296
252.59491,4999.863
109.99359,4996.9634
114.25994,4953.0903
215.60214,4983.3135
252.4148,5013.7495
15.675873,4890.147
-4.3509154,4846.219
195.44814,5006.274
92.983025,4936.8877
270.45392,5003.8804
137.69623,4981.5605
161.77505,4993.6694
6.0049443,4880.4575
133.35005,5010.0444
150.26622,4979.7197
56.727825,4974.007
-2.729967,4858.2705
64.677376,4953.8867
17.987118,4899.289
74.71688,4997.627
-10.23531,4788.341
43.92423,4919.5137
132.6143,5007.4785
26.189835,4906.723
60.81842,5011.946
81.25335,5026.947
50.42538,4962.489
-4.969463,4807.0063
15.671476,4885.093
13.55879,4873.868
17.650723,4885.203
27.187765,4922.451
-11.119172,4775.7183
46.45899,4938.1885
45.96539,4944.864
-7.522404,4810.51
19.534454,4881.8994
39.68708,4945.5493
74.89256,4965.2686
53.520428,4974.654
-3.509894,4855.6807
-14.146492,4749.935
49.6348,4817.3003
-4.142225,4780.9575
14.230236,4892.4297
-13.873503,4740.893
-5.1128864,4838.475
10.228083,4877.834
14.959351,4908.05
-14.796257,4741.006
-6.4558535,4825.7856
-5.8564544,4832.6406
-0.6725639,4875.9277
-13.910681,4714.3496
-15.716627,4702.17
-4.225299,4847.9956
-19.036606,4700.547
-15.44021,4496.389
-19.52,4696.0015
-21.361336,4549.408
-23.113712,4556.5303
-26.862547,4590.873
-1.2734532,4868.62
-23.45942,4635.009
-15.548765,4458.446
-2.5445967,4393.9473
-9.848997,4506.1587
-12.977794,4475.703
-21.627024,4661.386
-21.610632,4675.558
-21.340773,4433.653
-12.505576,4414.475
-8.13365,4453.7925
-22.3165,4426.9507
-24.07439,4619.6196
-20.678564,4676.305
-18.514172,4609.2505
-16.738697,4425.5283
-22.6067,4636.8813
-8.106753,4533.2075
-15.632883,4344.6104
-18.045828,4294.6353
-26.863739,4496.679
-25.53381,4418.847
-15.433804,4534.906
-15.605465,4544.155
-26.629194,4481.938
-13.753549,4274.159
-19.22667,4347.7837
-24.138317,4342.516
-14.723465,4531.8823
-21.5853,4390.6587
-26.646778,4538.4175
-26.173368,4245.0366
11.550411,4455.8315
6.706566,4662.3687
-18.087849,4366.184
-15.233233,4306.999
-9.921342,4271.613
-12.143627,4232.6416
-17.459913,4093.7805
-28.431639,4380.7017
-17.20123,4222.1025
-15.408471,4306.799
-18.581673,4159.5894
-24.803505,4232.391
-27.60254,4266.916
-19.498243,3932.017
-16.238764,4125.7153
-19.47172,4232.0005
-16.94806,4010.462
-17.00215,4130.9043
-15.487745,4262.9917
-13.434068,3885.0376
-20.423307,4107.0283
-6.6862254,4068.5981
-15.536025,4068.1685
-16.281382,4048.406
-23.7488,4235.4736
-25.8106,4163.5723
-25.508032,3978.3972
-27.411356,4154.294
-25.846512,4084.875
-21.294132,4189.786
-27.899817,3915.4028
36.902428,4027.987
-22.39801,3948.0806
-22.658184,4034.5557
-26.61787,4105.169
-14.806688,3928.2417
-21.930859,4000.991
-25.617107,4048.561
-17.160252,3958.9048
-22.525341,3795.4216
-21.637827,3764.4338
-15.840009,3834.4595
-14.469772,3857.855
-15.912578,3820.9712
-20.45706,3995.2778
-10.314062,3689.3848
-23.408607,3831.7744
-28.688236,3809.4973
-20.435228,3881.3274
-19.421503,3914.9753
-12.725219,3643.7273
-5.0476937,3684.7285
-20.141602,3769.1887
-14.782325,3702.0579
-23.565964,3747.6758
-21.046474,3715.2441
-14.303327,3633.5706
-19.683912,3682.356
-17.183796,3545.1
-26.070477,3705.5737
-28.01843,3820.2017
-5.0505996,3655.163
-8.563622,3621.2463
-4.8253684,3565.8706
-16.464964,3725.3752
-15.693754,3761.881
-11.613146,3560.9702
-22.828356,3645.811
-19.855871,3487.063
-11.883601,3524.1663
-16.053915,3504.9143
-13.346895,3520.3958
-21.91633,3642.9397
-18.520132,3662.849
-21.916182,3549.12
-17.396883,3393.168
-23.774654,3654.196
-24.177582,3611.9026
-23.76087,3613.9167
-20.40215,3517.3162
-22.317394,3567.9321
25.519505,3785.246
16.66367,3584.439
-26.573166,3388.631
-22.401438,3499.8662
-19.056276,3532.3071
-22.650957,3351.0132
-21.943226,3478.5952
-19.305424,3510.873
-17.608776,3549.6736
-20.98091,3550.6433
-15.059486,3203.95
-24.88248,3548.5906
-17.417297,3245.4705
-19.369871,3477.9753
-16.681253,3489.4065
-16.316772,3303.4294
-15.916973,3302.2512
-16.6025,3188.977
-26.258007,3324.8757
-23.865328,3392.0837
-19.453466,3068.0923
-15.552863,3196.1326
-16.27244,3063.5515
-22.115633,3325.786
-18.289164,3280.4438
-22.149012,3244.7966
-18.290058,3102.7476
-25.241598,3097.2886
-21.267458,3254.3906
-25.102123,3179.4834
-32.931343,3189.38
-29.509888,3115.4583
-28.400942,3159.2039
-27.36114,3118.4253
-20.149275,2975.4976
-24.964437,3202.4656
-21.382347,3129.4846
-26.177689,3203.796
-21.182522,3175.4146
-27.83753,3081.792
-25.582985,3075.8696
-31.826942,3159.0457
-23.963749,3119.087
-29.005632,3055.9146
-5.802512,3021.8684
-33.79263,2980.51
-31.223743,3000.197
-26.12859,2884.3892
-19.55904,2921.9944
-24.410858,2980.1199
-2.4352968,2972.4377
-10.516941,2998.5022
-14.162734,2937.0835
-23.06059,3033.242
-19.444227,2992.0908
-26.666746,2899.0596
-29.183998,2900.8286
-28.049797,2846.7637
-20.54505,2917.5967
-15.197769,2952.6987
-19.072517,2825.0923
-21.800175,2757.7397
-26.13157,2746.481
-27.272776,2925.32
-23.594574,3028.0894
-24.194643,2849.1108
-24.950579,2921.872
-17.998442,2785.875
-23.2324,2823.089
-27.135983,2835.6648
-22.719875,2911.99
-17.820076,2791.0095
-20.826906,2830.8547
-29.237717,2899.8245
-25.333017,2879.9946
-25.082455,2802.616
-24.205818,2903.6765
-27.005747,2834.4377
-26.004538,2680.4763
-29.616728,2750.6255
-40.130093,2882.9915
-28.29574,2750.4617
-27.059837,2734.1494
-22.783651,2674.43
-20.646229,2798.0256
-21.433458,2695.2742
-20.928606,2698.4194
-24.170355,2618.264
-23.301468,2606.659
-23.012236,2571.3992
-15.928968,2646.8967
-19.642487,2437.621
-15.7886,2534.6404
-24.894178,2479.3464
-23.65984,2522.0176
-17.096176,2465.4395
-16.470924,2549.0469
-18.602907,2449.0676
-23.422464,2571.3816
-28.541908,2546.7473
-24.185852,2603.3125
-30.005798,2611.0515
-30.377583,2554.713
-26.44442,2531.5852
-30.7972,2331.609
-28.802082,2463.7935
-25.65235,2396.1008
-23.220257,2460.8352
-20.489618,2367.6091
-22.412167,2344.173
-40.98363,2252.3914
-28.0758,2433.2678
-26.978626,2390.725
-29.885248,2446.9153
-32.21862,2302.488
-25.646612,2357.895
-29.303356,2224.3833
-33.005775,2208.326
-32.07825,2327.5146
-31.807795,2211.6777
-22.560507,2228.7676
-21.026955,2150.7383
-26.288704,2238.3984
-20.862297,2181.2952
-28.447733,2322.425
-31.743273,2304.2764
-28.01679,2236.432
-24.84739,2223.3882
-25.909767,2268.5952
-23.232475,2251.794
-29.785112,2351.9653
-26.311354,2125.1223
-33.02932,2190.0608
-28.66566,2087.9211
-23.516565,2148.3643
-29.617474,2168.0823
-26.905834,2146.3374
-26.18365,2135.5554
-26.003942,2110.1968
-19.693747,2082.1797
-29.978603,1918.5046
-23.598448,2026.5371
-28.655529,1965.6216
-27.04382,1992.1207
-24.936945,2130.8594
-23.318901,2021.9049
-28.084963,2073.8826
-28.159246,2012.5521
-28.059557,2097.1685
-25.799572,2030.2925
-28.131828,1911.127
-30.401796,2016.5042
-35.642014,1990.7439
-33.00659,2037.317
-34.95045,1893.9728
-33.11172,1927.948
-31.737387,2060.9453
-34.26634,1999.0284
-36.02944,1957.4257
-35.4708,1839.7112
-37.35639,2086.04
-29.356405,2031.0878
-30.326843,1959.0173
-28.591827,1877.9517
-29.57858,1940.1884
-34.613758,1869.136
-29.600412,1932.7408
-34.006165,1829.7881
-27.36427,1883.532
-31.230078,1926.2759
-23.41114,1559.9757
-16.36058,1772.7932
-23.833439,1824.7393
-31.137392,1865.0533
-31.598732,1841.6489
-34.24667,1814.2607
-31.488613,1787.1666
-24.593025,1661.6931
-23.122505,1730.0989
-31.048208,1646.6119
-39.0552,1688.6322
-33.77676,1705.5474
-35.618767,1690.2114
-35.012142,1765.4034
-33.071266,1677.23
-37.71469,1713.6714
-35.596714,1738.4144
-34.077988,1566.908
-36.63309,1565.9136
-32.301693,1467.3763
-33.403263,1543.6919
-32.78695,1535.9213
-31.356737,1635.9474
-36.96114,1565.9594
-35.843178,1531.75
-31.188578,1546.8308
-27.254894,1539.0188
-27.88715,1569.9987
-33.020004,1487.1752
-29.397085,1380.9426
-23.028479,1525.5502
-23.355112,1407.2418
-28.534681,1373.5814
-26.414766,1361.7214
-24.346113,1377.0941
-30.193031,1391.3997
-30.359627,1211.0802
-26.105568,1370.1421
-29.212013,1422.4541
-27.4124,1499.4448
-44.770912,1442.1256
-43.7928,1458.6982
-41.816757,1441.4805
-37.183987,1401.8287
-30.290634,1301.7998
-30.242725,1322.0078
-33.812748,1330.1013
-31.454712,1379.177
-34.76411,1312.108
-32.692627,1379.7107
-27.63778,1403.2572
-24.381653,1247.5415
-25.307611,1177.2383
-28.1436,1110.8092
-30.41573,1064.4316
-30.910746,1082.0331
-27.55463,1127.4441
-24.339258,1138.3231
-29.974504,1280.7104
-32.15782,1228.9346
-23.303926,1024.769
36.80162,1017.9153
-23.798422,1089.1758
-31.843037,1022.4654
-30.096098,1168.3816
-30.953661,1068.8721
-30.423328,1200.2654
-34.684315,1207.3766
-33.812748,1123.5024
-35.3121,1092.2383
-51.638706,1191.7576
-45.133755,1092.7587
-39.617046,1118.6234
-40.604843,1003.60944
-36.376343,963.94836
-33.63572,1129.2944
-34.04297,1068.1917
-33.753887,1047.5225
-33.95043,1105.5262
-29.513165,1030.4928
-48.349724,1174.1144
-45.58198,1079.366
-47.68692,1040.0607
-47.01741,1068.4591
-43.064728,1037.5532
-38.171635,896.6631
-41.357353,960.70764
-33.42785,840.4574
-29.814466,969.6141
-36.608353,994.6066
-45.331493,827.1903
-37.377254,914.1342
-33.876076,778.34607
-32.957123,733.2271
-34.54052,880.74146
-34.42593,869.44104
-37.31437,932.90356
-36.259518,965.3041
-30.052736,841.3449
-23.994074,702.202
-23.32218,597.0762
-23.810492,729.112
-19.378588,748.1897
-22.912249,789.2005
-27.555748,788.6675
-26.57108,662.4346
-28.446987,686.69855
-27.322248,763.3969
-30.803009,845.5451
-30.83758,752.14325
-25.47793,607.197
-21.926388,568.7361
-18.888191,540.05566
-18.405243,496.1178
-19.213333,595.2014
-22.368952,660.56744
-19.618645,479.08713
-18.551573,528.8911
-15.5100975,481.35046
-12.778118,449.07843
-39.349422,702.94543
-28.38172,590.0863
-25.774761,509.3584
-20.378754,462.8632
-17.024502,497.70047
-17.642752,462.94992
-20.733103,494.46124
-16.223118,468.98502
-14.911071,445.20456
-19.076094,535.06287
-43.401344,680.393
-36.932304,501.90988
-36.93156,641.3792
-38.77379,563.21387
-33.81662,464.3059
-30.057356,505.7943
-21.93205,425.47067
-16.975477,348.46786
-18.32597,400.302
-18.966272,434.13614
-43.8679,614.0489
-34.852253,479.54025
-31.448826,456.59515
-24.21476,402.70123
-25.247856,461.48273
-25.54886,552.1894
-16.382113,324.82895
-13.782904,265.12
-18.087849,319.56796
-19.371435,299.45526
-41.109695,446.5026
-27.849302,368.7281
-20.997896,226.71436
-15.969649,218.56729
-20.689592,299.857
-18.98326,258.20273
-20.524189,273.4259
-18.399134,297.3062
-11.257455,187.5392
-9.300634,178.22269
-12.696907,172.32259
-4.220083,120.49679
-3.8009138,134.42207
-8.559301,155.45654
-11.203512,184.28255
-9.026751,151.9655
-16.71709,200.25496
3.021285,60.66624
0.64201653,80.0461
10.518953,12.38469
-23.436174,221.96982
-16.360655,181.39694
4.473403,47.604927
1.0897964,92.75842
-3.6793203,126.92455
4.874244,65.09516
2.5173278,82.01037
1.4997274,89.227295
9.102598,27.387478
15.582517,-12.336634
